element,0,1,2,3,4,5,6,7,8,9,10,11,12,13,14,15,16,17,18,19,20,21,22,23,24,25,26,27,28,29,30,31,32,33,34,35,36,37,38,39,40,41,42,43,44,45,46,47,48,49,50,51,52,53,54,55,56,57,58,59,60,61,62,63
H,0.3560609208442911,1.0224585850760297,1.3153801459373966,-2.2904818224779206,-0.5229245880525891,-0.26854831621041214,0.7116113130713533,1.3934692311341002,-3.1963736065031,-1.13034139347553,-2.283275295603559,0.18952248661493537,1.8401325625038787,1.3935183494630066,3.1633857421370295,0.027167711787386733,1.0100947810131333,0.32425074089772044,-1.7692184212065938,3.2991105608356355,-0.41208901546358817,2.801855368332691,-0.5275531610816049,-2.5629770377804415,-2.322569930966376,-1.7752882668857215,-0.2996313529504556,-0.6301295511062183,-0.17421603634876628,0.5370597601271782,-1.5773404583057093,1.4783096725499438,0.36048208974695234,1.401345535811731,0.5346775996765892,3.1008089071244584,-1.5722839376613242,0.6584160320763756,-1.4907754631836014,-1.4914207398166468,-1.2815502976053066,1.3738425299945098,1.6346393748513572,-2.1065826543665183,0.09171316511315851,-0.16168344437097623,-2.950987839892788,-0.82025308021197,0.12626160648788337,-1.7561316135439182,-0.18008508235602685,2.505522967808351,0.09045707485038175,-2.0223550832491886,0.9861714657428831,2.3167993346142643,0.8936050826559615,0.44706304460444346,2.259163171442918,2.7301099683924313,-1.4988931573751265,-1.1420817346904424,-2.1447705887803448,-0.6347258757804659
He,0.0,0.0,0.0,0.0,0.0,0.0,0.0,0.0,0.0,0.0,0.0,0.0,0.0,0.0,0.0,0.0,0.0,0.0,0.0,0.0,0.0,0.0,0.0,0.0,0.0,0.0,0.0,0.0,0.0,0.0,0.0,0.0,0.0,0.0,0.0,0.0,0.0,0.0,0.0,0.0,0.0,0.0,0.0,0.0,0.0,0.0,0.0,0.0,0.0,0.0,0.0,0.0,0.0,0.0,0.0,0.0,0.0,0.0,0.0,0.0,0.0,0.0,0.0,0.0
Li,-0.675805959508917,0.6986153500630525,1.367501314984077,-0.5590088371542745,0.5739900386523812,-0.852597536804024,-1.5167779102787966,0.7758006377731347,-1.861592828366015,-1.2236138819854043,-2.0950936819169916,-0.6399391951992439,1.7054105342617638,0.05742581442825224,2.267560334042837,1.3171791210624935,0.31731011894715117,2.3193403076624084,-1.7123874768800678,1.5327011990580746,1.1214972750600878,1.7999440008881216,-0.7771975424919352,-1.2064495511291655,-2.120973576399115,-0.8477291870814501,0.3901500680865857,-0.2815574818185167,0.6134666289177506,-0.13644276776912015,-0.7257851793055357,1.0682829560532325,1.3075372051973129,-0.9598655006626647,0.7350043271148975,0.20422480520222874,-0.21325840455197353,1.9889079070220046,0.4596585079287662,-1.1946616624999145,-2.51781286007169,-0.8735751734064415,1.4877691950290266,-2.764767543347213,-0.20209884194653022,-1.0507135850851388,-1.5708522092307131,-0.5080412031164355,1.4362108271208645,0.8822691727284387,-0.45724680053449784,0.21492135516771263,0.9548001868522983,-1.6308589842030552,0.34778717610760174,2.1594132663948216,0.7161196132548197,-0.26407500380270454,0.5793380326957214,1.7011119766871037,0.7027362756279093,-0.7737505618033281,-0.9885242372363313,-0.5930046999173177
Be,1.1393046331040673,-1.3495775609050087,1.8828315982163104,-2.2193942801427347,1.478539522774669,0.42797550336632884,-0.6658807577618758,-0.10987488648288778,-0.9196467495140223,-0.2929915772144565,-0.11954895513351416,-0.08842633211555405,1.2811230458784355,-1.6522542658808854,1.2394273774149904,2.6295245005202195,0.1970799546254279,2.4642042006267255,1.834082785989714,-0.3505526720326332,-0.22548988876507947,0.776382596914466,0.5029396300327712,-2.8657423976182947,-1.3634501120457423,-0.18143118679641446,0.014182630551771087,-0.20013873652100136,-1.308198717596898,1.8440555075038896,0.565788881147618,1.1073607709506874,-0.15729112110844004,0.47316238768885294,0.4756797314133056,0.8095417176677094,-0.6597366927529781,2.2992812427643887,-0.23011879226710216,1.0452354072350003,-1.5352811731350133,1.733466722907886,1.2974842856753586,-2.0762317538360966,0.9142080642021558,-1.3798123829303692,-0.14407765213002352,-0.278710918174577,-0.10212915227446218,-0.10687736608880762,-1.3542996729286045,-1.001929930509605,0.012760849370300231,-0.028773816269808638,0.6945310934234882,0.9324383489008699,-0.31882369962023166,-0.2832458973003846,-0.06387078760764116,0.963989453479712,0.5852359252733382,0.11063518095020966,-1.8062104936075767,-1.0217443596921463
B,0.2084752264652994,-1.2231204950845442,1.1053610529843236,-1.18844327544568,2.140127873216777,1.956455897767261,1.219762360731471,-0.5965750531239795,-2.4150812308125587,0.5839019407094815,-1.0224990385278245,0.257818838914785,0.9209932319065741,-1.3899100174843784,1.9193845886167222,1.0750920273933897,0.9438653960803429,2.0401000006986125,-0.5270951836109532,1.0294665382460684,-2.109282889547143,-0.23117077360912985,1.0764240612594689,-0.3654919773830329,-0.011255244582910688,-0.8054532812931338,-0.7876339246526117,1.256351741381821,-2.237318727672653,0.32440463383105533,0.2879297104601033,1.154377616705837,-1.4479177119122566,0.9158791252921621,-1.3039208640344884,1.6597944480537565,-1.00508401133853,2.789274825209909,-1.6308607549262895,-0.8000973944227725,-1.0869118257263362,1.6183069753283612,0.1756649209536109,-0.3722051090722173,0.5879908894149045,-0.38941159624899174,-0.7946504522035747,-0.3287311406690106,-2.1314518632107484,-0.8691595202140143,-0.9912150899882716,1.0158382750727317,1.3286763401143808,0.27485936895776925,0.9426869199986261,0.9058748637517978,-1.39412132569275,0.6307844493982958,2.5714966392474707,0.16423609673744025,-0.834332057791353,-0.25184388701881905,-1.5750458893783703,0.3190243552348632
C,1.6892465339325342,-2.027588537669009,-0.16575987997360905,-2.5095882357026786,0.9430292130595116,1.6627898230454456,0.24779869390409254,-0.06040278177797314,-1.5476168438533267,0.7230926590569932,1.328910335463265,-1.0472842732178191,0.5944482191912934,-0.71342302446002,0.5826709387541703,1.5345541672533662,2.1702497009610067,0.5095984366069863,-0.283113686709578,1.654737924539063,-1.4086311430459864,-0.20312641766280234,0.8851616403482425,-1.340847903263402,0.8978648140002502,-0.4842939601771526,-0.6383841486917393,1.3763141602193036,-1.2904003517228981,1.5033783009907913,-0.5756075874688739,0.8063892475654838,-0.23058469634267692,1.3230490463558988,-0.6858403614421158,1.1503705668155002,-0.8439972282030395,2.1079321473387482,-1.9170664591950317,0.07479804919357999,-0.11454917658368001,0.08159036512395518,0.8342185582478859,0.7259293710195641,1.5124554746462546,-1.054767208291139,-1.53371784017349,0.3977007240965769,-2.231519043965644,-1.4521722473068555,-1.6142492381002957,0.33884726989216873,-1.7066999404789835,-0.5654488957686847,2.4710923987459625,-0.3912949495351095,-0.3390912778158016,2.3122256040260796,2.12326446097292,1.1532519532925056,-0.8253896778200768,-0.6349844149235243,-1.0379586868600934,0.9825485472187218
N,1.1983251180019971,-0.7273011509689862,0.44184883398063524,-2.152694114436073,1.7771811241719315,1.1691601458710161,0.4208874856923239,0.9708102554446734,-2.328983299527778,0.2698193050120142,1.8752200614170498,-0.40939637204960055,-0.9882570809138355,0.22753421000463148,0.09524984342421008,1.562748563072527,1.8426770930110015,-1.600554440874719,1.4919840451593316,0.7928594584998738,-2.6868261863653546,0.17417563981711337,-0.9322803454979515,-1.008095598186455,1.188607223384803,-0.04085518542576582,-1.28024072415951,0.7538125288134091,-1.409749749768732,-0.880746091647549,-2.4170802619213645,0.4207249439488269,-0.8884227960558302,-0.9308694117039954,-0.7275758229677186,1.0948934664441963,-2.6147680208966735,-0.30247667551688073,-1.5746225602356956,-0.572859235307339,-0.8624890015897738,0.00695719406824341,1.378256504513365,1.3418563694521686,0.8806773483873358,-0.5582744751708087,-1.8080242639721449,0.6977123982389736,-2.4271961806205757,-2.015011123791166,-1.4987375320124436,-0.42344542790470757,-0.7086528919026472,-1.6008235134508817,2.5811154510012315,0.4674228677067323,0.5035412513229182,1.5343972628285465,2.267035327257839,0.3205547476997033,-0.24305700415810838,0.2723137157650942,-2.3293919652849797,0.5360697047576306
O,1.2140159477361023,-0.5375262987761602,1.6013215241406842,0.37753556188446963,-0.7949407005784552,0.4757576177340293,0.8253191429279905,0.7923732542651952,-2.2791655157520947,0.3787625377136455,1.5783706790770127,-1.9638812246711495,0.02947390251584165,1.385625902041555,1.6171331753735418,1.0315413155210926,2.4278077540575085,-0.8267948800183808,-1.7700467416214096,1.8629435240091494,-1.3460173922666354,1.906576899246599,-0.1352242616852204,-1.6266243298156513,0.10777313133816908,-1.2083136472691998,-2.5411600163716677,-0.07966219519468654,-2.1387283961837054,1.7320069822243658,-2.25624801337776,-0.4296269258257067,1.631704043884399,-0.355601586778198,-1.939969778919266,0.7791034393856133,-2.8495202819435486,-0.9221900556569653,-2.18354957341004,-0.8351136921859642,-0.21090317791665347,-0.5139822688513958,1.6393201790437195,0.7624448634442604,1.3081602163651234,0.5069476713469276,-2.2431409757745855,0.3409877618393958,-2.448405464970332,-2.722508923205644,-0.3262739504121556,1.1873406448341022,0.3250823783623079,-0.9318926393001857,0.23095857898918237,1.0414243658885456,0.9194237300720906,3.8117273354257577,2.396977158428047,2.2314095258819884,-1.8164388164292045,-0.4438029246874092,-1.816279428065595,0.5307428149813893
F,-1.4655724475296714,-1.3730157332623327,1.5962239077788547,0.04764514611263857,1.2832309847608634,0.11265597066793148,-0.2169627827350637,1.9997127301613933,-1.8668344741931164,-0.231373487429546,-0.5555416050675677,-0.7532543765752527,0.8450885348083613,1.6889792208562437,0.5523490850354428,-0.4614405347047245,2.8678237868762455,-1.5910458882306797,-1.1356770665995355,2.9488206899904057,-2.4366918492436462,2.00446675719665,-1.0445048552072098,-0.5380991530063441,-0.8332169081458404,-1.6848521377375525,-0.858678798808364,0.011868466814838082,-1.0854645905155933,-1.4834462446413164,-3.047249374734802,0.4742581991628266,0.5203457770811704,1.6314663255925779,-0.2695650013095903,1.7691235491070658,-2.796505700473582,0.33678918411159964,-1.1569162979876964,-1.7197182561396682,0.4673616219274421,-1.2967307205901788,1.9836674420008527,1.360951791296412,1.3853829046129118,2.078255377650281,-2.5937842268086415,-0.5454110698281674,-1.5866112038614009,-1.561392864725434,0.10516252858202167,0.6033284632921643,-0.33257584238547117,-2.571747000873514,-1.0391253282184465,1.9988131098844306,1.799188719379627,3.002411254874525,1.2149483862646764,2.728344418636742,-2.580263067628845,-1.4972083674084886,-1.185560101539663,1.392917054937664
Ne,0.0,0.0,0.0,0.0,0.0,0.0,0.0,0.0,0.0,0.0,0.0,0.0,0.0,0.0,0.0,0.0,0.0,0.0,0.0,0.0,0.0,0.0,0.0,0.0,0.0,0.0,0.0,0.0,0.0,0.0,0.0,0.0,0.0,0.0,0.0,0.0,0.0,0.0,0.0,0.0,0.0,0.0,0.0,0.0,0.0,0.0,0.0,0.0,0.0,0.0,0.0,0.0,0.0,0.0,0.0,0.0,0.0,0.0,0.0,0.0,0.0,0.0,0.0,0.0
Na,-0.9752483668304447,1.5066356926134146,0.9128350680920834,0.4204398073757079,0.8848994937648911,-1.230563009142578,-1.351673520946224,1.6008740762890754,-1.295291251887253,-1.7785584138373762,-0.31841345551504574,-0.5254468478749041,0.7469453071058844,0.29640252068741657,1.8353222305279169,0.10347703152412913,-0.08308676234215585,1.321897786349246,-1.0693652377407328,0.4260783497998459,0.03762940847524887,1.7825281584439578,-0.4786551617741561,0.286501662302253,-1.6304787441616688,-0.7811867853896186,0.30809828889358576,-0.8010868284144891,1.8635708159517064,-1.41919160758433,0.11431220702987499,0.6930859288557997,1.0474335915499065,0.7608210965180581,0.6904061564143131,-0.5608937847373807,0.13955933678813978,0.6000041497734466,0.3424170386138795,-1.7953095921316338,-2.325556443742469,-1.2354472208899432,1.9374150269480583,-1.5460948013732743,-1.0534743907985864,0.1757855013420381,-1.3418510798381291,-0.5483669346220273,2.1216846171526087,1.6410734619521048,-0.1419653530861624,0.9387158304432467,0.7747251129322017,-1.6208825978695496,0.0632478168244321,2.4836950912545563,0.2598404910383958,-0.04623794285318295,-0.03289577622692671,0.7692250314741973,0.693998362334309,-1.542660235649784,0.15840469860539713,-1.257814343635114
Mg,1.9757944728613792,1.5224714729767301,0.46713784141736614,-0.14311791966329562,-0.9835853653235108,-1.388225298855372,0.732666349610779,0.1534723138462227,-0.8185056210618611,-1.017107008716674,-0.3054549745712426,-0.679041117422185,0.666533730491796,-0.7215134075116262,-0.4096474758054382,-0.6068911866102915,-0.5115445651119177,2.1776467379867466,-1.9729397271045939,-0.02920396289173252,-0.3317117657115032,1.266956144437841,-0.3283264603212557,-1.9938772649096475,0.4333446331822511,0.38577817600290293,-0.2735539864892698,-0.9708358419724793,-0.2876248665609301,-0.5209659515483684,0.7717168296351687,1.6535368333784441,-0.9520185668507539,2.2963783308505223,-1.328334763707233,-0.5796798479725259,-0.5212085215355733,-0.35122219083139933,0.8814666040350243,-0.5287935229097925,-1.5256104413036273,0.7463205846686776,1.1227872772454488,0.012198667626115387,0.28658286940917926,-1.2527085174222468,-0.30872988965165477,0.12580733005238268,1.324816294447513,0.6137118754092772,-0.6118665437305936,1.8288910798294704,-0.11329479028580947,-0.9506851161941907,-1.5540895103815837,1.9626942385466393,-0.5999042016036087,0.5920370791982406,-0.5230956769980329,1.905295782931983,0.049797346989552356,0.065539249002507,0.5510971067567875,-0.6319937705926912
Al,0.09808935568986005,0.23971723897529235,0.8258518368298648,0.029717845206823856,1.7521118825149595,-1.2415867402094412,0.7585515195756537,0.43594000262529237,-0.048588998863933835,0.5749359797381012,-1.0181338805170026,1.586147674786916,0.6496261854248984,-0.8589911512591463,1.4228801205774493,0.14574412357609456,0.43578788823826137,0.9217340172539336,-1.817439500792138,0.792219755833743,0.09191784858403834,-1.0256170008200969,-0.14243650218203655,-2.2694446939539383,0.2506931916652808,0.22049439259344095,0.5139131640342207,0.7347919210201805,-0.6285416352753805,-1.1642398167469405,2.0720550063901895,1.0975042499982008,0.31218795070049454,0.1781397779025528,1.6382982826542587,1.2281802309075547,-0.7214042193948014,2.149957975391107,-1.1463665342642106,-0.925902119685704,-0.5438007278581584,-0.39309880324103497,-0.6789570140483423,-0.615835641461919,0.48581986445113606,0.24608774342049916,1.205477296594248,0.3327490309771542,-0.6060236651175099,-0.007285101184775668,-1.8948927183663131,0.8227987600514235,0.31615906406065913,-0.6090142965739058,0.6474039786192006,0.6290318697903043,-1.221782167664642,-1.059099922107482,-0.00557057470287772,-0.29072122199771916,0.08321895232900645,-0.5675615827593113,-1.1215039945398086,0.6461098956853776
Si,1.5168895345261073,-0.5329407731192553,-0.5776711560089756,-0.3631821719986676,0.737968719431037,-0.3359875991587801,0.6950086422154214,-0.6823191872736778,0.5531733702832266,-0.3320518247488412,-0.40914463798804895,1.2624723733076457,0.5556917765755337,-0.03964261818258255,0.3694336443266165,0.5589608495008326,1.3429572356037072,-0.6861282808873364,-0.9817371244250468,1.4211942315844412,-1.2282793863131072,-0.6976106787874092,0.2821023570444084,-1.8726357428563256,1.4057514483183027,-0.10519533271988793,-0.46446686407338683,1.5002958473834698,0.13716290904095127,-2.2074377009696557,1.8345312649614212,-0.0202132151362737,-2.0559845498581333,-0.2657703366203778,-0.558828983859955,1.1923850258113557,-0.3117962621682763,2.5278551158609193,-0.4988936657877379,-0.5015884900019915,0.0980315201044248,0.7005200431038374,0.08618254333550988,0.4932909705975133,1.3610584266299453,-0.8095521824240185,0.8221295446651805,1.9356413608374827,-0.01200121613193421,-1.0491216845758515,-1.4505639241840043,0.2933625234922546,-1.3081989168101489,-0.07501833354434255,0.5168057995719925,-0.16139105352360703,-0.538825239548887,0.5429591429364189,0.6563227393977924,0.46429612168285267,-0.15113874215631676,-0.7565542357572397,-1.0943535102534807,0.021628850637647534
P,-0.5549598152366512,-0.7920276815708265,0.8823563636724648,-1.1978025352584103,0.4853125978166881,0.08215345910546094,0.5220179318111746,-0.16049292791452116,-1.3975768845709529,-0.07691449564255688,1.5795441164270234,0.6831860028854988,-0.7975382433239454,1.5165411564219908,0.42748502510996234,0.9586215855511727,1.3467518559563125,0.6629810681893954,0.48250231770056046,1.7382766192346155,-1.7082183155983195,-0.3021312703117283,-1.6156925730739418,-0.7188594382210031,2.042111952415523,-0.6518137394576671,0.30403036070312583,1.2349125587719914,0.09807036624950485,-1.2055407318538431,1.5810935971195097,-0.7311353123605466,-1.2737968608452803,0.19591702777951658,-0.5135151422594677,0.09234126574316226,-1.6439147928524183,-0.40949302189182213,-0.5299973947626117,-2.739693536725015,0.178816690676759,0.26106526407273994,1.0077551429949398,0.36594525824472157,1.337634150435246,1.0065108197095398,0.2503634129022496,-0.27609294195426426,-0.7248783412139983,-1.5351470666783975,-1.617684301125682,0.6669977060014244,-2.0797426553081966,-0.433596490795718,1.859291004894009,-0.7561836399812405,-0.1344750335975364,-0.18586093806029694,2.0345314054685053,0.5242333900264263,-1.3769035523512414,-0.5633930238620695,-1.3568480840254566,1.0445150980731268
S,-0.16587414071387233,-1.2084989518817335,1.3558498817642788,1.3127155383121192,1.3261429170712742,-0.2452518015264374,0.17842189628961397,1.204250634125493,-1.202235370207293,0.028906226050128478,1.3382293160893586,0.7314344930611691,-1.502528333430373,1.6244984296948748,-0.570716590629982,0.4344830791180504,1.9371318363209657,-1.6463254769850453,0.14461564360323823,1.3679633834842562,-2.240806097081579,0.20052025954352967,-1.9479895351834309,-0.8485111220815255,0.19807815627088352,-0.3851588907032313,-0.05245986952409968,1.2627571526524675,-1.457057929542063,1.7761152761487424,0.2215512654798254,-1.780081090155023,0.6747194450800361,-1.3986512085707652,0.5883709765428295,0.4581199343285898,-1.9397106591933415,0.4039830801540799,-1.2731853956508985,-2.4656159296214164,0.7111530144829113,0.872347012010172,1.5577675777867266,-0.0501920167560315,0.1640202918567675,1.2327657412233153,-1.62967940961752,-0.7323637602525592,-0.662132889512993,-1.8022118311882585,-1.6177979091290116,1.7435923521418641,-2.4919538156905503,-2.0666334583224915,-0.8469146935392384,0.06046733818723632,1.4081551070288758,2.1417415542829317,1.6060460268787795,1.2802111907920253,-2.0365677053584808,-1.5889070228830584,-1.5138153254602282,1.2426838094435522
Cl,-1.4333050712544493,0.07551776775803556,1.961012416049513,1.0338484242282135,-0.14061512299577517,-0.5355561955297097,-0.6222454946927506,2.5557719398294942,-1.4080080770668308,-1.114814655244241,1.8835394945373967,-1.0470484352022018,-1.3646980607203143,1.3090006305540227,0.9627028202383574,-2.2437682088851907,2.4443502340434216,-2.0021007751119457,0.3577723730612375,1.556018238688526,-1.6856468584010469,1.6761718381111077,-1.7703819502248321,-0.2419255267288476,-1.2745501979850449,-1.1757875303143797,-0.05658909508341668,0.8891936270475501,0.9237735287182194,-1.9975651999744748,-1.497156155219748,-1.473550996705119,0.3746527683041453,-1.2124872207161546,2.6950003296061094,1.0499775346718925,-2.1839069415445502,-1.5756455859054141,-0.581704559421576,-1.041911076364374,-0.1860474359112376,-2.2413628084987356,2.265388569488683,0.5434773090729204,0.21439079712461082,1.766995148918716,-2.2450433896085262,0.4376369324972071,0.7569975716466546,-0.5783641669152416,-0.8887461340468696,1.5459246186242397,-2.060972469782458,-2.926793116707386,-1.2322380277566929,2.0173617696555577,2.5597831124847126,2.0180430483349396,0.8058616675488166,1.5559548679356272,-1.0412559190290385,-1.6002468422900267,-0.6898671410201817,-0.0857607005671337
Ar,0.0,0.0,0.0,0.0,0.0,0.0,0.0,0.0,0.0,0.0,0.0,0.0,0.0,0.0,0.0,0.0,0.0,0.0,0.0,0.0,0.0,0.0,0.0,0.0,0.0,0.0,0.0,0.0,0.0,0.0,0.0,0.0,0.0,0.0,0.0,0.0,0.0,0.0,0.0,0.0,0.0,0.0,0.0,0.0,0.0,0.0,0.0,0.0,0.0,0.0,0.0,0.0,0.0,0.0,0.0,0.0,0.0,0.0,0.0,0.0,0.0,0.0,0.0,0.0
K,-1.0152243309336282,0.31232729593025893,1.417637577020355,-0.1178989983107338,1.0986448761329235,-1.0230580941270044,-2.5317036811287323,2.507984119708409,-1.438484922408609,-1.5258875677766555,-0.09284291453903636,-0.6412652362145101,0.6416678928670737,0.8464913885101513,1.4387397766378411,0.22444966115930803,-0.10413139982835153,0.17174045460372486,0.8908454522199021,0.8435689775027002,1.1554964138436516,2.138208336230582,-0.5068364463557948,0.6006354739669549,-2.080716069666143,-1.7121862660711955,0.854823674992371,0.03359322319072686,1.1385420814929965,-2.127058698876336,-0.9347005103959132,0.17956486214564565,1.9251554088429954,-1.215658526216802,0.2785734264037457,-0.20139639532724393,-0.8304657409232011,-1.3654255960260686,1.1589534484371997,0.5576752928614437,-2.512073524804874,-1.4185683718104567,1.9096765721427347,-1.91614368366385,-1.4084939729242518,0.18711188812546156,-2.193051448186565,0.5816239552382138,1.8152481030037302,1.7006947937945749,-0.619066945166536,1.3350639230818786,1.2567951953416607,-2.0038471029883986,-0.8115209915677166,2.1099893707333726,1.0821375738158572,-0.7809308224249851,0.14209679960997004,1.5979589450560379,-0.466745060033186,-1.3542978699162096,0.5976827127667927,-0.7299110297563907
Ca,0.8990569210147231,1.45639549227348,0.3292350747488836,-1.241935227209277,0.5136604289834709,-1.2394152147607052,-0.6334932031211375,0.4326995285207375,0.06488534052130182,-1.2618195660776428,0.3336020976813632,0.7770614136189847,0.525081965805198,-1.4775832385827392,0.6723581775343458,0.17342991180109962,-1.224862989271168,1.0142770819340194,1.0820940827765118,0.5101744415531002,0.5140521205455713,1.0665833099050512,0.6275574022389631,-1.1436666987663904,-1.5709062830396268,0.40663942541452536,0.5646068771664134,-0.9362426315661552,0.26259980314718556,1.3812626561660408,-1.1247747112847326,1.013818653390706,-0.2472975516140633,-0.9292837284808203,1.535965724622063,-0.994777838110921,0.7717834959410113,-0.308879673806782,0.7206221658871315,-0.45459492848138006,-1.4867616026265478,-1.918747374683333,0.626662598417298,-1.0204811352766663,-1.347286829014346,-0.7171103791985823,0.28859095261244966,0.045695146979690834,1.683238580124453,1.6448708338759468,-0.8055302380458403,-0.058640074962915664,0.9312182567759051,0.024485205737267514,-1.640888306664227,0.8631996557774719,0.6986083260884747,0.41210824447293476,-1.0272160178049257,0.9402099501728038,0.10786333315757861,-0.4473577872647517,1.0562884850091623,-1.4538933009892703
Sc,0.8223159236751195,0.18728603317061493,-0.30615117182497964,-0.22353931088898804,-1.8879396765154322,-0.9563296568860408,2.1785632923739175,-0.8076552922322127,0.9419223304424025,0.6716746308513353,-0.18976305861612752,0.7794284921919438,0.3259043763418749,-0.6029170913360944,0.5744309092403876,-1.1988461367391492,-0.880152263828859,0.6878794237600877,-0.5859739800986454,0.2450782994135792,-0.6383304628399448,-0.10727828291379368,0.9595541607569794,-0.20833081079953109,0.14959527908004105,1.2551674467021838,-0.5127103373952467,-1.6754644117994675,-0.6739698963317665,-0.9360803860312283,0.11607444822904679,1.9645688593622237,-0.6553055787875686,0.01346362349815969,-1.2803209239401172,-0.2929229814877127,1.0244950039943161,0.3549592711075016,0.5935066714733424,0.8945751403412296,0.8125165749383321,0.13623158816168768,-1.0761245982050438,0.8480188784226907,-1.1965167111094526,-0.02972342140476983,-0.3323203336942711,-0.12267712727078131,-1.023509014997914,0.019454800860772514,-0.40673649800571143,0.8818181630535553,1.249513181208092,0.07988125935362475,-0.6624867036624483,0.8659846738827911,-1.1685944060567262,1.440665985615039,-0.28054904285282906,0.37744440121944434,-0.16519064863397642,0.5610583427664905,1.0383747915700767,-0.3140560524445828
Ti,1.1523932520485696,-1.5422193496533618,-1.138474266897597,0.4559546841087933,-0.9485386627494516,0.7355982295638344,2.2039502045401473,-1.643505210796121,0.43375505130317316,1.6854999809490232,-0.7755852500916758,0.7488390044824454,0.6981769928180565,-0.7462223247889784,-0.18936309134396884,-0.43478530214092265,0.5477372954725428,1.200162713366411,-0.020198235206388138,0.44432503461139206,-0.5951017783148779,-0.4442262828539401,0.6443822719867706,-1.3381355549228109,-0.08581225545384732,1.0428026987048065,-0.8402230414079641,-0.9484684757041439,-0.8782969222652132,-0.36668766131633346,-0.24179665064625902,1.3580903900816077,-2.438515115589431,1.2420071430919497,-1.7151164795349632,0.8902299451487992,0.2983214602500026,1.2236481373348895,-0.14748635887545453,1.2416662217226788,0.818952941977472,-0.2726763008498193,-0.615207787523301,-0.21860764757237186,0.2900458479575696,-1.313241151429438,0.28124108721974467,0.07084312483846308,-0.6302720199403727,-1.3783246902805821,0.7425318039724266,0.4550486161221017,1.687011180716326,-0.03828546319867771,0.1910946288001446,-0.4471977795666419,-0.605027553317423,1.260431429198512,-0.2923109710564455,-0.20176498667181308,-0.4349237626991435,1.1473442905233369,0.638659889940528,-0.014222116143193592
V,-0.1640459085570853,-1.039223773611997,-0.034545268743372826,0.06885277199444699,-0.08418595485364783,-0.194920876320258,0.8327648596077927,-1.2399379470053142,-0.00270485226178237,1.1185548230126787,-1.0794235565597037,1.4852894885445318,1.4170081412197575,0.24006448657858448,0.13757579844827264,0.29074432969009506,0.13555587307918052,0.21003510817055604,-0.6815015453278669,0.23354205176472115,0.6575002802955895,-0.46901848483264036,0.04605391222409559,-1.4060148421789096,0.9657411242736431,0.8403674651194458,-0.7675674213683152,-0.24809060364474977,-0.5694511354249685,-0.28567712514240856,0.4803066729922625,0.4201239291358025,-0.9762746506702515,1.5155899721308332,0.5005832875161096,-0.4869040358538232,0.598308443747055,0.9200380280918019,0.01991711867994136,0.9876368059629878,0.5861666734456364,1.255628387501072,-0.8103766701632448,-0.5578761039696063,0.9458402649448698,-0.46945105998097303,1.1041809608166477,0.6140503342453228,-0.8037916922124072,-1.2024470097000015,1.3587298855711498,-0.6820946951131308,0.884072786053279,0.08919109302352031,0.9595106737090563,-1.0567477446401023,0.17138365520497556,-0.36295003703202167,0.3354074159615244,-1.4987907914341685,-0.495823377215185,1.5179536405582568,-0.40664967548595116,0.6592274466688177
Cr,-0.25066405586393525,-0.032844318220061855,0.7446627720794433,-0.06599945386258207,-0.718280736002905,-0.15102167031663982,1.3184359303227766,-1.238960766434743,0.472704277909239,1.832226185809198,-1.068272393644095,2.079485707993006,2.2896884551899963,0.28162093726520526,-0.6681416249443413,0.7914866463481771,0.23734781679304867,0.1296586922782231,-1.4585115487783196,0.7811252263210758,0.5058208919923745,0.16074437464202543,0.28733214294687365,-1.2321562923296714,0.5146489431541799,-0.19814557966579205,-0.842945183211006,-0.170441219428396,-1.2810574173528106,-0.9944945076907442,0.2416273992060189,0.5594197168022442,-0.273052432309498,1.178135882151769,-0.37904169422178424,0.548921830780006,0.2729556391595387,0.6688368086193571,-0.4802190633011818,2.1534010207819487,1.1592625575514335,1.4595735810608241,-1.1348146024171142,-0.4817600387557834,0.513186728098906,-0.7711516847870824,0.9557551092460843,-0.2912796614501516,-1.0192577136435077,-0.6586059056635111,1.2498381785620478,-0.5377661791281868,0.8140745086430708,0.503973413872135,0.26993089274921794,-0.3913113699089066,0.28118817455411466,0.31442190372337003,-0.3492825319949056,-1.2660541932753,-0.6407975638318115,1.5935177138953545,0.07371767606173,-0.8049585504046008
Mn,-0.36371020751631306,-0.11464505730104425,1.2715445373737395,0.31463040719937974,-1.2319779764517156,1.0933013306336246,1.1811231642048667,-1.320542494708441,0.9678497504934812,0.8548805924202928,-1.2683389196262642,1.8921422544157238,2.605628606985459,-0.24474011716974597,-0.4101406497424321,0.9749342362334585,0.10564419912068825,-0.00974106937495811,-0.008387225017946927,0.33598904866189977,0.551324974476818,-0.35737758623595833,0.17628950993084802,-0.3189462201978412,0.8749076035335835,-0.012044067103482041,-1.4544913653867975,0.03701366793561883,-1.5170043527352408,-1.2934226055669225,-0.4878620338209716,1.0558754325012398,-1.5439703754114091,1.2269186790599993,0.30015775346367196,0.2008116800801462,-0.02620085261252647,1.541021056935949,-0.7050871968724766,2.1456054567854896,1.007671878642024,0.14331762525459227,-0.7109897253699554,-0.6170762021393996,1.3413930784346155,-0.272635562568838,0.24903256047030764,1.117204504777952,-1.2065237612792383,-1.3628435128788492,1.356895198488915,-0.9481638463222225,-0.032132997821740256,-0.6289676001922784,0.37202216280940975,-0.5935820138235527,0.9860034906668559,-0.41690404706574,-0.02796592743366127,-0.26353967725603783,-1.2588619055356183,1.7882792913791752,-0.9014029703568359,-0.887793709394478
Fe,-0.7118240110684286,-0.9762424401894468,0.9215953753958522,-0.4255743579638194,0.1515809846008794,1.2303279944258,0.6301747591542561,-1.547867451928059,1.3303965067357888,1.3664962978018582,-1.2924745326164613,0.7073099975621412,1.771120534154268,-0.42288742950084324,0.25386399447183766,0.26292105606313865,0.11011759042650056,1.5031738429593802,-1.306694191363645,0.017577692022830445,0.020332772108126663,-0.7260919335536169,0.851311305229839,0.33512376141631933,-0.5682015028168198,0.15881916346917999,-1.5594494852564487,0.30340837684754174,-1.1749683491521092,-0.7947370612239968,-0.09477834422349418,0.5466445662705847,-0.904552209724107,0.1735617736743392,0.21088258044879776,1.1009663300918817,1.087651795083819,0.5853238365772961,-0.4875979805791841,2.421915795353924,0.5742847454298201,1.6483705674814213,-0.2852897911691948,-0.8560663108153846,0.9022263595675638,-0.7335789231832587,0.4139225192012883,0.2936711667374908,-0.5771892430797632,-0.7480240827329913,1.2270345011942094,-0.8628986588273476,2.3729787587432845,-0.6319370739264887,-1.1920645208323806,-0.881052424309167,0.8545101853958099,1.079622721204831,0.10724633365154644,0.004164074308685203,-1.1527533435129251,2.0632485602559654,-0.8252203190939803,-0.3699531137312112
Co,-1.1727552852094494,-0.8292408074955656,1.7422257842681408,-0.012510888996886849,0.39194207168940726,0.1629683693705693,1.0139901151738093,-0.9111814420397584,0.4691740429879203,2.1371499723577614,-0.8224980976379268,1.8112189372799687,1.996757115377231,0.3482444354933392,-0.037530412271232945,0.05677396054776666,0.19258910689227327,0.3481441818494367,0.556360885359343,0.1502120003348918,0.9571337456105348,-0.83579840006312,0.9314211996812682,0.5638807228292895,0.5634942843264111,-1.3087708564894531,-2.3359588760789083,-0.2001990216197886,-0.1691975407293311,-0.04288123121485307,1.380324718084852,0.37615002821015947,-0.6442297597220039,1.2463070051009775,0.5095166055664984,1.8017179787788942,0.6304851121702298,0.43211683991347016,-0.32691801148603583,1.8599581921939263,0.08946450201867928,0.9197906271915773,-0.4429873901306842,-1.4209223436771274,0.7054371772457503,-0.7742855211757973,-0.12039077651184943,0.5199557255280476,-0.5456019866162154,-0.5833121413821714,0.7983764034372218,-1.9502642721431682,-0.2671335181019097,-0.23865890813440768,0.25879978663413494,-0.4752283367214734,-0.023431270375794035,0.23468435985431957,0.34852409350826324,-0.9699182048889239,-1.3545593002903102,1.9645519038912613,-0.241481941252331,-0.19855688978045213
Ni,-0.4599782258149499,-1.4358975795254996,1.2753384211946457,-0.7953805651513184,-2.392583241321741,1.4340181804128365,0.1314027311931252,-1.2373473962967534,1.0695914214395728,2.4108884886440607,-0.33835646327415264,1.3525157824965095,1.5995567713034766,0.9683876207449744,-0.4395677934924632,1.668722673775752,-0.20504652283748023,-0.09405356699506043,-0.015955325689656158,-0.8929937938114244,0.3230889249436606,-0.9286997986102111,0.8994247663270406,0.4328551467365509,-0.0004789138267691093,-2.404323806960625,-2.817741056628656,0.9358587431597111,0.10083909129080092,-1.6142823993111464,-1.2720661907597544,-0.010532841219195269,-1.0106810875659344,2.001995547969972,-0.435625560757953,0.9980960675708748,0.19417951953687235,-0.34521580448194983,-0.6482864821270743,1.7314283359561367,0.150512749116585,1.3812367395596503,0.519278151868843,-1.0369007528994447,0.8320036594267819,-0.006936009877275308,-0.038494200050045675,0.34170914630444815,-0.019743829228635705,0.029209864017298165,0.6711929502263138,-2.108547863096565,0.5942426000307183,-0.6192171364877719,0.9245948487201163,0.2161273926893182,0.9712630071278873,-0.41531744829619954,0.6492025974266614,-1.0534537246195523,-1.4471476751648458,1.9746354320044748,-0.039833798086242024,-0.07914848658589939
Cu,-0.9163932001456339,-0.14474380318873226,2.1376554121442384,1.1723967117352219,-1.095319909034521,1.4654492857766122,-0.36913431334590935,-0.9727617104887111,1.2294843452837898,0.8003097190912034,-0.33457005930847566,1.7753652204620562,1.967864807245424,0.20925918437877136,-0.47923483429552055,1.8757889176515792,0.3322249317853444,-1.344056711215104,-0.39130419305733044,-0.4450925769723885,1.412406551522691,-0.29756305904763714,0.24653981365822386,0.18401542226386736,-0.03264017898305536,-1.578781147261543,-2.6053486125170076,0.9941078865053304,0.8309123725094913,0.5881589893517433,-0.304062142811773,-0.10782041877213128,0.9854179963925922,0.6335568637391082,0.6053287202820871,2.4670047370186805,1.0260276907956056,0.18153860914501604,-0.2003421608999833,0.8903057287907439,-1.2651317808932452,1.794317587192487,0.17941219580340853,-1.1027050820762354,0.062081918273229585,0.6848011086564325,-0.4607641130462831,1.9878607586650274,0.33174162533411394,0.5734967709366969,-0.1934977370595497,-1.7952546615453517,-0.4869112696266744,-0.6763213763006981,-0.16939996178016684,-0.06516693100977658,1.3194857636934865,-0.872205653130972,-0.3584352757244887,-0.7678635467976235,-1.6995597051742553,1.4864138909767126,0.07342915925468277,-0.16878592122466865
Zn,-0.9612916256409465,0.23650504693542396,1.9391826180717706,1.4301523537366976,0.4225635115115647,-0.6906829575355039,-0.18232764299747015,-0.388804917134275,2.0863334632460138,1.2810930804922953,-1.8187469513685028,2.2082335454381816,1.9698062318384855,-0.1874874876577641,0.7939398468687411,0.6747652837213287,-0.38281857610792985,-0.1590532289503454,1.8802355680193026,-0.6677842821549053,1.258818162919286,-1.1596229735269012,-0.4472612525791462,-0.32395941376165194,-1.9394540057102305,0.0038565504440400927,-0.5553855264887425,0.9621269713945564,0.15810459247407224,0.024785435950663865,-0.6561091382800575,-0.29179102513805305,-0.9216603806809194,0.3634491575320621,0.2040400716899843,1.437410130247436,0.27652966166098036,1.274917809712563,-0.7682382566685922,-0.044925032511144145,-0.8463072194958992,0.6426198372646129,0.2637988058218215,-1.527720800091217,-0.3193074798945177,0.972139886951806,0.3714002115955328,1.3619534697693334,0.1252261196042391,0.9724319351641132,0.107144635260687,-0.9811269962447865,0.8058825928421034,-0.26900579976307354,-1.1710447855162391,-0.48654508296083177,1.0683749306554082,-1.884374705034888,-0.2975891608508857,-0.3075725356970588,-0.7202678675712656,0.537368376011166,-0.4744133516311193,0.9429011942477641
Ga,-0.8789083738672573,0.16381672671890685,0.9079846453379412,0.28963623190847854,1.1790005483391468,-1.1409834423638407,-0.3480830243406774,-0.31323093877006913,0.9317627300403691,0.483037423646351,-0.7608095058936011,1.7527572638649953,0.5353104210100551,-0.21831164022674332,1.758525267156501,-1.0890195860862224,0.5955218814542699,-0.2636071252909329,-1.3998861916641596,1.3498972631566963,-0.022808826500312917,-1.2591789500714647,-0.40794779373991036,-1.6967716522799303,0.5164477781330422,0.4895491038780954,0.5330296214294737,0.48125686248594385,-0.5514068834687067,-1.2982915225190284,1.3260556561318426,1.1542927208599487,-0.25613181264440804,-1.0566948258309243,1.7123230511544152,1.2237343148793642,-0.8250782280138087,1.8805434190969827,-0.6234128757467838,-0.5838312126850098,-0.6121556510281996,-0.5045672715890671,-0.4033702584597664,-0.673034853231695,-0.5863126823250375,0.7529404499283195,1.6719721936084544,1.3928389900584728,-0.6147110070146388,-0.09503100205139317,-1.9377701760169461,-0.9619055819964433,-0.3633769504847212,0.2203295758502759,-0.07606481401495027,0.36400329818094646,-0.6395862092714697,-0.6346593172193451,0.4206822901425245,-0.1977188633822606,-0.7917731416126245,-0.7384435107177231,-0.1429525054283993,-0.3677230790221364
Ge,0.12903581649182502,-1.5547273944350721,-0.47285212985483693,0.5052804776117421,0.061201249971959665,0.8724281735472479,-0.19960467944883525,-1.0910891738853594,0.663372097529785,-0.005820184603510213,0.5792531846098182,1.489132848780651,0.29438322386489474,0.5783842733404698,1.539236071112918,0.11786439745689985,1.1895727858147642,-1.6698889716744598,-0.5399961063379405,1.5992870010640359,-0.9950598463523832,-0.5664226625898124,-0.19315188214907564,-1.5367495717248023,1.2783184506164829,-0.7546120764431142,0.8037975606750954,1.9229415733503794,-0.2790032146165289,-1.5092127166572706,1.003666357226216,-0.7353701676001078,-2.3276412486385887,0.22483908008413983,-0.5708388387679324,-0.12363324935344032,-0.31852443460256674,1.0126263745502724,-0.3092423849471167,0.1309703070783485,-0.480851456009102,-0.7299980144116951,-0.1505175761745819,0.50467072468826,1.1886291720865487,0.42209605527176686,1.1935269086453348,2.128530442645821,-0.08518796031175264,-0.39959217192036994,-1.3048897994654558,-1.0190705417154355,-0.9469586927014297,0.01871414642327049,0.7655897251857147,0.11164069105189708,0.02550134119363896,0.5099084667708926,0.8222519341544167,0.294775762324558,-0.2318836561551877,-0.6557162598921861,-0.07384620338659419,1.015072356358408
As,-1.1029265692431482,-2.2045620369727614,-0.01750959828651277,0.24820128639455116,0.6526589098751848,-0.018039229143012196,-0.5110995220776751,-0.012391032128437961,0.6834414656480818,0.05498730112196903,0.5587437405578297,1.2129438030531752,0.31115242962694983,0.9526842879517592,1.471858286021995,0.4724494845750528,0.8349092531481926,0.14914246316665028,1.3910663206853526,1.2775912667528393,-1.5428878570499491,-1.244495556800122,-1.5298078213408413,-0.6217894193132472,1.3774254850078897,0.5648405565963995,0.6605470621493662,1.8777930055833827,-0.551280246062931,0.3137998396029373,0.8066294088432668,-1.2086035108331392,-0.9116126883892794,-1.2077940975859645,0.21445852796977416,-0.013728960109888,-1.2523717618428956,0.12466774361500804,-0.3429029255831396,-1.6963273025398886,-0.5974194696614865,-0.24734009066919382,0.5941578492479307,0.41963073914440535,1.147967686689701,0.8436830328170885,1.2567358719530302,0.48169668104184205,-0.2328846098374407,-0.9248055628063003,-0.12293929823522232,0.11709051570711186,-1.8142323635703075,0.17022920008911688,2.282422680540957,-0.7616414660321837,0.12729043575186383,0.45556858950506973,1.593232105269543,-0.3883402599824485,-1.515503365413008,-0.23565772861097622,-0.7096138986995355,0.5490055665035392
Se,-1.2737525074943317,-1.7690035683442646,0.4819242225377524,2.4436219805865216,1.4121551345323735,0.45093259310882955,-1.202648204500106,1.1540823595679506,-0.3525481416682536,-0.36457066824497614,1.5857859834199917,0.7581294323148344,-1.5365883948003127,2.03679619971188,0.23408129519756168,0.23352264844389903,0.898182535675263,-1.2329962906890282,-0.2091046655647865,0.961597552017499,-1.5892987050621314,-0.731864997781973,-2.2399050276488937,-0.44297735852763376,-1.1361580914999019,-0.5730028197973981,-1.0573319196261395,1.6955243409489176,-1.0732738016666932,1.9254246111585926,-0.40331101775385425,-2.179953218583896,0.5915475192591604,-2.568873518109152,1.169882385384201,0.44843756070188073,-2.1854043194289536,-0.92357127755666,-1.3953621295327512,-1.4416583471226359,-0.04710904007217376,-0.2523053906168122,1.1836373622746366,-0.8037285039788543,-0.18096492829184574,1.3054787379318373,-0.3678428620814986,-0.04339993579739162,-0.40641462032148873,-0.42677839772626874,-0.8682372911977639,1.1750730216038494,-1.444764318482231,-1.4471759067575345,-0.09215689796459073,0.2735567001100611,1.4882792876618096,1.2516987153548536,1.536543276323409,0.6067159402154528,-1.6344958500468465,-1.9095011417314847,-0.8696183378451096,1.6158680282669142
Br,-1.5615355609137314,-0.6315247326440552,2.1631888085025954,1.7299776101799642,-0.0915082037808808,-0.955360969672724,-1.0374731686956997,2.0247394423643637,-0.6626407218950315,-1.7769675612809734,1.2911976285944007,-0.17148738647252398,-1.694937751749147,1.750447930356751,-0.16210319083130248,-2.013417070888357,2.291460908225585,-1.9118788025490439,1.2737589335651374,0.6445692786679886,-1.0878946415026123,1.261794448081534,-1.8643759247089209,0.6532397354257019,-0.5815178870150901,-1.1860864513188882,0.1638479171831727,1.0987611309564125,0.17326350884532965,-1.3182851613811088,-1.8847580805579858,-1.6410982538337384,1.3618642224640967,-0.8660994584694887,3.0025202712718646,0.10901835331365173,-1.8929471133030584,-1.1088769762692485,-0.31990101882746297,-0.6670705453304775,-0.735814380258484,-1.9083039054155726,1.8643318155769266,1.1177837961065997,-0.4600461699853095,2.4306303170996912,-1.5435058411759066,0.21588405395123816,0.5875413850980131,0.2433721880116845,-0.300663887365367,-0.1526517501527231,-2.069183019029458,-2.5125560632450075,-1.745590997918266,1.3006235120534406,2.9820879599647876,0.727551674044071,1.0513291923502923,1.7857315462653816,-1.6704695974220043,-1.9286270760821618,0.12541770567474408,0.7524615615655219
Kr,-0.5788083927164139,-0.5280710105473801,0.32882283210688756,0.2717993872103737,1.1968763093809767,-0.07599120967283474,-2.335380075789266,1.3434139992254324,-0.2508691484886276,-1.3204853343281981,1.265193109960278,-0.6281991539995839,-1.0121570030196572,0.19249653760361915,0.44518934878635685,0.5734232006595168,0.08263456186505472,-0.6729185869265375,1.6650812805384574,-0.6675725744067583,0.278274739159988,0.14964983026754888,-1.0946444786334726,-0.25036086488127307,-0.8178610618107434,-0.5248904668994793,1.5048785040610635,0.7061639778502639,0.7294247828142431,0.3953255021321069,-0.21525512198360275,-1.5019785913589467,0.9727607133908338,-1.7665622431169146,1.0026809168672701,-0.6549843210913301,-0.6661082196844914,-0.531372250063474,0.5920670421179202,-0.2720145594787919,-1.0884746265042597,-0.38752318943395087,1.3288182755807536,-1.1647386072440504,-0.017954493290348605,0.4331242891950324,-0.2059080665388553,0.2113012517016613,0.9872505851928426,1.0868553338483153,-0.6976587878660547,-0.5888624041225194,-0.9584203065054496,-0.35057030851141047,0.32546232162298006,0.49807931318486665,1.080854099595592,-0.9403377825730432,-0.2513498483283769,0.33220512993477397,0.37426543482042557,-1.1308211693136434,-0.4214208386919442,0.05862016031491935
Rb,-0.4307463656295986,1.0525304119013081,0.6311812569607103,1.024040445046494,1.401078500712653,0.21721102207036505,-2.2848803359960552,2.8181125773205693,-1.6388615374230453,-1.873965506797309,-0.6959140453361099,-1.4764684268312707,-0.052532083847986626,1.1321994905660056,1.6901692936687869,-0.33801198706421837,0.18184938705671966,0.44555046863291276,-0.23583405437885183,1.0101331966040639,0.9791950991293584,2.04758270574775,-0.8770377749025327,1.1410194699599163,-1.7490794389786584,-1.4983010053331236,1.5128599723135494,-0.14020727903179622,2.0228762398153246,-1.2184335375945377,-0.5934519127942024,-0.054095500443382065,1.6644686160887505,-1.1559022518346385,0.018036942975960448,-0.41404156810919623,-0.4158530315828676,-1.7156494722421223,1.1422916652391846,0.375402491617244,-2.2139555888241094,-0.43074637657675563,1.9144603896695025,-1.8169728942268446,-1.349648865780946,0.48260809631313195,-1.6613731676724641,0.4356978890708936,1.3544812875123664,1.832150509026992,-0.05321572239555431,1.1553644013034228,0.9022484458244321,-1.6605923496633106,0.44652519638434046,2.065568573412557,1.6192991955815328,-0.7699294082079545,-0.23538251556698214,1.6061980810048988,-0.3657101830402111,-1.3473929436492933,0.29818219544582114,0.3018555220937787
Sr,1.0297095820022928,1.2009750457425807,-0.44066391730199167,-0.43007889474634337,1.1925626775875557,-1.1998131095173397,-1.30329476037696,0.5956881142218238,0.1926063773218763,-2.17416150183598,0.06783253704254674,-0.06145417184651897,0.13230294760302236,-1.0724920409354777,1.22192624913597,-0.23499218319065812,-1.3887878551881245,-0.6436153751185857,-0.5472260602921438,0.037407585934635536,0.3523837158256859,0.4959602647648786,0.4733570337211008,0.38172999904340105,-0.5403738355985663,1.029400361189044,0.2553857818656435,-0.5221707525384238,0.6351652150426058,0.8451665527284771,-0.31148278161192416,-0.09016979533518546,0.9848388541442026,-0.8092058544281017,-0.2909837977874824,-0.6520632990776309,0.6360636935324,-0.5452988770885661,1.2189532335507924,-0.09586632635331628,-1.6200554242558352,-1.8194356710557706,0.47854021048424195,-1.344622898316087,-1.0861283302141576,-0.7319183109974708,-0.4253238675535241,-1.364978228485007,1.5928351339431592,2.029375324802645,-0.19686944841520293,1.0535305870726992,-0.03709228820881275,0.2223479168921932,-2.647722258819111,1.1797079721889423,0.193834788803445,0.25103901723658495,-1.3202116995694453,0.856866004052508,1.093964290044077,-0.4757022947476984,0.9993284168038449,-0.8996985647387202
Y,0.03441450644557062,0.96468440730911,-1.12988748190727,-0.9216956510015989,-1.83305363353868,-0.9550257876035148,1.3310069049769422,-0.3633164981120181,1.080775627952406,0.8216886461868964,0.24394825573537018,-0.4688021876760337,-0.4664492905632768,-1.324906760746985,0.44356988120125346,-1.6868079429677447,-0.7863339160979422,0.44628633246033195,-0.729855190863624,0.31587960057823256,0.33007002105325606,0.44471906323536703,1.017334001500082,0.8519400798965396,0.18193078450980563,1.7713785319151611,-0.5689835920118513,-1.114139238048698,-0.0066514083102601615,-0.33800113209106186,0.6445587192827067,1.5952887928785793,-0.48860021001234927,-0.025005943904599252,-0.559725420974981,0.1688368055335846,1.159346461962402,-0.477543731917992,0.5422834437379036,-0.09600698426704131,1.2832350678610944,-0.6428007186763096,-1.0191077421180692,1.1446523379551201,-1.49833430163806,-0.7625238513216466,-0.03921486729487908,-1.1290967511468022,-0.5063393302302259,0.3695978859430377,0.4262717000905083,1.01707964333356,1.7094347361591495,0.22251256414919282,-1.1018472569126043,-0.16365557539829917,-0.49532297056495556,0.686834395412232,-0.8194591322977379,-0.2562082219252726,0.3339570558946963,0.48532301674901074,1.4160243238605483,-0.48861114408414574
Zr,1.0836512561229217,-0.4953780839309567,-1.9784834998822887,0.2302626730858227,-1.6042313681010214,0.29737496540551367,2.0811714380700814,-0.43275841362572304,0.03387980629606695,1.056636057189702,0.6359311031590944,-0.025355199816697892,0.005838814757374199,0.06623254086749064,-1.0182712099578337,-0.8803742266883385,0.17238915465419963,0.1956100316159575,-0.48720914160976936,-0.32028660334455444,-0.7298112877016948,0.11547761739913474,0.024373408242581798,0.9669457219032283,0.4682460750034903,1.2999346892311494,0.3729861763896255,-1.2191762306278155,-0.5783216916576563,0.6066168852993945,1.6866151101054645,0.978555835206001,-1.643355537780222,-0.2577076444597795,-2.0476174876375075,-0.7654029788729089,0.7091990795613706,-0.19030951148735165,-0.2608438692549764,0.1397534088551727,0.8669345033360383,0.7676499012482936,-0.9512960923513017,1.2941456690477748,-0.5786807547972742,-0.21872029443260466,-0.13229002112055163,-0.7464656018427713,-0.558112967471974,-0.5089960805926571,0.54318139491317,0.2727702372168883,0.15000992909919753,0.5401301487779363,-0.1093971456680677,0.4251675025750159,-1.4622516060701594,0.3411851967020119,-0.754462238500269,-0.06845905578826704,-0.11189168618549389,0.6752800350647776,0.40759823718963206,0.4694900628065193
Nb,0.6669426321728558,-0.6097929613067176,-1.2244390713466986,-0.6607067890044522,0.32678330456338206,0.3621408022283258,1.0427333317924785,-0.9798890563380482,0.31296347357200466,0.23646610309269872,-0.4065020960844466,0.2013733877539883,1.2570928699414248,0.6745363971696502,-1.017896450398901,-0.6524236568846179,0.24307790428895226,-0.6795886883519996,-1.4510464175989108,-0.39973397458198395,0.09978731917521842,-0.29523589603091066,-0.4693236799095937,0.07450111099254685,1.6047742618731229,1.0981356820256636,-0.6670858634287758,-0.412984157466825,0.4148694095347048,1.1128327075251028,1.5572000946543136,0.3206619626648031,-1.5443355562170036,0.6952487899324777,-0.8987930069890573,-0.7347525394938861,0.7423477136789846,0.3813014526909124,-0.0045828362976869695,-0.024234571322868166,1.1966901317464187,0.8830593937244656,-0.9307193125182772,0.81618270747343,0.44726056855817226,-0.6687275456365478,1.1939172293118767,0.5446017794945904,-1.001459205894275,-0.6701850259426425,1.7540149312143407,0.18474964382796405,0.3194429118270747,0.6459240490530848,-0.3248041158706299,-0.8883210886435406,-1.1824095952098084,-0.489159911711053,-0.3463892485840181,-0.6916334592897336,-0.39241408430847463,1.0464564464369086,-0.3075870233804394,0.31990155947044224
Mo,-0.3434190317990701,0.25928230455430246,-1.1696977219811313,0.3283036668746057,-0.8605031027713835,1.0928467484214368,0.9918686657947934,-0.35650363488921244,0.39349553966134065,0.9804368083405044,-0.9288547381346147,0.2855893978619093,-0.00764655646049946,1.005084665643646,-1.6108441278333872,-0.19832015746587264,-0.15755916076230966,-0.19623839348788766,-1.8540326510876233,0.19473746148344145,0.08324231946279406,0.18805760167583963,0.34602428592938256,0.7516344875802435,1.532792096483586,-0.3644546422486893,0.6389872524262925,-0.2760216722865852,-0.8120307005177687,-0.0382520367397668,0.317952605669502,-0.48734994900601236,-0.5598654634219001,1.9002650750759382,-1.0904965257784374,-0.7219203522761967,0.3612800021142654,0.028231873684111446,-0.7691178834142662,0.811491526104793,0.6653820674859757,1.2283494438212788,-1.122062145389945,0.8832766747263281,0.8738050638989157,-1.146819727639701,0.46180589455861776,-0.01995571450859976,-0.4610793453682406,-0.9403297362765591,2.214103209300311,0.5100357950078288,-0.026012127031040992,1.2044628584932096,-0.3585608504834261,-0.5532437611214442,-1.4267778445967032,-0.20429256454063724,-0.026172682179713434,-0.9455517437454026,-0.11523326380165547,0.8866822347431801,-0.43376125105034047,0.8028052958261509
Tc,-0.5814447472889327,-0.09338253434245165,-0.5858760139203812,-0.23432887875770747,-0.5920297860067965,1.3456486872949605,0.8366307631878007,-0.41014561541508404,-0.15145541241617738,0.29088147018369476,-1.5162085585581004,0.8678163269754547,0.9080231082061427,0.839752860890189,-0.8885484459740215,1.530702287578243,0.3315136583854954,1.3947999540107554,0.039756506769054754,-0.13986237729882708,-0.08897153935242016,-0.5186946763705925,-0.27303505593139915,0.9573518710866156,1.372376389968766,-0.33609347975592735,-0.28673088802379637,-0.21561540923407566,-1.8604817753868363,-0.6997356524851825,-0.1922113420751272,-0.20134383558070384,-1.0162569052826624,2.1169321253589444,-0.9858266599724071,0.5524702277491267,0.30491390983893324,0.04233104744078526,-0.5266671527578964,0.35045577390548427,0.4182706911832804,0.926032650137523,-1.2604336221795545,0.4788567383255408,1.8573010146844242,-1.0272741626899617,-0.05758615113878306,1.1032167277000366,-1.0671289849245613,-1.1555967459741738,1.8210699775853927,0.965830131870338,0.24019834767671364,-0.022300571734000803,-0.09962351159502417,-0.5798274078291729,0.21034289286387264,-0.45402598348907486,0.4366842762830025,-1.0085142061305494,-0.3346316048005746,1.346606634480003,-1.1660385425260844,0.8179630402603778
Ru,-0.19775693610792305,-0.8022421293531083,-0.03378406563609406,-0.27217384859173877,-0.8496229686053274,2.5357376358564245,0.386566604545502,-0.9605971967989875,0.8705848290935455,1.4232880702548942,-0.8309217868354839,0.4032979513034548,-0.3288064327371792,0.04787531389002563,-0.6200687431357405,1.4682758941158731,0.5414137645241791,1.315121142680881,0.7426601178451527,-0.7400364262711379,-0.2639232394775484,-0.8285895788404805,0.2134882282855012,1.138836101521666,0.5624943716170204,-0.18604825043318926,-1.277107509812406,0.603167555604843,-1.2032652291385442,-0.6355302091903803,-0.29961624257593983,-0.8079683992069102,-0.2092577618505761,0.1460087817110473,-1.9447535060923442,0.5664698541130915,0.5691045785637254,-0.5178807453662292,-0.7093589252760664,0.6095517468806378,0.17643730327795945,1.1083990709718705,-0.625645841893524,0.2561723940518676,1.5916859310810834,-0.31441872213227684,0.002683601051156086,0.756916401989463,-0.3227967640538877,-0.9591082300779282,2.053679430112746,-0.14076770848046835,0.7815839697815828,0.3917032171367231,0.01976129376506222,-1.2692088766151228,-0.22780735873202346,-0.35159795582838654,0.11284717349814194,-0.4227297826551812,0.31155170472785737,1.6219158189322809,-1.0359700338225373,1.6924139229151178
Rh,-0.36688335950624107,-1.0977500250617191,-0.025998527404677545,0.25325435326029216,0.5315118987034004,1.9816034021503852,0.36306705682752427,-0.541173607994142,1.3844944843194507,1.6763760483321266,0.2851228255631433,0.01748652861015239,-0.4213374525373022,0.764040964074838,-0.7667064597695935,0.25839402181293875,-0.0914963388853343,0.9572494141099113,0.9751148453450913,-0.7027012606193094,0.9892982790081651,-0.9311848394648969,0.5320905236472112,0.8624310969545296,-0.0087296256242577,-0.9605410848235146,-1.5047498661723986,0.7986083363103637,-1.3905562477869307,1.756268200880743,-0.5917215048644793,-1.1382006196344072,0.01514964031761865,0.42243248416914314,-0.7697131423918412,1.105444433006024,0.5282963310702964,0.28187798367555217,-0.3498454133931643,-0.26729452263146797,0.16101837250294135,1.4917358503672125,-0.8743426144156591,-0.32076181858681857,1.6013005547161694,-0.5790181460524331,-0.12196456052256502,1.9588205184307066,-0.7690615375924528,-0.9794458933771722,1.7171272337513754,0.5344825155359352,0.053452929370859,-0.14065375577540365,0.4960268251063398,-0.6118257997475667,0.15422150798291945,-1.1838358047579498,0.26608519757784094,-0.16911388946548195,0.4869843478281629,1.5110849258248653,-0.30509285927447527,1.4999109712366097
Pd,-2.018394959401842,-0.5781858657137102,-0.15700009251738445,0.7780753820257283,-0.5770380623298389,1.140017536049555,0.2378081925857828,-0.027127272729250446,1.1769258344722877,1.0800087275059316,-0.7427722240132533,0.8779423519258645,0.4241932410154183,1.197424349867682,-0.9308146343512961,1.5511318649469215,-0.03213360028914477,-0.017237368178501713,0.9808706124223946,-0.9806821389996537,0.3838161106282199,-1.579677863532401,-0.4202408856914573,1.4230521494042507,-0.07715006518290268,-1.6236676681899758,-0.5969060090762909,1.0890216677810638,-1.0171560191217983,0.5750133081098007,-1.0376401731708664,-1.421000639808191,0.027038580049035452,0.33841320222545895,-1.0191004185336519,0.026362395527493736,0.2963411878965131,-0.3161095370345682,-0.8854533120869108,-0.48381469961252205,-0.7885332523658258,1.1436233958461124,0.17203702552285613,-0.8622561082058956,0.4913918175453326,-0.21256115021687644,0.5450473509263591,0.04890928333052637,-0.5053596689735163,-0.22898352593257118,1.5709939344693786,0.5306291804549266,1.509467287041826,0.3199755308639847,0.05235903743027632,-0.8492163257405096,0.3622898026149509,-1.8108046308775176,0.057978789516299964,-0.9343208773880095,-0.551636718146276,0.5980244353334623,-0.8798339629421806,1.9096018418968754
Ag,-1.2905687273643012,0.289025346168102,-0.22298639191327035,2.0263765543328804,-1.096723418615138,2.3180885361133337,-0.8948840208034871,0.005897231706920946,0.5770746625816784,0.0014010590391306203,-0.1471552406645039,1.277543738050098,0.01764683157149938,1.1196535735715911,-0.5809733013892863,1.5814293865485891,-0.10659943510653334,-0.6324175250898187,0.0023474085299306263,-0.5532050259122345,1.335062206416095,-1.0634673693566616,-0.769981130859838,1.0736516145043398,-0.08363427818011562,-1.9077928709984748,-1.1539891381066065,1.5185592039652513,-0.3278591643990174,0.7378786500181265,-0.46690334910768605,-1.1229971967632686,1.2581109335230523,0.6819001513390548,-0.45220776952066977,1.2897954086239563,0.7754830336439188,-0.01771419082286327,0.0773282058848845,-0.3617642339898267,-1.1909583975957412,0.730334141859554,-0.32130837206437723,-1.4235573127388341,1.1303112847121763,0.8156247535531295,-0.028517284894845164,1.6889926416074499,0.6121444035797508,0.3862376342063827,1.313839460039609,0.008348098339863792,1.2519618642203243,0.13877316458927322,-0.8005314388020816,-0.2503786251851974,0.806698095102549,-1.5032300345143892,0.09788520254348584,-0.42430168777781,-0.7568349160187463,0.9847942214177456,-0.20189203219663043,1.7958013699077715
Cd,-1.9565600143567152,0.7817375038386803,0.28543819040095975,1.330313096057558,0.04934218408436389,-0.5841645649799744,0.19392255900640676,-0.21640612346433666,2.1916181713295924,0.9860743395737356,-1.8215942076057252,0.8588118517762,1.3385096139907988,0.6221935632778369,0.3598692048785589,0.8819602748228311,-0.12126470919342937,-0.6134218156422797,0.6665298420844765,0.39622526240624495,0.9933210528720187,-1.7720393540439003,-1.0378741334879458,-0.46854183714817754,-1.494252913004901,0.7628044984446277,-1.565352431790677,0.6249000260168122,0.06639799685403049,1.057626651843079,0.1750423997824592,-0.6247308691998986,-1.344996098696183,-1.427704100377148,0.2803952640055099,0.5850765995720977,0.8316481429130782,0.9021829474494272,-1.111146084808628,-0.2607329335761334,-1.38336187324967,0.9070926218114097,-0.04690941139225102,-1.2357772181594873,0.160066281657457,1.4554678393948788,0.34516939424223775,0.7696598169160604,-0.0688909579273877,1.5998613916181892,0.43318801878695695,-0.43808710411560525,-0.37970137925285324,0.18240087415569087,-2.0420118156964997,-0.5521133816369117,-0.1235222085180239,-1.103329265753929,0.39315790382828214,0.852779708636134,-0.1653605582023176,-0.053727222406527046,0.1401713151101939,0.36606963146017385
In,0.2781194835432056,1.0195646507981753,-0.294056545038731,0.8303124753970885,0.7287119233953466,-1.030415352347119,0.5589747951898559,0.0058196736076435536,0.7237508601493746,-0.7901450136348195,-0.7445083783997053,0.8061725088239955,-0.43665891246188054,-0.13509166824585403,-0.12713412063226137,-1.0038088213399332,-0.3013696453145139,-0.9470907712855575,-1.8909854361580727,0.2852685018645871,-0.3097651889325634,-1.3165240896985035,-0.4223278279773234,0.7728868144675951,0.7978193800270418,0.23579940400487562,0.12229664064302467,0.3439591186882539,0.734253469331858,1.5208675968772547,1.3054437819747806,1.1580348745650115,-1.1124151897289865,-1.3721384040477675,0.6417047616103311,0.22027281326804096,-0.7082068001753644,0.35409517877661806,-0.897256999696028,-0.4541149560693094,0.037260902816260634,-0.598256623875007,-0.5447381943106391,0.6962692840082004,-0.2035063167245468,0.9818006913843548,1.4770114698734966,1.2696243226316664,-1.2431735535224138,0.04359776523756503,-1.60472086364953,1.1550211509712407,-0.8448814436207882,0.6915691268942011,-2.2265780126239636,1.1278661090018696,-1.0177604366716508,0.9266570954308276,0.6337664071440978,-0.04573104506206502,-0.24340743560272246,-1.3674958107332664,0.4707318554561341,0.6368390855767598
Sn,1.1195350769285564,-0.5093072731424518,-1.7598668297998816,0.16493021025004317,-0.34649007516440117,0.5922858206998503,0.0027662961219310687,-0.6869824270034186,0.8101393079350657,-0.48777644026817174,0.8461742405907419,1.1317536946329296,-1.1135083719303052,0.6744962981585154,0.15781840789580673,-0.8617301596125769,0.8232652774918799,-1.7787877833398529,-2.0365654897597256,0.5633494879769554,-1.4693072008983843,-0.4482348123988487,-0.4803425469134667,1.2353831603337841,2.0236021750638944,-0.646339077143712,1.0273321482190703,1.2062605207317876,0.7754952607383052,0.7364357243017018,1.138689602149822,-0.7482036991794854,-0.9673709884775812,0.13702874407449578,-1.5308273472458895,-0.13854338543476616,-0.7107099660061129,-1.0263098916353217,-0.9847667330262303,-0.5661971884584068,0.1655899955741154,0.2044446574745167,-0.2027117731899225,1.0494583526022656,0.4983351475615991,0.7507789378567914,0.48138216869108436,2.1091579298959213,0.05619114568195593,0.1379387472115809,-0.05214006896008131,0.28682505361892,-1.4555348879264873,0.8277084301863737,0.438990589554197,0.5273314251364173,-0.2675542206617038,1.3528067680330718,0.573266357199112,0.781887520116747,-0.12613913015348605,-0.7221786681041426,-0.05604985722238241,1.3789957585840715
Sb,-0.07414856475675369,-0.9488371756267018,-0.8524984993237176,-0.17499660479044177,0.9766715807436644,0.48442157532708763,-0.16567095177663513,0.09666468677550451,0.6147308116573195,-0.036484567409461,2.2886561837927037,-0.08196522495955652,-1.3602698843936987,0.7087654564584639,0.45649713881245174,-0.48321106875552117,0.1818199648634024,-1.1664566720471976,-0.4657130666186132,-0.026065158497104356,-0.9119733426384257,-1.124768748307808,-1.5874073227669088,1.7308882771263603,1.685883097272427,0.669744857452128,0.4320474579722366,1.5139541711343205,0.5962778048859227,-0.33852378457010585,-0.12642655343407708,-1.711520830181943,-1.1093931877414143,0.3630635035853593,-1.2599409300819433,-0.7970239780825932,-0.7025567304911022,-1.5833798594722197,-0.19616406873462822,-1.6405581240281564,0.7133686184835235,-0.6260287545268941,0.43962899135339556,1.3473443289353748,0.7039528687328178,1.3803222936072337,0.7891029294051726,0.5025126932713659,-0.10878369949887325,0.271421868296252,0.6573399769210837,-0.4255871903929819,-1.7519929459262304,0.7288609591331944,0.7753598226187971,-0.7541160542599347,-0.17587127952412682,0.4694849245293765,1.2267703199376452,-0.032085619303906986,-0.8684368158712908,-0.9983228756264728,-0.2711809740800049,1.0093418831047043
Te,-1.6636753746790771,-1.5954395529519354,-0.3611409687409139,2.3241501219028153,1.495939440825033,1.164423335967564,-0.07719597841971865,1.0857582245517132,0.15172405150695692,-0.7643395136135134,1.6680320038846794,-0.35752621850876065,-1.820450100828439,1.392820620490233,-0.0024818736993595333,-0.549624020488517,0.6493875814392018,-1.3481786213466065,0.8157550355354575,0.5382404576017065,-0.6905931517843433,-1.1293427088114636,-2.101293799824668,0.8261835337469406,0.13649740244859476,-0.12977599742542448,0.6215961007147155,1.8380826590578159,0.0994830978489979,0.7828430710811409,-1.011155702002623,-2.461032215930221,-0.3422808857113682,-1.659175370230064,-0.2798348998228673,-0.29999590351204675,-1.4344269727672214,-1.6648964890915448,-0.9189588442587456,-1.243250203729913,0.37386566553326506,-0.03449863271126226,0.4318432435668772,-0.028248148785390254,0.060301925756753826,1.6747754081893538,0.35130148080689194,-0.006249898998221264,-0.2579628542163394,0.13382114341789203,0.6194668949376828,1.4226242944646987,-1.764247283160867,-0.6965083139833977,0.280717771391503,-0.0670133160867317,1.2481543763176846,0.7589014800576847,1.0898972433605991,0.6954268633559374,-1.181485399672784,-1.3860555742101475,-0.2705829553862825,1.2522272330196915
I,-1.8046670680755266,0.06468368054581941,0.9131010681247735,1.1382105852068403,1.0714760568417758,0.24150834285059694,-1.0103619362121408,2.2827171778552096,-0.49077623023171374,-1.7525650698302058,1.3978632747248778,-0.3224270091152233,-1.086165759327269,1.8314641443964383,0.11899183278701522,-1.6570371386647724,1.5583017771465921,-0.7782638847125859,0.8953870355930749,0.8183781263505892,-1.3301285620779115,-0.09689899338607183,-2.1857422489659606,0.5990308864692928,-0.11157448212761023,-0.7620566067912717,0.6701318682037469,1.2665449536245792,0.011798271684873782,0.8732699523257177,-1.6527355504552714,-2.206582834844862,0.9483793452622773,-0.18442388018481795,2.3325259945664385,-0.47618677279762456,-0.8456986322856123,-1.5251798806312744,-1.1048811690831932,-0.41081296728321276,-0.2868451854579893,-0.9675376629252422,1.7175374622388284,0.27407739945396564,0.39775028421452807,2.641908779972177,-1.1563564653883356,1.6570080018420197,1.0539074347727417,0.00837095837605901,0.45875029629787123,1.2476501801136173,-1.1596956660266204,-1.7337368964853206,-2.3802484520318763,1.04479883650858,2.872173056605856,-0.19592239204220885,0.48767373690990096,2.1585520129162106,-1.2385934906484186,-1.734693194535131,-0.22918304983307186,1.2106004586682217
Xe,0.0,0.0,0.0,0.0,0.0,0.0,0.0,0.0,0.0,0.0,0.0,0.0,0.0,0.0,0.0,0.0,0.0,0.0,0.0,0.0,0.0,0.0,0.0,0.0,0.0,0.0,0.0,0.0,0.0,0.0,0.0,0.0,0.0,0.0,0.0,0.0,0.0,0.0,0.0,0.0,0.0,0.0,0.0,0.0,0.0,0.0,0.0,0.0,0.0,0.0,0.0,0.0,0.0,0.0,0.0,0.0,0.0,0.0,0.0,0.0,0.0,0.0,0.0,0.0
Cs,-1.0976631925211007,1.0305605494706458,0.3610884723004562,0.05308126675741731,0.5039384390691877,-0.4663760039335758,-2.825245741349683,2.685755015248954,-1.4278303402262569,-1.4559097858142716,-0.0896438008715271,-1.8791450627155333,-0.926200878795747,0.3589096034378355,0.9995011130401722,-0.7047738175988099,-0.1800216536189592,-0.07784745926547665,0.5548896693096349,-0.14972296742700092,1.2711454632543242,2.3809282318675953,-1.0398154765976384,0.1825536656079091,-1.6637370304129837,-1.7668901714891627,2.126875249929055,-0.6819961475911566,2.03893570085542,-1.049793657966396,-0.3953824111266419,-0.6589997373943629,2.344289112598569,-1.7682321512554082,0.4276030383886712,-0.060871514464173555,-0.4113994299837024,-0.9858496510317952,1.1582863115178572,0.5801412256070043,-1.6992942407448068,-0.15497756657022535,2.0512791384865494,-1.8159624782939945,-0.928718071396357,0.7530798678551839,-2.1464286944142486,-0.24790307157448416,1.3006200144711997,1.8770893162700535,-0.5184805988859135,0.24259693582106354,0.47583968748692884,-1.2185831102665727,0.24949777151837715,2.115169371318512,1.5018275917722588,-1.4948037545365191,-0.2522003949534092,1.450414056873747,0.04122611280667829,-1.5655606828392914,0.321079830872011,-0.5887762721085373
Ba,0.5695033648398963,1.5767547494450271,-0.43338426182704654,-0.761553494669355,1.3916177614025715,-1.4218565352134707,-1.5684455350513502,0.13519832456118844,-0.03096875220433785,-2.0898136250917423,-0.46976770074321295,-0.9643787338388767,-0.5422703121152724,-0.630313857707237,0.6045725959395984,-0.10750221278717106,-1.3841384386386535,-0.3838726577225233,0.5472907637912842,-0.8292049869416895,0.7874811967772273,0.38574300580372617,0.5338864498667629,0.4029104022374499,-0.6626746279300247,0.6520724728480759,1.1136911274312615,-0.6680420632758232,1.3798777371936737,0.5679372817568729,-0.8398506704404259,-0.3766321565145951,0.930543282896721,-0.9106882707722085,0.6613398773225363,-1.3552792513223502,0.46434490225174085,-0.7311546062907334,1.0682119272091877,-1.1774289188244487,-1.4914610114746372,-1.7519307493629117,0.717872119778572,-1.133708081176231,-0.8247114755071642,-0.4540749592883821,-0.4154807912551007,-0.7650525761690975,1.1419235505605456,2.1016354141303193,0.15240570103307835,1.1654436104873267,0.2810790186436924,0.4316249487033723,-1.6405041929600392,1.195690018353563,0.18851433081770846,-0.09796956577364732,-1.132815789785154,0.07291556686452362,1.4367463879263518,-0.9713327304549024,0.8636280804307571,-1.0873887711696304
La,0.3297620588309147,0.9651766600661187,-0.8350963230526471,-0.4411261051123171,-0.5601001281264504,-0.8582034374717559,-0.5165311853511367,0.05659897354441941,0.2013476293835752,-0.5112684760275503,0.4921303385166564,-0.8442911659421751,-0.7124515499424849,-0.9493863156789646,-0.3526275516298513,-0.6306106883977879,-1.1042367877582742,-0.011671466160552875,0.5171696496254201,-1.0356752283133488,0.7763424698519231,0.3477375193698583,0.7242303456364908,0.23681097574675705,-0.20107711442510762,0.9223174056774772,1.0772541938112523,-0.9917283717612961,0.9933498794842776,0.16245277315986567,0.2909143319740053,0.20164475537472398,0.5774244832506028,-0.1939719575802023,0.41710461234938695,-1.2780788224180901,0.7407066943195946,-0.7257257963866758,1.322832537566078,0.3963581887868818,0.7201999428944938,-0.7969313643377592,-0.5686683599693887,0.5301748976983477,-1.1529785462967148,-0.41016871937049415,0.39799145704934,-1.1486997592506225,0.8843324624166999,0.7168897536072676,-0.19485160288254938,-0.9197255050098965,-0.03578794002366496,0.9464726283865369,0.054882869921999415,-0.39344391072415635,-0.6223730793105828,-0.7670891727581126,-1.2183432507169731,-0.6376311488820327,1.1144852556466875,-0.058953198376948956,1.211477148319796,-1.1683883553828633
Ce,0.14943110403369653,1.1165533231572067,-0.7775477038701619,-0.5339752167175893,-0.5434356158765777,-0.8553426485731437,-0.5236947142760155,-0.08629112190225116,-0.06771069200625127,-0.351992975154504,0.15169510506983758,-0.6087561156952656,-0.3461433978103213,-0.866375762205303,-0.43915752028926497,-0.4619962015037379,-1.2166023013906169,0.011384821740904378,0.3183060420239907,-0.9436392416874089,0.8459473960134363,0.3715900652322944,0.7882497943435879,0.3539702808806164,-0.1858722056081442,0.7923041949793671,1.0213443473006891,-0.9988986358875283,1.0548119714334805,-0.005385838047801733,0.3176189510576893,0.4367463750210309,0.8706071571185174,0.06955490878539361,0.5188536469743548,-1.26600186169352,0.8420835656154342,-0.5796906479082876,1.2267958125656153,0.42884609727973727,0.612727868407455,-0.7941670669243249,-0.6455568043588792,0.34201512200679574,-1.0498240718531964,-0.4100736988958817,0.5237391859579653,-1.1673003721248914,0.9475095848125652,0.6216024585344179,-0.0494284993039768,-0.9564770848675249,0.028835741914193688,0.9617926602839371,0.149042706187282,-0.5086695080515836,-0.8174353770113671,-1.1431348851651695,-1.2574428345465067,-0.95228574258206,1.0142254575262186,0.017598377591151737,1.220929503120629,-1.3035030100272003
Pr,-0.2744418496966745,0.9992821067889004,-0.8989252139037482,-0.36677796274456903,-0.15254380385852728,-0.9477160297180114,-0.9937719416566583,-0.06121648397953221,-0.00047693211987790367,-0.8413053788682674,0.2871143454094671,-0.7027628001750741,-0.31945451681648185,-0.8180814328234218,-0.399010430883228,-0.2445840584550405,-1.0388916256926395,0.41564587808915154,0.44335797664956444,-1.2098923658445428,1.0320563833080687,0.47287304816039477,0.7266651053525213,0.2865391851878622,-0.22810006912158007,0.6365948988835857,1.153122657151641,-0.9069819100515759,1.455543931556788,-0.6274126046589954,0.5234703299873337,0.21850041621217048,0.6241858875131738,0.6800747847329054,0.8603777585712569,-1.453540737971721,0.8175177509222255,-0.5705906216437386,1.3194354033155882,-0.24177013773402115,0.263642392992729,-0.701346886837207,-0.45150041247744327,0.34890974146448894,-1.0363229716964648,-0.591929213700761,0.46555530906975123,-1.130777206245494,1.0120629147980813,1.010984223271713,0.2623676266858437,-0.9371097273047279,-0.2536247570878908,1.097873963489428,0.3976203221262285,-0.4223034905381847,-0.6673320338365014,-1.2419273364166148,-0.889501603596488,-0.8117395038668689,1.4066779167360879,-0.0036593909615102124,0.8492628683350666,-1.3561400616247974
Nd,0.23204756863409357,1.0382922916692607,-0.7857963855906875,0.09578010198270809,-0.1760304933569279,-0.6865415351949138,-0.578249370420334,-0.02815224023918339,0.466397623259553,-0.5897831194495962,0.6087547883733173,-0.602623350714695,-0.9171429128585701,-0.999493996150489,-0.39319553807695523,-0.38833201516892263,-1.2584553946610924,0.006109224014905406,0.7142934855653225,-1.0844361530448978,0.9015641359621827,-0.13528770652386646,0.7169658614416546,0.33631663519517246,-0.45624519552838566,0.8358728811500428,0.8833620076394292,-0.7481681778142608,0.8529033339792348,0.6554396801462488,-0.009581791797776337,-0.06966735437089813,0.7103506719388976,-0.41792576609788973,0.7453078196804436,-1.0144863884079887,0.9322034204028826,-0.6249856940156071,1.302862644014443,0.3262174846383883,0.6985963288726141,-0.9980058647736958,-0.46660373106180403,0.5082404820832488,-1.110821997217941,-0.42687898293352305,0.4801851453038781,-1.1143505668823384,0.8943062921175592,0.6616672594525406,-0.2770666283468389,-0.9934594912143712,-0.24026784365488746,0.790591092570316,-0.044092338425443765,-0.6863371304788908,-0.5722485231343095,-0.6670539601858184,-1.139449938232222,-0.8330501668976285,1.2193680193510283,-0.1427036089486651,1.310834594709272,-0.9523988376244998
Pm,0.7920680897068162,0.8525682472346146,-0.7575840331621122,-0.5810378723343147,-0.6989572104219589,-0.6977924849820193,-0.13863324035159877,-0.0651860631551361,0.1708385314105948,-0.1816541874612962,0.29462088170955636,-0.8955948758395711,-0.5761275934340422,-1.0996593080145567,-0.24021927020571354,-0.4512604895058716,-1.055816541054199,0.28130212048854475,0.45679665258754687,-0.9253120973600497,0.7729550076388904,0.4444326977395121,1.0519966219039973,0.08084110526330836,-0.2594501274214894,0.8452313163870573,0.6307196180454488,-1.1548913317580454,0.5653743095492697,0.13599826981118596,0.13198132275075672,0.48955072194948046,0.3883022613676472,-0.14565883997304457,0.04797929991387135,-1.0167503245902691,0.8630438232233565,-0.4946036671272732,1.2494289805225676,0.7574429692021617,0.6173097861025325,-0.623132697109816,-0.6351097951796312,0.48965811684808136,-1.0448581630985496,-0.7644036273335918,0.17542695616682694,-1.0560293906007878,0.720119280736556,0.4963675917545136,-0.10819060917252904,-0.737514312400882,0.46379549186164676,0.7726467075971115,0.0014731743739831399,-0.2730308817751959,-0.6880194427405709,-0.5074817172896147,-1.1735528506368043,-0.5040009026771208,1.1667923639351458,0.25697404736717705,1.1293804793940676,-1.0820571871315698
Sm,0.3432771175686728,1.2253524739549506,-0.7108974068826058,-0.470526519011297,-0.4436297258176414,-0.866490016987198,-0.3256082078740694,-0.11713738961541632,0.3835190721231639,-0.4853059500931354,0.40335479774725425,-0.7481931550387928,-0.7689623662447673,-1.207035712476873,-0.3291870741113504,-0.5303495593277081,-1.2992870347981829,0.10790661633617014,0.4861558618178981,-1.065520221940534,0.8301352540915191,0.1451104675391927,1.0084083274740183,0.18451192407429526,-0.38598415072973047,0.8772461308351521,0.6601428308990478,-0.886300657998472,1.015712864283214,0.4328847456340079,0.03067857014629885,0.2846585705666375,0.6132734201326907,-0.13638993661089638,0.6391357554645678,-1.194157998607163,0.9438822743541057,-0.5325855652133036,1.328844187436355,0.4559595599731066,0.5644547210974669,-1.0295315740422861,-0.54696367391651,0.5589135048694476,-1.1526978547924613,-0.5270461052916764,0.44077905948349455,-1.0467868611584945,1.0073261160988873,0.6574726993419459,-0.3303254086221027,-1.050700434218971,0.04753250959824391,0.9748570390137373,0.09229022784394383,-0.47583063144848203,-0.6885228818150984,-0.9168085766511296,-1.3015120429507099,-0.8118648471404571,1.262106861459752,0.10428465774918565,1.257403464590212,-1.1630618685173886
Eu,0.7301219316501911,0.9668916886634473,-0.7107825729264641,-0.7810626811116126,-0.35349947889437483,-1.2003300509642287,-0.7331490633240751,0.3009410771476055,-0.08044486512429724,-0.5137484226264564,0.13805201322252597,-0.6244213273846104,-0.5973334200004271,-0.9399529835427756,-0.2735317639978448,-0.12910404790553204,-1.280735614098079,-0.21412966774613454,1.1742743473091852,-0.6953344433090007,0.7460517390735043,0.5781122425012545,0.5647683212805537,-0.2264937942318549,-0.6551621876968949,0.6329360488228165,1.5319875817284223,-1.0141527957441636,1.0352348544300969,0.22681070121792354,0.48400788436471864,0.32756343640828073,0.6552277062240244,-0.1930251188271063,0.7198589943529753,-0.8163147618979868,1.0350930244671306,-0.31016129286699584,1.3724759813398044,0.828640702249313,0.2077288316752018,-0.42642519008331176,-0.5957414491482251,-0.2613321962030848,-1.0327820371670784,-0.4386394906381898,0.5103640635260394,-1.0448779164339235,1.1944134531431527,0.9525627565863594,-0.4209483805040986,-0.8085745915460301,0.9163647033469591,1.0718387415354096,-0.1082484881347302,-0.03582987601060903,-0.4731017981731875,-0.8129420125566517,-1.4729213451078615,-0.12313186788616856,0.9870564937254458,-0.01799395892900902,1.1574862194369921,-1.4082018904308693
Gd,0.5441677431392768,0.9273414682977144,-0.7657513097899442,-0.48294423371593226,-0.5653818087465962,-0.7431749974430527,-0.371293126390146,-0.192527851659846,0.43310400193267173,-0.33902241951688755,0.3881764449707669,-0.7264857472833293,-0.6019341021341343,-1.200389538191283,-0.3186222067005169,-0.46420596160641053,-1.2200464953083785,0.20311625994390584,0.56654962601087,-1.1717159375013377,0.9169778863839418,0.17801502204641836,0.9776741151093193,0.15612806829352266,-0.24360334352609034,0.9573048755678273,0.8172481323413554,-1.0003119817393686,0.8324765999716393,0.21286522954950207,0.3129301574840487,0.3389263990554279,0.42066190746311705,-0.21871085600551304,0.3116274237995695,-1.1428804835022413,0.9549553690305304,-0.4913079346011849,1.320885324150241,0.6095421114357648,0.6095286489830916,-0.6786232231532694,-0.6539701146765405,0.41760196307506336,-1.09878782766583,-0.6547177861351179,0.4636301388235165,-1.0150436820313828,0.859733490829105,0.7565853921323388,-0.17248690103480094,-0.9790673401679232,0.18440728925976638,0.9637926851652816,0.0014748844181839307,-0.4644985477356307,-0.6987132213881797,-0.7746467864039922,-1.2905879516330099,-0.7524341711100377,1.2710444870845032,0.18699959630474633,1.2188454623292753,-1.156677983473698
Tb,0.935112421373446,1.0852774957829843,-0.645392644809299,-0.7856952567601252,-0.6041881137665859,-0.6372554785258405,-0.2286650812797487,-0.040788079373612875,0.4413074712229151,-0.05760023785743218,0.5451528661518219,-1.044516490689448,-1.0022136088211673,-1.217944705452413,-0.36370430285344213,-0.5905113889141274,-1.0590427637453668,-0.30944548179687265,0.6565756530421829,-1.0266879699399274,0.7454523993087161,0.03204547351071025,1.1527666120723323,0.17570836313100308,-0.12647340150301498,0.6065076747147671,0.6631146356953126,-0.7451989608498607,0.9814441281303871,0.24083744336910115,0.1361652483927738,0.20190472593949216,0.8597895537381531,-0.22070646741481123,0.31177200081412326,-0.8338551305649572,0.805008525803959,-0.5486793280438483,1.131862512898881,0.5203055382241208,0.9221623083735476,-0.599361459663651,-0.7094159421162286,1.001108695024573,-0.9026330204826282,-0.31545974891202516,0.23662203886744224,-0.6632727374814288,0.9356804372597242,0.37041006029274565,-0.4052531921218164,-1.298679808666307,0.19956801650407296,1.0726495468469357,0.5070715122242305,-0.8609230870574571,-0.7318892005034973,-0.8852711142399493,-1.0817136174367892,-0.5460594219195439,1.3688438666871396,0.22241443737394115,1.4032647856461837,-1.1729526014045544
Dy,0.5205867841919861,1.065924745343858,-0.8553236706602563,-0.6237147248350435,-0.9697654003632757,-0.883889767745566,0.20311208998020394,-0.05023609594777791,-0.22530685237275433,0.010103994743151835,0.20769271509414455,-1.005919920552132,-0.5463115587669264,-0.9650121305999901,-0.5827263159743368,-0.8689198646452746,-0.9969955774826872,0.4676306559890411,0.425488259113098,-0.8702855204746154,0.6550473302592421,0.6504023832088504,1.0741938381911373,0.07138010840796716,-0.08126365691957198,1.0314590900947445,1.0759520160388558,-1.207704061380016,0.7529339076789416,0.13034357340820601,0.6283255301482888,0.8554342524005967,0.47876373906150804,0.6082583692762566,0.09144830056160468,-0.9869829788176627,0.8337953634906692,-0.6937370761826891,1.142498476233463,0.6268232572939191,1.0831027737163252,-0.42398732096984293,-0.9099791693637005,0.8438926989723823,-1.100003373104431,-0.6768342731344519,0.2993664500920125,-1.463432642858074,0.7157353648327449,0.3783861992736038,-0.1871077950901683,-0.8641159096946358,0.3009972922847223,0.848706095289825,0.5123906345818329,-0.4474347951998115,-1.1470889339959414,-0.6342067966623927,-1.2257016704085184,-0.6905939404550032,0.9600940999856101,0.16404841064390607,1.3013166420150952,-1.415459757464106
Ho,0.9192188638613069,0.9545935441134834,-0.6867607697719509,-0.7349349903757619,-0.9513714926618068,-0.6935929800292496,0.14710044791238125,-0.1570055296020413,0.13624242159017547,-0.03563540242498949,0.35898849890475754,-1.0424223645769815,-0.9547847819423737,-1.346478093657124,-0.665835997424176,-1.0620585975235886,-1.020595472149137,0.45353765768051324,0.5296909346093439,-0.9686662298110252,0.5868748409544563,0.45246507447162626,1.1604585127837928,-0.016860280147583732,-0.13352853159543282,1.0975106508363837,0.8263457530028132,-1.3614770773042901,0.5828390171094227,0.0352411153005881,0.2876049377081064,0.6531049539187147,0.28952347025026604,0.1958139232919852,0.015547912857742322,-0.8642468981716104,1.0039305869610677,-0.6406506396200848,1.2150451103184108,0.7159997266398079,1.1991219652342682,-0.6488803540229967,-0.8091845323980703,0.9430657015209326,-1.2681801189513895,-0.7676451316140018,0.24643364846807714,-1.2594168679319573,0.6855746180527802,0.33623443947888243,-0.45584371840163396,-0.8831567999700844,0.47222945027604196,0.8132596018294517,0.18251789563374118,-0.6464418983725527,-0.929828487186967,-0.38000797886107696,-1.28531174541959,-0.5474855772914138,1.199404164307042,0.2838020975426654,1.5302465864406876,-1.3487622280338174
Er,0.8524078163004221,1.090216224807413,-0.7165672442099634,-0.727372533784079,-1.0894879130699986,-0.7561111143274217,0.31625947311346003,-0.12354382024866085,0.15004966485776317,-0.03662394869609619,0.3769348058640363,-0.9281746766602408,-0.9821525962842451,-1.1954040505394508,-0.45244901901555423,-0.8874707086220857,-1.1019917867804534,0.2918912113854703,0.47628214185198414,-1.0492257713505821,0.6281977318146461,0.5170141724312687,1.23806706473281,-0.0604601947818642,-0.2575561903994777,1.2453272420152652,0.7052156808501564,-1.2639339652592345,0.6492226764430904,0.12744621629517527,0.359415129860531,0.694252145859373,0.41768395580491274,0.2469279135568509,0.04873052385848806,-0.944631168615517,0.9399616020451743,-0.6681470380586693,1.2368478650197763,0.8751407300628109,1.0901583288719872,-0.6093552081956459,-0.8469277926423991,1.1258837767111955,-1.3162393965595982,-0.827532033782504,0.2377543911863378,-1.3073328256014005,0.7016957066013089,0.23727356640516992,-0.32531571182704677,-0.9355504770612217,0.4910423106613971,0.8995177600475326,0.3305662589983453,-0.5848236560969502,-0.9928584836738252,-0.3339006621737369,-1.3394315106883903,-0.5571289882163436,1.1149353951534384,0.20307648394927694,1.4646190230352414,-1.318705830259409
Tm,1.5362049466529448,0.92906317787387,-0.8489429443102893,-1.3121619434890754,-1.3575606567429916,-0.47050759810782344,0.5796105551951427,-0.4118654986354928,0.19753366734829228,0.5387946139734907,-0.03177765610101695,-1.024670497342328,-0.962188402471335,-1.1458803802767354,-0.3844353192816246,-0.30186001999704953,-1.1211032280859015,0.15094845779856486,0.1514161218803092,-0.692207300078683,0.3278338459766663,0.32357009607024334,1.530442607440235,-0.48638619738458083,-0.0724423780665331,0.5766997482185366,0.30446789307095995,-1.3054265567670957,0.26612741363744263,0.43608099909158,0.5167981127720291,1.1641545273047496,0.34322642837601747,0.7169453610894604,-0.6622877917027106,-0.5987197748847484,0.626164640071624,-0.19555284062220857,1.10586328163752,0.9294813853082462,0.8521121624944529,-0.189907548217342,-1.035307248073184,1.195115084418094,-0.9178786795836638,-0.6243754740765683,-0.15399818132860466,-1.2449476011534888,0.40297051190656413,-0.2156071776050978,-0.7275495512307282,-0.7770441016117593,0.24218993184116547,1.130457663355312,0.3749586150112059,-0.6305236188985753,-1.1241210293287816,-0.38606594010850637,-0.8504164630576452,-0.09202805622688727,1.2855547131352942,0.49754019374761727,1.030398583957778,-1.1552375203781675
Yb,1.2804728490820354,1.4333739729063124,-0.4164847028409659,-0.044071324650527155,0.3299683207723647,-1.5085789440141648,-0.47135434221679573,0.08892935828902405,-0.16503616356739395,-0.5143179971235798,0.27573902007803713,-0.9968416738928463,-0.824277772011415,-1.3479761444903355,0.16613623710578174,-0.032818945564161844,-1.40469870199539,-0.3902229114923992,1.1845522159112418,-0.20244423880853615,0.38052380681764214,0.8342744989890722,1.2623108516703858,0.37096341107916964,-0.5462125126784525,0.49943317426439504,0.8160408012326481,-1.0308250395565897,0.6715704606010668,-0.10298328420632594,-0.4772672986176111,0.3147062004471902,0.5156407744936615,-0.04106750238535219,1.2059511377488907,-0.6880896990519592,1.0959162889959815,0.04513745192497364,1.0499112900209417,1.0133611917084744,0.20432025415433108,-0.7645818207129195,-0.8167944016461625,0.20095609200576017,-0.9646506539131382,0.045064318244112785,0.6725336121619858,-1.2801562993826208,1.1678169018307678,0.6489161482869112,-0.4476527619191794,-0.47570765798855624,1.4991966720809946,1.1287209309407462,-0.866380686464388,-0.32141647666500656,-0.6903437169093235,-0.13952109192910025,-1.2572033351612812,0.4734980710937739,1.0715676912051937,-0.036886527868139625,1.4658874364854568,-1.590498869890718
Lu,-0.11798162421252038,1.0141952806861294,-1.123701726936185,-1.744110535067827,-0.854971613610246,-0.7584762906033004,1.0246394337503313,-0.8321194232695379,0.8396913245065064,-0.15623067676533603,-0.5806957823581615,-0.3241204358656317,-0.04810547674368461,-1.494960649455225,-0.3601981769360843,-0.4368565968717086,-1.5346129468307985,1.554204406952706,-0.792733157466692,-0.7464101624358769,0.16671205563587876,0.4869513845282561,0.8548732689471484,1.0678358346296095,0.199638596161631,0.3541108835889463,-0.3114402777410583,-1.2195586528921742,0.943776255596892,-1.4846845999120626,-0.3319295870796556,1.1856800298756247,0.6414139211445822,-0.1510322720667269,0.0978246774039189,-0.8276973159378146,1.043139851750765,0.7466998012199746,0.9195831104751501,-0.6629559062971029,0.5195515350934238,0.007398775500891765,-1.2366688898016265,0.37007452165209853,-1.240990717545619,0.24156006374575992,0.5401098272332661,-1.2333784004308468,-0.7966170252328093,0.24904632120151407,-0.08263267354797904,0.6320181742388399,0.5938136989082795,1.2185220826407013,-1.2653853729503661,0.28545266463803526,-0.3560037131159094,0.11445495985595704,-0.12919176622900264,-0.8340916474064004,0.5831146992340756,0.48231276144739654,0.3687755108236557,-0.30550349304116625
Hf,1.5622575207998222,-1.1431253497820422,-1.8736735941184506,0.23018936474567098,-0.7611151801506496,0.7305069945352671,1.6276447741308744,-1.3962193521390025,0.4512521021281628,0.7154183675214242,-0.38114007277303313,-0.9867486256571113,-0.17179480955274323,0.001194198507535002,-1.1906236966938177,-1.0213742824681313,0.07706509729019609,0.4124915162082656,-0.2245723356865923,-0.2212349651712498,-0.7231423509070429,0.0006111391498305182,0.5879235656616085,1.0265282580582342,0.5718134405309536,1.4283700199010574,0.53070501725203,-1.0529345194776458,-0.07011467831030968,-0.5442418869265272,0.9707945808532361,0.8180462150121175,-1.5933904704707025,1.4848746083193087,-1.814828460244989,0.3351808828714802,0.8570862511104712,0.17999298622625012,-0.48011877541222503,-0.022727691268386967,0.9663253880076464,0.1859165656511855,-0.9554547714984404,0.4338248206790758,-0.05810302649587943,-0.35359842963508314,0.6508772057564352,-0.6002170360699753,-0.5753243137941416,-0.9951037752106779,1.07923011839713,1.4013927790081155,1.0615982940663493,1.0817456280053246,0.4723617429042791,-0.0639813697820059,-0.9344674246256256,0.6596111833504974,-0.6377660707929368,-0.3242406919792802,0.5826868123347755,0.32633272535568864,0.1726988394827784,0.12918056778647832
Ta,1.419662096742421,-1.1507600291336388,-1.7449841690197643,-0.8244703503249166,0.24418287144756276,-0.44666950556119067,1.523179652519996,-1.2097475109586489,-0.27938493624821037,0.24670269131012873,-0.4401826643000944,-0.3660533115122581,-0.18783034829989878,0.09852783136186338,-1.8623299723338327,-0.3893094513054807,-0.05867349843874012,0.4069495910585499,0.2291216608019475,-0.8340636554838966,-0.03425663194260811,-0.3950783635278012,-0.3690429831523006,1.3022545972309938,1.7736079124930126,1.2863363957562763,-0.4777432251134233,-0.7326950753663628,0.02285938361855905,1.097112518028142,-0.02502813507733168,0.31674260033915386,-1.1269485026039285,1.2710025228064032,-0.2855157609988197,-0.7761584636904407,0.7363071001678965,0.3538154453039207,0.12712339074850457,0.20082591057496393,1.1801652175460458,-0.06169193858539124,-0.464655632088784,0.5615901099069479,0.7735308173198032,-0.48810969441513513,1.0617239548772321,-0.5443247545303448,-0.7509194776040453,-0.8142081949950086,1.403909026861229,0.8810995327340596,1.2885495939426301,0.6777384191345444,0.5362459403807973,-0.6513112062269185,-1.1693683471911196,0.4030780169946841,-0.20294416945163002,-0.6254818441954269,0.2071943604495051,0.8233695943634403,-0.03024967611579016,0.417308890536445
W,-0.7780295862912605,-0.20401600626028962,-0.5164847280598828,-0.3208627059574659,0.3646160277334346,0.2306132906638298,0.917757690143854,-1.098239329315963,0.2248039919611412,1.0227564424590445,-1.7952511550442214,0.1576213021874369,0.457971618589076,0.6696384158035846,-1.8744926430305648,0.2980120669251031,0.10925317459824928,0.8237634574310296,-0.20701990012703586,0.20269100685551764,0.33868409879404276,-0.1047431041940275,-0.0820186151088913,0.14067802177476163,1.1498770590910647,-0.10813612199703959,0.06533158080910581,-0.14237229874529467,-0.9974995148306284,0.38370186272752654,0.24534035556204992,-0.1988320727511825,0.9990343661624319,0.8638147762575992,-0.04171408844826935,0.2947925750737631,0.3739658036674646,0.9278255140445526,-0.49750993327873055,0.788638407314469,0.661569643789378,1.621463647059093,-1.6590798655644077,0.8141506566884519,0.7700474248505348,-0.3970854622993808,1.040839225037827,-0.302118593877715,-0.9719957021228158,-0.6573372208467162,1.4859721475705656,0.3458915388320206,0.6265404082181323,0.9235630578157894,0.853589585244569,-0.9139153794441779,-0.5889013636826796,0.48075222712727755,-0.36696989370892863,-1.630240373040849,0.25476581612259114,0.8548693925793796,-0.7752249133928932,0.09253269393856922
Re,0.16362672504687348,-0.12820346371308772,-0.45560077226640744,0.737029491707719,0.6918989722753819,1.0121247491873173,1.0232266093875626,-1.1541051053444984,0.04496650262248324,0.7793961742504881,-1.8072210928312984,0.625619802921689,0.7998210838656398,-0.15073539978600772,-1.215269508787248,1.0789621472572781,-0.2019864000270923,1.21693926048126,-0.5962968329001737,-0.6306416183536323,-0.553699676088367,-0.4238145386219492,-0.034799756917388826,0.8494695243095468,1.0118752421656507,-0.4130647213260645,-0.23901281925630324,-0.33490913947183104,-0.9217155390584163,-1.236980977489118,-0.34257035505882666,0.4191992396000989,0.3579812144357995,0.7625988653696572,0.5038742786958404,0.20303515073064177,0.5790766638266489,1.435323816142586,-1.1315563961337747,0.22087018489555885,0.5369236913029068,0.707313761645667,-1.3629190681953116,0.5625687187624088,1.8371606193076992,-0.7128006141729427,0.6960708118681743,0.6740535327819454,-1.0799669829528835,-1.1913445634046056,1.1024829555121962,0.8375231990935282,-0.003906891086233898,-0.07924745702468855,-0.21425985656763286,-1.5156878952549364,0.08783541185314048,-0.2972086529371077,0.11317602825566442,-1.0611958587876633,0.5208763637862358,1.271585717131146,-1.221921222802471,0.23841901354165848
Os,0.06151056037346292,-1.6191357873374954,-0.018504792219860216,-0.5075417682340837,0.5021883498507501,1.5832801101977947,0.17734207374915686,-0.9001586505664458,0.5769485985793108,1.0035246528336743,-0.12362666490207787,-0.8422037369775851,-1.1332454412670434,-0.021252493902690416,-0.9128945410990968,1.7885347872198225,0.18782156618382972,0.410859834539485,1.1509410820789046,-0.6954916170795602,-0.2932617768596425,-1.3649865710891609,0.047610366733953816,0.7791140150941145,-0.2705204908425504,-0.9342449393379539,-0.31634447021997497,0.538556614112457,-1.3367266671640812,-0.39827362247314063,-0.8005648729614052,-1.3144041766939123,0.5713577593365587,-0.9279540860588279,-1.0756689791321474,0.2263239163114517,0.5436471091275256,0.14272019557062554,-0.8796654197195892,0.32511200094568005,0.11669888199523692,1.6290679843045022,-0.5229018598478483,0.5238127780619306,1.5782326462333331,0.20040007816244126,0.3234985538400671,0.3086215340277649,-0.5387080885070902,-0.49041160674353157,1.8266945979392015,-0.017740920366691396,1.0737749963653584,0.3048429145789718,1.0228849036006438,-1.7675434368423957,-0.19080058071219352,0.011651011836920506,0.2621037925285904,-0.8235263152843323,0.4999101499344337,0.7841951887157698,-1.4312271194472,1.491632021747056
Ir,-0.8566922704465535,-1.4164404917698725,-0.11256699501197273,0.6734752951548127,0.7382918292574078,1.6409459910851554,0.21737079837303905,-0.7967724063112887,0.7978001107496114,0.8937825997463315,0.2606179825043481,-0.41110150981356824,-1.0572742428545505,0.3814057625226155,-0.31263429864989645,1.9493680142565482,-0.4742848273819192,0.2928048337093037,1.5900416942861815,-0.7606211220502647,0.48698608175819186,-1.5062322091657796,0.5645999566707472,0.987998866996484,0.2614522084580178,-0.9397374534351438,-0.5347917297289216,1.0188033407532402,-0.9827608787509045,1.0998003152686617,0.2523687202469064,-0.903694827488729,0.43996763742903605,-0.828022312250578,-1.4804832217322264,0.2576815084203193,0.25191412909179306,0.312267056088203,-0.6774159319509432,-0.35660631873019105,-0.1459377821021154,0.7527926118645226,-0.6616498281354563,-0.0075326101525263565,1.286083176998948,-0.18900802864794633,0.36770817074468404,0.8276049771017843,-0.7474962735630325,-0.42709537481398563,1.3363589593118783,0.3425276554567452,0.2995289447357163,0.5398515625521771,0.706548907326855,-1.2962689452049352,0.3841500905867003,-0.7112937206418921,0.8528472323755799,-0.9905165151333465,1.0633786647364458,0.8599913569993329,-1.3537949916143173,1.338927752345924
Pt,-0.4789270552242084,-1.2186748942455246,-0.462460760130401,1.5311764624691069,0.17572933783558872,1.0829024970295744,0.4074366978471896,-0.025627517571335596,0.29403727696973436,1.3976668368940857,-0.24944133722410564,-0.20259599135480139,-0.3837615763250051,1.022487275519231,-1.7249562645884482,1.0147607741508882,-0.7484646081249444,0.24588147574646596,0.6915097959162552,-1.3995909965395932,-0.11890111967708011,-1.5591825410928295,-0.5985795277723654,1.9357364527795278,-0.6310090838043392,-1.1739574356376103,0.019671265548206588,1.1279018441317004,-1.3907755326959423,-0.4623680847740036,-0.6504565241976377,-1.6603358959228691,0.8943815803522709,-0.5399058080840915,-0.9975204857383537,0.10546739901972385,0.6602431181040413,0.3289509300253146,-0.9109801368442649,-0.25702957760615913,-0.6432788189344059,1.041913587455357,0.02054430080733557,-0.4408229628015743,1.3008402660917606,0.3117078356920218,0.7645997139085111,0.3945795530839065,-0.9354062910912461,-0.4494434477508376,1.2061008481736026,-0.1908597183318885,0.6105576800838589,0.376039797644249,1.3817431163229843,-1.4806129937999613,0.6933262686892903,-0.09086353641050511,0.5789056149156343,-1.41417008780223,0.49427473794426463,0.5573593062456005,-0.962578773646481,1.4673033125650836
Au,-1.5415899507113446,0.04027213506787252,0.2779647196070358,2.4440527884829413,0.8159791530208685,1.8536058290846142,-0.957529905301734,0.44095977587543633,-0.14072406303533838,0.6016507974118162,0.0024496507002228496,-0.16897488772876934,-0.3047463383189672,1.3112589345735248,-1.929199631143897,1.1361831517356185,-0.19098828542727073,-0.7426618936513094,1.6757225842306347,-1.137419074684469,0.9552580621902547,-1.4212948421655995,-0.7358084416624695,1.5136843019007238,-0.9913180897549393,-1.2720593658714243,-0.09126520126353904,1.3548254075910269,-0.6776997428949922,1.2483197466025562,-1.79445369257781,-2.0087485747772287,1.3109039047519826,-1.6349874028816311,0.7820247257343571,1.2331351848175964,0.6471103793120543,0.0958092199964946,-0.1084097986635515,-0.7490081299753372,-0.469404055412572,1.6482948909779012,0.30602927378698813,-1.354677675904618,0.8127153300543425,1.332018553082105,0.19058437267385797,0.8306626384830754,-0.0425016109588062,0.6882016050287112,0.34214768350624564,0.9398327888986502,-0.26599734163115757,0.047947595304205705,0.09877633472391023,-1.1556519435603891,0.6305612214638089,-0.4950077054442977,-0.14499060757198923,-0.8159073694655568,0.3609504059172447,-0.03719232125774246,-0.7406713079687739,2.0198148907071127
Hg,-2.15230410200974,0.7059368006388212,1.2364612030884552,1.7781011207372512,0.5481912936869232,0.07198050441748244,-0.4071721495926577,-0.5393103201492214,1.7194994188475308,0.01741567601892052,-1.7368038452807,1.65256260813262,-0.42486238306367136,0.8732808252281251,-2.0243031297863987,-0.5200160042070145,-0.6603103768855652,-2.186880510830663,0.8772900080635735,0.31053136744582793,0.11582580748391746,-0.5137488747438267,-1.5294948325845066,0.3357393396397487,-1.2201087046562207,-0.6181356968247983,-0.8446076221872088,0.9388844658294548,0.8748377023678975,0.5380298503173079,0.12205727928564153,-0.25987359661439713,0.42558637097218993,-0.5565477924205782,1.289530909556741,1.1054396454079538,-0.1733863860548621,0.07362011016677567,-0.9394227515726422,-0.8033840571659597,-1.0343617114533052,1.7063467222314888,0.4553309284382663,-0.7377301038489125,0.4721481490504457,2.481630113304407,-0.25688151182584196,0.4583937002410224,-0.46021149205248113,0.9560523616071817,-0.8437569600544613,1.1353417584593355,-0.08595831589492833,0.03422309574524622,-1.4646628330050149,-1.3487601500689006,1.3233180748674915,-0.01626035444794112,0.05394803162337518,0.8126047385428605,0.05991329676401974,-0.1730576395145272,-0.025291545148285098,0.9634083651995277
Tl,-0.38784916156392335,0.9367267487147273,-0.22976106526102158,-0.08687034241789293,0.36935986991404435,-1.4561958386770426,-0.23926307330279054,0.28317079697230113,0.001065006889660882,-0.6606524616504025,0.01680389799158327,0.9202326486708865,-0.3190729759835805,0.08206507757450673,-0.6279122870468706,-1.8321669785564378,-0.4045636536255152,-1.1836202682815349,-1.401858496881951,-0.04970904559652872,-0.8742932315172934,-1.050011525146311,-0.5030131413846346,0.6015129090545187,0.6655083553723434,-0.27265811828175346,0.7196824958605731,0.02096949072498257,0.6768193181052198,0.7498792500822151,2.204763435974725,0.5697584579847457,0.9849059056648514,-0.32043843439803177,0.13675064705376716,0.9256045786868947,-0.7533870465618647,0.5698052941501058,-0.7907801277111316,-0.9133297086231702,-0.049810878566097984,-0.3401052165329105,-0.5446916130658843,0.1811521705092745,-0.4765137208914293,1.7392953147034294,1.363554661060991,0.9253779523008226,-0.9374634087926045,0.8270440919869221,-1.6703640451866413,0.2444668523986455,-0.7709016814463369,1.0222963122503126,-1.1160605182011696,0.19221592284762065,-0.7716138408701921,-0.3939565440618124,0.22515317072708546,-0.06759760735338755,0.025094284910544665,-1.448225596307969,-0.08130650741871122,0.6475921713432173
Pb,0.5103636992361743,-0.33346879125029016,-1.3904978501039054,0.8192240444457188,0.20365811242640666,-0.028773478305919396,-0.4644049512540189,-0.47981789281106785,-0.09733096358305066,-1.1109567877253195,0.2696183634206128,0.18710286912308552,-0.26494189005374363,0.7103376539526277,-0.7569118641485106,-1.3215322851528062,0.3442290905175652,-1.182508993038326,-0.9907201539631122,-0.3330887154993989,-1.185548641840285,-0.7279958381503309,-0.8266527735130491,1.0470036800899873,1.0173525630880333,0.6358992037134562,1.717385933152853,0.7856510652865906,1.8922034691893554,-1.0970087793928693,1.4461124764223285,-0.6337076334768993,0.31971047502519506,1.0244069911438094,0.5769416875681679,-0.3555694349370759,-0.032838832170356005,-0.8346996517341911,-0.6373077191294382,-0.21701182788204987,0.4940569980255278,0.0740937096377887,-0.4266518275166766,1.1762596037854223,-0.05328970300980537,0.982390135508859,1.1357309924008525,1.5432289639560486,-0.23356424379698942,0.8086942108900849,-0.7122590118342796,-0.29439118938183906,-1.2808299585216234,1.0042190732966243,-0.0020722644379220067,0.2474692749323772,-0.22377913732505514,-0.1458343010029197,0.16054770408270308,-0.3968014361984679,0.35126710251676296,-1.0552861913096752,0.49071414564436244,-0.014120425347100877
Bi,-0.5580654228863217,-0.16174264933949875,-0.4657599810942041,0.05929943020505294,1.0987826107597027,0.012494475019509012,-0.6360337733113853,-0.1476471726708206,-0.0631080605473129,-0.7208124782342471,1.2006753405188688,-0.06106822290589621,-0.39822962352564156,0.9743428875745335,-1.285505431821759,-1.0952569536575218,0.1439792990507064,-1.2693680667326543,-0.8545988624017219,-0.35153825734388605,-1.1242622788885064,-1.0333281000576156,-1.386917318285953,1.1306663690556122,1.8847709271728295,0.4434474193743835,1.3140441152630116,0.7037516985211064,1.7010746652614837,-1.0407394258232583,1.5145967019088957,-1.058396730275132,0.4957361525881511,0.05542971877963679,-0.08543358582601836,-0.44849167213014957,-0.6801326422415358,-1.0717088720987709,-0.4139745660860079,-0.7951489522822673,1.1799337190091512,-0.47270795813311006,0.2491185835133868,0.9840942209469684,0.13397963781955807,1.7180691018246432,1.367613968648582,0.9938254753414744,-0.3286683496562736,0.358460680194177,0.11393336815240258,-0.02838278614252081,-1.2956047632765957,0.9797655189578403,1.0034373964675622,-0.7356188704273747,-0.45133995987166314,0.38215042770420277,-0.11916533847387445,-0.27509080170822237,-0.8821658010934158,-0.6815397395711246,0.6363099076504708,-0.035130644566532206
Po,0.0,0.0,0.0,0.0,0.0,0.0,0.0,0.0,0.0,0.0,0.0,0.0,0.0,0.0,0.0,0.0,0.0,0.0,0.0,0.0,0.0,0.0,0.0,0.0,0.0,0.0,0.0,0.0,0.0,0.0,0.0,0.0,0.0,0.0,0.0,0.0,0.0,0.0,0.0,0.0,0.0,0.0,0.0,0.0,0.0,0.0,0.0,0.0,0.0,0.0,0.0,0.0,0.0,0.0,0.0,0.0,0.0,0.0,0.0,0.0,0.0,0.0,0.0,0.0
At,0.0,0.0,0.0,0.0,0.0,0.0,0.0,0.0,0.0,0.0,0.0,0.0,0.0,0.0,0.0,0.0,0.0,0.0,0.0,0.0,0.0,0.0,0.0,0.0,0.0,0.0,0.0,0.0,0.0,0.0,0.0,0.0,0.0,0.0,0.0,0.0,0.0,0.0,0.0,0.0,0.0,0.0,0.0,0.0,0.0,0.0,0.0,0.0,0.0,0.0,0.0,0.0,0.0,0.0,0.0,0.0,0.0,0.0,0.0,0.0,0.0,0.0,0.0,0.0
Rn,0.0,0.0,0.0,0.0,0.0,0.0,0.0,0.0,0.0,0.0,0.0,0.0,0.0,0.0,0.0,0.0,0.0,0.0,0.0,0.0,0.0,0.0,0.0,0.0,0.0,0.0,0.0,0.0,0.0,0.0,0.0,0.0,0.0,0.0,0.0,0.0,0.0,0.0,0.0,0.0,0.0,0.0,0.0,0.0,0.0,0.0,0.0,0.0,0.0,0.0,0.0,0.0,0.0,0.0,0.0,0.0,0.0,0.0,0.0,0.0,0.0,0.0,0.0,0.0
Fr,0.0,0.0,0.0,0.0,0.0,0.0,0.0,0.0,0.0,0.0,0.0,0.0,0.0,0.0,0.0,0.0,0.0,0.0,0.0,0.0,0.0,0.0,0.0,0.0,0.0,0.0,0.0,0.0,0.0,0.0,0.0,0.0,0.0,0.0,0.0,0.0,0.0,0.0,0.0,0.0,0.0,0.0,0.0,0.0,0.0,0.0,0.0,0.0,0.0,0.0,0.0,0.0,0.0,0.0,0.0,0.0,0.0,0.0,0.0,0.0,0.0,0.0,0.0,0.0
Ra,0.0,0.0,0.0,0.0,0.0,0.0,0.0,0.0,0.0,0.0,0.0,0.0,0.0,0.0,0.0,0.0,0.0,0.0,0.0,0.0,0.0,0.0,0.0,0.0,0.0,0.0,0.0,0.0,0.0,0.0,0.0,0.0,0.0,0.0,0.0,0.0,0.0,0.0,0.0,0.0,0.0,0.0,0.0,0.0,0.0,0.0,0.0,0.0,0.0,0.0,0.0,0.0,0.0,0.0,0.0,0.0,0.0,0.0,0.0,0.0,0.0,0.0,0.0,0.0
Ac,0.19404896850441142,0.38994046973705737,-0.7056942818049203,-0.08596487090141872,-0.6579388140860106,-0.5561436695380292,-1.2640633839173723,0.06030315190654471,0.14639006079449446,-1.1137962676109945,0.9237336059082378,-1.3424089350077402,-0.19224909844409577,-0.952252668917625,0.17882003600240584,-0.5170052330479463,-0.9013647404532226,0.004949928354096808,0.1256869574133891,-1.5159907505711985,1.271899144694725,0.5149062097622042,0.9082486904344218,0.06451592324727795,-0.2038912173937469,0.9831302813317025,1.038817387236114,-0.9719032111419907,1.106204501638086,0.005983267057813254,0.012511083596455764,-0.14353385235973107,0.037216046399689645,-0.15914522107520324,0.3311257771007924,-2.0419776412649893,0.38584715509294865,-0.9180133899823433,1.77069603180333,0.254775253427358,0.5186602220690176,-0.741225358320681,-0.2619194746571405,-0.20379674537797138,-1.1197087082358297,-1.2899747183975998,0.10414296687807549,-1.4237942697003239,1.2603244189034366,1.205023714504616,0.2041419751406942,-1.1657055507423773,-0.6622857044687304,0.7211766410781328,0.17370085758825848,-0.18218217633103015,-0.38097131366664894,-1.0734527172924366,-1.3768375932384205,-1.0283740141387976,1.4192371317570565,-0.05093541326558237,0.9851100209939938,-1.2292343856243781
Th,0.9797380800560944,0.7256626380115808,-0.3533546878571837,0.07320810775858941,-1.4254263898986659,-0.23706574628877294,0.09486175305687763,-0.12130313496831814,0.15125831594433706,-0.22100894650583103,1.10615117446274,-0.9171834454720451,-0.5417570595808138,-1.2543007079683055,-0.1431457281168737,-0.7617182513848166,-0.5946280803836416,0.2541696958360164,0.3229150470404058,-1.3051867723418265,1.0268735068633372,0.05493763047369338,1.462173708632213,-0.215204498793985,0.04019798684012126,1.4260967679669851,0.3872161842678467,-1.0563433939764872,0.0012108946785198752,1.0878149245639797,0.416324326913581,0.3296057752433098,-0.5350694355634386,-0.6245054957326035,-0.3797230648583671,-1.4442934311617674,0.5811341124785016,-1.1351668956042749,1.53625232644763,0.6824415997721838,1.3091947526407683,-0.6436204002397693,-0.8037197597271394,1.0991963936397011,-1.3133140061662925,-1.2888282637304997,0.2164358011695552,-1.4447705849842825,0.9645020566352405,0.3690776868117283,-0.3861422332606146,-1.5401453145061625,-0.2629487491453006,0.4336435194203592,0.47963875025502634,-0.7349426940609824,-1.0728025434835857,-0.11446037014113297,-0.9937076294354721,-0.7618243750888857,1.278919305221962,0.3020373022691556,1.5264487962034752,-0.9026286804431919
Pa,1.1352144359855332,0.40571135139475095,-0.7007819116376515,-0.4413599963537496,-1.2735494285675566,-0.3223521864354147,0.27305302327785635,-0.19660614926453507,0.06906871578628448,0.1287464263933489,0.719250811059818,-1.0242497835687827,-0.4658263610288138,-1.1083037295260485,-0.1403547147829422,-0.4000488455940766,-0.6403557909892622,0.3859572080866711,0.28796131711379563,-1.0073499752018142,0.7476346819170733,0.37461865057769916,1.255994186744577,-0.2849215521354679,0.06197749199172681,1.1543825300844792,0.10175573480380964,-1.249645717579993,-0.13367301395032483,0.5193407854361927,0.1350939210070033,0.5188560454616175,-0.3498355048083534,-0.3917719185111636,-0.6159936361809915,-1.198046047450499,0.5106346826687627,-0.6968792320079731,1.2920422261379478,0.9005034104337963,1.067616601039016,-0.4797720254297194,-0.6934706502565279,0.9125136135246027,-0.967915400730728,-1.262685797945835,-0.04143035896356274,-1.2323238992055947,0.409450602212626,0.02400454722316851,-0.1266635827218813,-0.9722656610018461,0.08990479801515565,0.5385197527123322,0.33344022371437426,-0.4166819641690188,-0.8890964547602015,-0.08936431366595371,-0.9361986898119687,-0.6519053244925087,1.1341769945830429,0.5191740056474425,0.9616852882012473,-0.7586766822490558
U,1.042146827171974,0.6601568698504123,-0.22582490541912878,0.21545390584021085,-1.112208991262119,-0.6075155395334675,0.002749492510370081,-0.7796621511542231,0.11004186194729756,0.286065887016392,-0.009471984972627946,-0.49198100846514525,0.3905193823128433,-1.3357423558783093,0.21371385355738384,-0.22494295067851952,-0.5694563264501782,0.3926495802815915,-0.4556604181710772,-0.7045623351810731,1.2541202244744847,-0.3099292160136653,1.4385257656394141,-0.9008545504833648,0.33507320956167413,1.4677820373966197,-0.6293964314563444,-0.8697319890009558,-0.3504522340896507,0.7258514823193076,0.6006314496259093,0.44214906350163796,-0.9161778105287545,-0.8324250221323801,0.38304926671226946,-0.8204070544820407,0.44909442993945387,0.0039584309485578995,1.1658917128217212,1.1103909482051655,1.3506112201674827,-0.5403777611583481,-1.0164926018339187,0.7790687672967395,-0.879463944605852,-1.1334305737692731,0.8258825353109763,-0.7064118801090837,0.5279246342513333,0.14597994405314701,-0.8479670888177606,-1.792420066117426,-0.7485158418471536,1.0618631534572578,0.2102638636891822,-1.0220554507376234,-1.4113696999410907,-0.5540597202412979,-0.9988773582682798,-1.1065748968322109,1.400538782030781,0.3806685975062011,0.8524332720802968,-1.028307564441432
Np,0.8988084161235248,0.7754155416200229,-0.41877160557605564,-0.1011684736806681,-1.4307184438986593,-0.46849388301873557,-0.0057139280763242655,0.17057658826415656,-0.11771578936196157,-0.2159823868475594,1.092757339493532,-1.3498699225397,-0.6837235820377321,-1.091462419890398,0.06451810501281652,-0.7847703339997599,-0.5847092294158668,0.24691004008964218,0.3537275810066835,-1.0673558321778287,1.0012523669095852,0.5559604659468774,1.3844269631262665,-0.31859511044221017,-0.1183772543867491,1.3437068519871997,0.22507713969145574,-1.227473231328307,0.23043918410790776,0.5598071753642501,0.10473619921439944,0.3850422893058689,-0.2201849387998818,-0.562582757839845,-0.21850405502085632,-1.4915424824401584,0.4297742585269333,-1.204063809896191,1.4847102507609784,0.7408938979859931,1.3207032259677025,-0.9588830221705168,-0.5556295755443799,1.1750814260449287,-1.470240152507194,-1.1531784859890317,-0.17312560674318686,-1.5670768063597373,0.9286910838782153,0.2459558467197542,-0.340619128843005,-1.2387696761363305,-0.25536244184691986,0.27486874392993826,0.34955329931504137,-0.48114373340707495,-0.8498130534502737,-0.08980892427845275,-1.0973051018964843,-0.6521678198896835,1.1892336163195536,0.25620135673041244,1.4600590656879215,-1.022845033512809
Pu,1.341257237075618,0.7149555109820893,-0.488740664683037,-0.33087060570826893,-1.5813256531914115,-0.43475103217619676,0.34528711429515074,-0.1373585250846106,-0.14989327319795218,0.08467753079153581,0.7666273015507489,-1.2949358658403347,-0.36859381759057996,-1.3176231003646623,0.03473158381445512,-0.5522190217533562,-0.6985071511211396,0.5160820369796245,0.2016328189096543,-0.8937692654108249,0.9916089746929571,0.6769327765452924,1.6762996932083167,-0.5073320667315065,-0.07472135868814543,1.3265641770221284,-0.12864182716817507,-1.4950132024353286,-0.1701806090322599,0.5844603013216522,-0.008035349934468175,0.6726303212504003,-0.28480820535410917,-0.37580848000313594,-0.5047855032699488,-1.188679668429927,0.560888644518517,-0.8899907841948685,1.5573873045824935,1.1636176300871557,1.3004433325991374,-0.7977656946844157,-0.7667725122492349,1.101872534490759,-1.266724458009674,-1.4683576212036469,-0.274715965659643,-1.6626500540436169,0.7379383921103576,-0.0030879616706408716,-0.2752104565437315,-1.2486228135557456,0.20275799205987396,0.3590275003503701,0.37034521415324806,-0.46095002050557443,-0.9760284977127772,-0.09192888902327587,-0.9599255648181715,-0.6690439901218187,1.249701767694026,0.4984499966575326,1.310617759886704,-1.0123200988020855
Am,0.0,0.0,0.0,0.0,0.0,0.0,0.0,0.0,0.0,0.0,0.0,0.0,0.0,0.0,0.0,0.0,0.0,0.0,0.0,0.0,0.0,0.0,0.0,0.0,0.0,0.0,0.0,0.0,0.0,0.0,0.0,0.0,0.0,0.0,0.0,0.0,0.0,0.0,0.0,0.0,0.0,0.0,0.0,0.0,0.0,0.0,0.0,0.0,0.0,0.0,0.0,0.0,0.0,0.0,0.0,0.0,0.0,0.0,0.0,0.0,0.0,0.0,0.0,0.0
Cm,0.0,0.0,0.0,0.0,0.0,0.0,0.0,0.0,0.0,0.0,0.0,0.0,0.0,0.0,0.0,0.0,0.0,0.0,0.0,0.0,0.0,0.0,0.0,0.0,0.0,0.0,0.0,0.0,0.0,0.0,0.0,0.0,0.0,0.0,0.0,0.0,0.0,0.0,0.0,0.0,0.0,0.0,0.0,0.0,0.0,0.0,0.0,0.0,0.0,0.0,0.0,0.0,0.0,0.0,0.0,0.0,0.0,0.0,0.0,0.0,0.0,0.0,0.0,0.0
Bk,0.0,0.0,0.0,0.0,0.0,0.0,0.0,0.0,0.0,0.0,0.0,0.0,0.0,0.0,0.0,0.0,0.0,0.0,0.0,0.0,0.0,0.0,0.0,0.0,0.0,0.0,0.0,0.0,0.0,0.0,0.0,0.0,0.0,0.0,0.0,0.0,0.0,0.0,0.0,0.0,0.0,0.0,0.0,0.0,0.0,0.0,0.0,0.0,0.0,0.0,0.0,0.0,0.0,0.0,0.0,0.0,0.0,0.0,0.0,0.0,0.0,0.0,0.0,0.0
Cf,0.0,0.0,0.0,0.0,0.0,0.0,0.0,0.0,0.0,0.0,0.0,0.0,0.0,0.0,0.0,0.0,0.0,0.0,0.0,0.0,0.0,0.0,0.0,0.0,0.0,0.0,0.0,0.0,0.0,0.0,0.0,0.0,0.0,0.0,0.0,0.0,0.0,0.0,0.0,0.0,0.0,0.0,0.0,0.0,0.0,0.0,0.0,0.0,0.0,0.0,0.0,0.0,0.0,0.0,0.0,0.0,0.0,0.0,0.0,0.0,0.0,0.0,0.0,0.0
Es,0.0,0.0,0.0,0.0,0.0,0.0,0.0,0.0,0.0,0.0,0.0,0.0,0.0,0.0,0.0,0.0,0.0,0.0,0.0,0.0,0.0,0.0,0.0,0.0,0.0,0.0,0.0,0.0,0.0,0.0,0.0,0.0,0.0,0.0,0.0,0.0,0.0,0.0,0.0,0.0,0.0,0.0,0.0,0.0,0.0,0.0,0.0,0.0,0.0,0.0,0.0,0.0,0.0,0.0,0.0,0.0,0.0,0.0,0.0,0.0,0.0,0.0,0.0,0.0
Fm,0.0,0.0,0.0,0.0,0.0,0.0,0.0,0.0,0.0,0.0,0.0,0.0,0.0,0.0,0.0,0.0,0.0,0.0,0.0,0.0,0.0,0.0,0.0,0.0,0.0,0.0,0.0,0.0,0.0,0.0,0.0,0.0,0.0,0.0,0.0,0.0,0.0,0.0,0.0,0.0,0.0,0.0,0.0,0.0,0.0,0.0,0.0,0.0,0.0,0.0,0.0,0.0,0.0,0.0,0.0,0.0,0.0,0.0,0.0,0.0,0.0,0.0,0.0,0.0
Md,0.0,0.0,0.0,0.0,0.0,0.0,0.0,0.0,0.0,0.0,0.0,0.0,0.0,0.0,0.0,0.0,0.0,0.0,0.0,0.0,0.0,0.0,0.0,0.0,0.0,0.0,0.0,0.0,0.0,0.0,0.0,0.0,0.0,0.0,0.0,0.0,0.0,0.0,0.0,0.0,0.0,0.0,0.0,0.0,0.0,0.0,0.0,0.0,0.0,0.0,0.0,0.0,0.0,0.0,0.0,0.0,0.0,0.0,0.0,0.0,0.0,0.0,0.0,0.0
No,0.0,0.0,0.0,0.0,0.0,0.0,0.0,0.0,0.0,0.0,0.0,0.0,0.0,0.0,0.0,0.0,0.0,0.0,0.0,0.0,0.0,0.0,0.0,0.0,0.0,0.0,0.0,0.0,0.0,0.0,0.0,0.0,0.0,0.0,0.0,0.0,0.0,0.0,0.0,0.0,0.0,0.0,0.0,0.0,0.0,0.0,0.0,0.0,0.0,0.0,0.0,0.0,0.0,0.0,0.0,0.0,0.0,0.0,0.0,0.0,0.0,0.0,0.0,0.0
Lr,0.0,0.0,0.0,0.0,0.0,0.0,0.0,0.0,0.0,0.0,0.0,0.0,0.0,0.0,0.0,0.0,0.0,0.0,0.0,0.0,0.0,0.0,0.0,0.0,0.0,0.0,0.0,0.0,0.0,0.0,0.0,0.0,0.0,0.0,0.0,0.0,0.0,0.0,0.0,0.0,0.0,0.0,0.0,0.0,0.0,0.0,0.0,0.0,0.0,0.0,0.0,0.0,0.0,0.0,0.0,0.0,0.0,0.0,0.0,0.0,0.0,0.0,0.0,0.0
