element,0,1,2,3,4,5,6,7,8,9,10,11,12,13,14,15,16,17,18,19,20,21,22,23,24,25,26,27,28,29,30,31,32,33,34,35,36,37,38,39,40,41,42,43,44,45,46,47,48,49,50,51,52,53,54,55,56,57,58,59,60,61,62,63
H,0.43336328052188916,0.27119718733536263,-0.490007743166624,-0.28105626459679117,0.035040498375190327,0.09619541602937359,0.1425696170007678,0.1292928266422161,0.14258808906027154,-0.08416337884040305,0.04800440269094505,-0.06924288116598842,-0.10588118843070177,-0.09158383270150909,-0.2029502640899978,0.07284960366863896,-0.06481156406738574,-0.1870096889598831,-0.08944972083912063,-0.08755909344948241,0.031456546730577344,-0.06533840365890363,-0.023038581316150452,-0.03762928495943316,-0.1109872306868653,-0.005346550091479863,0.07298030422920943,-0.0021349747609361565,0.006551094017579801,0.09236777674397247,0.15394951830459105,0.0426129321556721,0.09887657019540345,0.143206321226958,0.023352226365367483,-0.0636752735166017,-0.01637394727196039,-0.06258819952536436,-0.049512000485811766,0.01434858696832575,-0.03614351199545818,-0.0053379840457174095,-0.00544670106056226,-0.004677715215164444,-0.04864707696657217,-0.0018826398637476788,-0.02910255272174923,-0.02793243135153779,0.015855531198899587,0.00894332893500343,-0.011599579271539257,-0.018337660442926538,0.003578228374693328,0.009527889307157542,0.004785585111105712,-0.009890984732186848,-0.016942514620014025,-0.00497637038854769,-0.00760759450253461,-0.0068793873474173855,-0.0038485350420797673,-0.0017086044856680148,0.015500006334730084,-0.0007636916725394917
He,0.0,0.0,0.0,0.0,0.0,0.0,0.0,0.0,0.0,0.0,0.0,0.0,0.0,0.0,0.0,0.0,0.0,0.0,0.0,0.0,0.0,0.0,0.0,0.0,0.0,0.0,0.0,0.0,0.0,0.0,0.0,0.0,0.0,0.0,0.0,0.0,0.0,0.0,0.0,0.0,0.0,0.0,0.0,0.0,0.0,0.0,0.0,0.0,0.0,0.0,0.0,0.0,0.0,0.0,0.0,0.0,0.0,0.0,0.0,0.0,0.0,0.0,0.0,0.0
Li,0.2028736036970014,0.36412112742286035,-0.1613263056784776,-0.42867425673633863,-0.14138348025243985,-0.05080501178130227,0.1587595349973295,0.09990672153277652,0.1584927212548878,-0.026695108709452613,-0.008576145762926039,-0.16436661381519407,0.013996549630213713,0.03044373351478228,-0.08585911773434825,-0.033280672226850286,0.11557314893171844,-0.11733088313526886,0.13378058639558288,0.08749277956107047,0.00177320214364907,0.016514805361242002,0.11770525047836218,-0.07986043417267927,-0.03846380815980067,0.05001750371079858,0.08660145184226134,-0.0048770038950447766,-0.018516589045336578,0.02557233231495857,-0.07507822567225682,-0.06394251316035655,-0.10772529161487089,-0.018650192948357312,0.01913642502025327,0.06600703546404095,0.06176914243453934,0.01620706805636682,-0.027665849129593297,-0.09308274812027519,-0.02351275334673043,0.03457919447978605,0.060755518387503774,0.011494383399185758,0.029312666399193568,0.021341916718165842,0.008616610444685048,0.003995627481637977,0.0030735226108547444,-0.04449704236426525,0.018694061233427022,0.07530453540800648,0.02142363852012448,0.0058018268637006565,0.038196956758252916,0.0029537530739980693,0.01409696708605295,0.011551491152372745,-0.0112650141848773,0.010355458767803912,0.027299705907830193,0.008630614064097767,0.02728308238239849,0.03699963406871961
Be,0.1280135424674822,0.036986618949645986,-0.2375492871381383,-0.322004609736505,-0.14800535872883078,-0.4887890813895026,-0.03328355910978798,-0.012178041916293379,-0.14842605521916735,-0.006411387214594281,-0.1320995413726649,0.04017946777785411,-0.05897781798139531,0.0730859838997504,0.07016820091621881,-0.13402861278594577,-0.06635783771367604,-0.038826168228467,-0.07362086168120613,-0.19423818154489922,0.21780317779324498,-0.025387245450814753,-0.006036383566177189,0.02177764747962104,-0.011930103454384434,-0.04527396015187098,-0.007379917864817744,-0.02683138866498245,-0.043704754513566896,0.04965712775220916,0.06649550992142389,-0.0036320898797714777,-0.014751337782996135,-0.034738302920608574,0.062142042920327566,0.04633105537920447,0.08961120610225935,0.07912783993136832,0.023229728840990477,-0.0808441281515422,-0.017029764183681576,-0.044072218208357196,-0.03654132717789317,0.03399059722149523,-0.005356499130509786,0.01767394145242359,-0.018257117611379943,-0.009161143481943456,-0.022323967391742822,0.005212744604174719,0.012360026058879002,-0.017632944566114785,0.015918530200999304,-0.012125685386882128,-0.03418214826699279,-0.019231372866296816,0.005332985958323717,-0.009264464491631982,-0.005363690137974858,-0.007225499622215621,0.003966163644857695,-0.01596881606877869,-0.0244306024856743,-0.019525945173134673
B,0.30704761893943733,-0.15440820352269563,-0.3849538834572824,-0.050337613486496756,-0.1203501907250785,-0.2709892866334541,0.03685067805085355,0.3060269517165494,0.019878086691695274,0.02344498228505458,-0.02132775284813014,0.08244908971627138,-0.056113932027229314,0.17439513579719548,0.16362384915835526,0.16420325211952816,0.08565656176338914,0.020627494033098995,-0.047613730526795246,0.012656567688522281,0.16441555134465935,-0.10100412342572629,-0.07737661133871102,0.08091086288253274,-0.02349422279909264,-0.006853417337204613,-0.012427299614065813,0.020659749543635964,-0.04022762871658904,-0.028745371247526193,-0.10856497015488192,-0.03681912823390668,0.07544552248868436,0.0004646455584763467,-0.01896308397507745,-0.0024396945580042067,-0.07331666286598192,0.0003650354216472664,-0.00701701775468829,0.08718529546231815,0.03563914260796892,0.013820304911246167,-0.006471894932536912,-0.04485795920211013,0.00604028425621624,0.04435443061967719,0.027478599859394128,-0.003787870342763326,0.001571144815840343,-0.052515400141429726,0.0025865019851789165,0.0354542082816105,-0.00660169440064366,0.04616464519539967,-0.003917207905934691,0.0369226825651601,0.006721156847869736,-0.01338039886701774,0.006672303684164437,-0.0046061953917382195,-0.025286319130075553,-0.008644460504208086,-0.009611511823207243,0.022330242584276086
C,0.35917139511730944,-0.09107921763671509,-0.38507685323124363,0.1437850659039838,-0.004015559828917251,-0.33737395257099706,0.0495769276326867,0.1046916666486534,0.106309667895535,0.046153785363800236,-0.03155921804802986,0.17821617772719708,0.07209152623069098,0.031709452545505605,0.018247282474228098,-0.024371142499739495,0.19130665501301722,0.07217828429811671,0.0015338641451692109,-0.011396984194111564,-0.01804869692749109,-0.15108092198683887,-0.054456747525804323,0.00393494326393594,0.14121892762480953,0.1453528611290812,-0.09777318628924399,-0.02211670378711627,-0.10031471740943146,-0.03713759194891112,-0.0029561934035088086,0.0776308766547226,-0.07451210580752834,0.01651611414201131,0.055821605701143,0.031300621728701336,-0.005088364130401973,-0.0503946797780501,0.03418876243023317,0.01953175317685808,-0.06080703267890499,0.06419340182321126,0.02423761402335912,0.02665636786884666,0.003501863544392595,-0.055834160630869184,-0.00011651220483588014,0.011239940149148888,-0.0212471781203067,0.04914661221925349,-0.010398561819638536,-0.03644549597438943,0.01661133115785909,-0.02348109386952067,0.009488929371722535,-0.014426855873253298,-0.01116794770105512,0.006729273904026075,0.0013062584576937,-0.0023774933903359225,0.005869478555433576,0.02025706858432746,0.01919046705583641,-0.0049979976847487366
N,0.4335333546225212,0.03340361122586949,-0.3353047675807646,0.18756693790942197,0.17082702198381694,-0.3127402096679884,0.049534231653450674,0.05279177253616762,-0.019450845382320385,-0.027888300059266312,-0.008388326558457702,0.08268292664287603,-0.14316761776136677,0.018178851587965426,0.1711392366666165,-0.08883516219334643,0.062115046447479096,-0.027832470419177337,-0.006439181976102684,0.11586191617123126,-0.19938499743185048,0.07767124206064303,-0.12156158737568856,-0.13932298549638808,0.07561350384357886,0.11300688463723296,0.048604013481487164,0.11463891993473266,0.10202030476325015,-0.008223435950290894,0.01909605463064626,-0.15091039313305402,0.011123260457381217,0.08295103479063431,-0.07087709456668204,-0.05038833350366759,0.039153772796760064,0.019125918904804962,-0.04220514539902819,-0.039118619897585104,0.031122637468035744,-0.02162999915612655,0.003904648070241311,-0.054231260858200535,0.011203200121908105,0.01066391006598553,0.003373119772783958,-0.01170025717199755,0.015507402786560034,0.017037253645034115,-0.0008995007968911015,-0.0133254289674657,0.0019645788573359278,-0.021682651014726016,0.009630513846726344,-0.0023600440961739793,-0.01134547667524443,0.011869511946118396,-0.0017372825979820458,0.002063960638361438,0.008284533051447971,-0.01243383553518547,-0.009470916693051116,-0.015574546354737963
O,0.47987185511932323,0.09616665585323958,-0.4480944392876261,0.15757344054632932,0.27467501265777505,-0.06536699560647287,0.020376998251776097,0.052993750512658803,-0.09049405698008467,-0.04010955857090834,0.06261196221534414,0.07413341114505147,-0.10263965385605696,-0.2958536122372478,-0.0012290965734856212,0.06157910951552524,0.14500852848968884,-0.019936974944019508,0.03096094429376396,0.012942987852429168,0.017568816334622785,0.14742408355976577,0.10239394472679608,-0.04791065220481669,0.08173140812535241,-0.0811951215363179,0.00866240038831122,-0.0016948605870465842,0.16720860003069393,0.12073028600016907,-0.10127666944280907,0.0972526174179353,-0.032418743546879555,-0.0897096027552258,0.0890845881308421,0.008520753247343624,-0.030371377537982913,0.014412304701217708,0.017268203889401736,0.013821448646697331,0.02899682436907351,-0.015506004003439098,-0.04557006107682763,0.04520125483908349,-0.03019993184842569,-0.03108458555884092,-0.014892008687873253,0.03492741066675237,0.004471366214357147,-0.021783357593614636,0.00591398880069369,-0.0009675689777078599,-0.02791179102901955,0.019170772686248373,-0.018810847020589876,-0.0063846725768028295,0.02573009120449446,-0.006131105217593497,0.008401235916349581,0.011579247359390234,-0.014673589760074303,0.0013169751907571722,0.00937673341987309,0.004566207862520698
F,0.5662531116140552,0.254753358649565,-0.40148273957415226,0.10983930915134489,0.23378187054352523,0.1718527834606978,-0.0784346667321435,-0.035691364241930736,-0.1282965642586272,-0.16967066239034898,0.00011475979926952252,0.0597319785685824,-0.0025925942935146563,-0.09793447542398756,0.049157072010355934,0.018309490232586895,0.0845262285389603,-0.16596010433235026,-0.03314966977381142,0.0014430402849793264,0.054152029086748085,0.13854785018507193,0.1311619941540497,0.10993839796282306,-0.019188030555436164,-0.004860013925127026,-0.07869389053745895,-0.1380599897223493,-0.15814991884418686,-0.1516691213487239,0.06224158448367321,0.04426509702193839,-0.023926456914252534,-0.02308502247240723,-0.12997091684246778,-0.018069514400297373,-0.01548283653529618,0.04474575720285484,0.00916928011461637,-0.023882195330157133,0.036876753326679335,-0.019665731094019163,0.013601619392161115,-0.039694106131206636,0.03891105881125469,0.031149505397710987,0.022093695995156794,0.0036358366870652093,0.023771749840451804,0.010292753842502594,-0.012238813476624248,0.015057482278390153,-0.0007085457711663536,-0.025165907028409817,0.0075277522675418354,0.0032525142555550643,-0.003178175030002726,-1.118669820622238e-05,-0.0040763838558280285,0.0030484757325505516,0.012634536297247447,0.003036227591188137,-0.009331019472136992,-1.3616487451746071e-05
Ne,0.0,0.0,0.0,0.0,0.0,0.0,0.0,0.0,0.0,0.0,0.0,0.0,0.0,0.0,0.0,0.0,0.0,0.0,0.0,0.0,0.0,0.0,0.0,0.0,0.0,0.0,0.0,0.0,0.0,0.0,0.0,0.0,0.0,0.0,0.0,0.0,0.0,0.0,0.0,0.0,0.0,0.0,0.0,0.0,0.0,0.0,0.0,0.0,0.0,0.0,0.0,0.0,0.0,0.0,0.0,0.0,0.0,0.0,0.0,0.0,0.0,0.0,0.0,0.0
Na,0.10711183569369749,0.49613931113525284,-0.023442645837172243,-0.28998212015331437,-0.13544894133056737,0.09486474308237727,0.2090252283363197,0.02457055553630333,0.20605922548010183,-0.011536934006954571,-0.011684850244823335,-0.0808872795548912,0.02605538035195178,0.023953032548983164,0.04380850762455187,-0.07099346314650835,-0.05112234120749546,-0.03133758334294791,0.24537436967375936,-0.003848710168374254,0.026510730186545067,0.00604435491989077,0.03641528772454171,-0.06148836776961733,-0.023136721609049764,0.06598648617303281,0.06209627784693103,0.10584981247860202,-0.06249284810107276,0.009984119946962126,-0.007944554925418295,0.06670387359904975,-0.0850546439029033,-0.048206732961658505,-0.056136799307929156,-0.04233434293770557,-0.04339042531075073,-0.05207851866236589,0.037248701151013745,0.02559168008655701,0.05558820450264417,-0.016183376223816697,0.0077256522604951545,-0.030574996088879477,0.04046054704780038,-0.05193221304555395,-0.013034153109356069,-0.011520955795865144,-0.007261879406410933,0.020323138498262307,0.013344728654964576,-0.049610627582402575,-0.02130646740501115,-0.0123016284744069,-0.03866613136809991,0.022363289538495507,0.018166605295084428,-0.022967618045673915,0.0360073529845546,-0.029709219718078626,-0.025708711284237174,0.0014327682000004518,-0.045117938617875095,-0.041215998757018646
Mg,-0.045530606877876446,0.16516914072386074,-0.2471955777151915,-0.14023474008801617,-0.15247948617872603,0.08985766272627985,0.17160691092140734,-0.019032003728068524,-0.003301466628452907,0.18295911522524527,-0.13649761051380518,0.004074299150978852,0.09407861615516251,-0.11887923635027488,0.019685093542209164,-0.2608242313770709,-0.25739097919540044,0.06725079708989302,0.002891125899670478,-0.15465262946282846,0.07493367910110306,0.20938670094213935,-0.061405825888688724,0.037948868594812515,-0.024251146094043535,0.044082571560696705,-0.01762023231463501,-0.006242424911165255,0.011354843243794889,-0.008900191479344531,-0.13250619103483682,-0.04706671700415126,0.02182308772362143,0.036668302068299734,-0.05840493111504883,0.026675106204950866,0.007933865714447173,0.026861772453847917,-0.007057934373136773,0.07039371552038011,-0.055407671664059,0.05244596178703318,-0.019282555552703976,0.010523211291597922,-0.022552355128080164,-0.025179371089992054,0.04025204947925821,0.03049602801167758,-0.0012137697843545869,0.029706034750461015,-0.020258957818651155,0.0032067375516736684,0.007308286232019538,-0.0034659133201059874,0.022711939992769294,0.025168484336343864,0.00858445849750957,-0.014919481083356589,0.004616151359903501,-0.0018285235920137263,0.0028248553200334306,0.01508284804278114,0.01469099542197981,0.012099617211411737
Al,0.15009999383435504,-0.05810076126527313,-0.13613589815651772,-0.018601287856096316,-0.362889563888382,-0.13346497220740502,-0.1057841227554387,0.1415910363387304,-0.08149821487076614,-0.1809247899242782,0.16535771456089526,-0.11573334952961817,0.18654946557622792,0.08884349961724324,0.047001202502113794,0.024808977154458026,-0.19684825755551252,0.05702567624570933,0.07501122193448778,0.06398328415909825,0.019351514514525818,0.05544528106438504,0.05159658437938341,-0.02595215762690584,0.028102640750343338,-0.04384849018889565,-0.09888919447278686,0.022410741325836023,0.060255717320214015,-0.03720737050209209,-0.0008451116955715174,0.06811219487238991,0.01693145680856485,-0.02194565884288837,-0.02688288851885087,-0.07657895955206015,0.04616704495984328,-0.03962661154219266,-0.05920655803078233,0.022819374026225008,0.05550626232740181,-0.01530225883741897,-0.0416240003475265,-0.029938876160942533,0.009477356439449431,0.013623491301858692,-0.08351394050747668,0.01502480810754376,-0.013148072566474905,-0.0010922530703045064,-0.0590704849351923,-0.029118334357976082,0.054869116429487996,0.011456045743675244,0.014277889816837114,-0.013619869060110057,0.02658217246662127,0.027937155176539327,-0.03231378883148152,0.013924460962149809,0.012988551301095453,0.0006728324572683521,-0.004773063657963692,0.023439286570379487
Si,0.2230138746423837,-0.14994962529979622,-0.13776608752105135,0.1355807873781594,-0.3120375841141094,-0.1817244275008975,-0.03709932553011957,-0.0476133413530769,0.0934656339524408,0.06347644487252568,0.01920355889529224,0.039517990604596986,0.28611465407916925,0.028480229992741312,-0.20238495002880993,-0.1274466949534837,0.06543972051263686,0.0471547477399973,0.06029770558002047,-0.006890920540962307,-0.0532851407377361,-0.028668992380318475,0.018700367655369126,0.02388900444735946,0.04242885984273291,-0.11993056511891964,-0.001440428335547593,0.04091464155582559,0.061446364246334484,-0.03186839008217121,0.02342409980444974,0.03175782998846929,-0.013091704928327915,-0.01465054438241858,-0.0878833690254296,-0.0026246982327999477,0.043470579406742434,-0.03146554010434888,0.018325603862666354,0.03908732055445026,-0.0025641793393247807,-0.07146916536338088,0.013972803180167751,0.0014271789418076,-0.0058289259512306684,0.06752020364976206,0.04449736300859396,0.0031672074079985117,0.03705246323952553,-0.04674626285152383,0.05870163818513681,0.0009370485588597177,-0.045907405992194034,0.0060117375824936745,-0.03526385434094733,-0.005692167905501075,-0.028738899534488473,-0.017924465068599515,-0.00664051447787261,0.00038589573830246623,0.002458548175869226,-0.04150701692378988,0.029145548033999144,0.003999358889771086
P,0.4233671382251387,0.012023839501348828,-0.08834590056143529,0.2853838750148186,-0.08936049794312777,-0.1462907092248146,0.023279949912369015,0.01754896919866401,0.22850866123960853,-0.0016227644744840968,-0.12190448096312373,-0.09881045654121393,-0.18981041847329294,-0.004512668838248747,-0.039753235215398926,-0.07564729155188663,-0.26402036418119157,0.03187685382316887,-0.08765554125166351,0.05985148172501398,-0.16323709423727856,-0.11472896093244853,0.016503825106983103,0.023337905776758386,-0.06097774511943612,-0.03123849105858775,-0.06797380074515823,-0.04142125027987867,0.04335531982383012,-0.035382584614894665,0.00954475191058907,0.01137974834828745,0.0020933846771652876,-0.04685030702031078,-0.014555861850025038,-0.009794823208522797,-0.009442908527280957,0.026251401562991845,0.041767921547320265,-0.013621914957965296,0.06196915619104105,0.003765213843829225,-0.0015082212532708844,0.07247072687043843,-0.00900746917212813,-0.02338384199887486,-0.0027056764236942353,0.007262497023640947,0.005669938630406664,-0.0078941344697683,0.02932925594863182,0.022177081028243777,-0.034921481355896754,-0.008220173296341213,-0.003587321959659054,0.019352847754013684,-0.003084487076939109,0.022310191548198095,0.007451752386079193,0.01303493046250775,0.060124618253283676,0.0363625335706404,-0.028416014401674274,0.01284973339356586
S,0.5395341724744773,0.20069602076381934,-0.13875194585581477,0.275533598678923,0.11085690539438894,-0.01579989254482143,-0.07171288192901955,0.03131751181849291,-0.07309200318921419,0.02367105832835291,-0.12520096554573232,-0.18832600958250054,-0.006445197460606154,-0.13132559031515403,-0.09147653117798638,-0.07920918623239076,-0.1497254302667143,0.2791936596068269,0.05061781550639069,-0.00503962905028222,0.0026206468000767574,-0.22547248328056077,0.058205292734319306,-0.02123309192526061,-0.003211988945306881,-0.0767705514567141,0.02377198744432419,0.021066363928222333,-0.0075334196116597285,-0.06686293083792473,-0.021237731327537146,0.02810987637719663,-0.03234577158446656,-0.02000581871120453,0.01684807785980683,0.00020578662254144936,-0.043707309760937695,-0.012237572640768465,-0.01916386477023635,-0.07029225419867835,-0.005873228381973202,0.031502979030121565,0.006878426203668647,-0.04255820629629795,-0.00960921682929092,-0.003431287812703416,0.023990447403794985,-0.044529671041209244,0.004806495992152569,-0.017690409352430513,-0.04341673894284555,0.012608422785955609,0.010422314951723301,0.025631993552172865,0.03325290331032971,-0.019266380796388934,-0.012301685599437694,0.01500538460677435,0.010868332268350251,-0.00561961238199588,-0.034898026492992,-0.00531450894870888,0.0127402404220347,-0.022636349552544354
Cl,0.4834179689056407,0.48755456694151933,-0.13518466911802443,0.1492142398736546,0.25817017925548547,0.15256694643556157,-0.18472861217173364,-0.09343010424352809,-0.052728831677003575,-0.1130707604471745,-0.08531620462480635,0.04353438170131164,0.2095127652354457,0.134820947916742,0.051770468479500856,-0.09525733417268685,-0.06570885897810355,-0.10980743573860197,0.08762411442258934,0.05643124468377083,0.030338237481505544,0.006711166704199932,0.014671665842979055,0.023113164719897755,-0.011582792574318618,-0.0762570270221123,0.029157641762705543,0.08628415579426893,0.08689230702015596,0.0498289933330891,0.04705013927656504,-0.02847509533088095,0.08803176526504175,0.009985462599904902,-0.03240151610654378,0.010567990970964496,-0.024486091782472193,-0.01094885388458027,0.11207552205887934,0.03753140147376519,-0.028473308914030566,0.06109611357145309,0.03825292552030742,0.03931682320177789,0.008179672277056632,0.023922553751468068,0.023864988501253064,0.0007749443242117499,-0.043598219524616344,0.04364204344125712,-0.011585842782250668,0.02097651802888601,0.017467237414467783,-0.0019804263485840566,-0.01046440814644336,-0.03395177518496563,-0.016144301378614827,-0.019271515759266847,-0.0026062676549788865,0.005987119958773068,-0.020871992961389346,0.012784498043326369,0.011091252498702285,0.015182741063482922
Ar,0.0,0.0,0.0,0.0,0.0,0.0,0.0,0.0,0.0,0.0,0.0,0.0,0.0,0.0,0.0,0.0,0.0,0.0,0.0,0.0,0.0,0.0,0.0,0.0,0.0,0.0,0.0,0.0,0.0,0.0,0.0,0.0,0.0,0.0,0.0,0.0,0.0,0.0,0.0,0.0,0.0,0.0,0.0,0.0,0.0,0.0,0.0,0.0,0.0,0.0,0.0,0.0,0.0,0.0,0.0,0.0,0.0,0.0,0.0,0.0,0.0,0.0,0.0,0.0
K,0.21255070673389898,0.564274916130262,0.04014620939260942,-0.3517330548784057,0.01535211493047826,0.11325260877079199,0.13984692450687747,-0.09267702651185038,0.11257615048812605,0.07798938732902676,0.15646955446435612,0.032644803674862326,-0.05567889141775685,0.07939595940113742,0.022882083681033557,0.039699534818612485,0.041181931501071384,0.15144589875818834,-0.026833775232713766,0.04040967984066176,-0.09281399447877445,0.06892636698376899,-0.0760275674334121,0.009943700181268562,0.024528058338693186,-0.01074380861307678,-0.028900952408003725,0.009155654363181269,-0.01706040626170662,-0.03609607657696504,0.06350910962370393,0.010933911520529551,0.015072130443084749,-0.03235779303782184,0.08948722594727009,0.024852718903103886,-0.023328746496228056,-0.0600965589637032,0.04661887066425296,-0.03424016893107063,0.026350906686647822,-0.08725257397566273,-0.086242794751373,0.04426716286244139,-0.009537606487674146,0.0856592925564028,0.10369251973646851,0.03568464747987984,-0.05724346540801287,0.014200388330854624,-0.03289725128643803,-0.012220495226952994,0.030023995580970787,0.012960699527789537,0.05711497990883934,0.012370739836628604,-0.004306913720832974,0.000259327541075124,0.0033346984862698188,-0.00593051050927906,0.003597281311152011,-0.00822861751470045,-0.0015497607696758659,0.007430705066214014
Ca,-0.19944228445762102,0.3219722784360175,-0.03813180696295204,-0.21862742467917612,-0.1729633470938726,0.004679943864205547,-0.030360501234087723,-0.010860543330737436,-0.06745235508502644,0.22797347184933572,-0.2402215142350192,-0.056762908027886604,0.05986061401856106,-0.07310260450622452,0.06254483949161037,0.10853642059038396,-0.057018159591564324,0.0428682054127193,-0.11213020454895328,0.06576571565048957,-0.041773161418891584,0.07189819832365323,-0.001228021723370908,-0.034334452124980035,0.06436778601823713,0.06694671916926383,0.017359718744070187,0.03507236331875348,-0.008416525013237825,0.04665978796271027,0.09680644993856902,0.10941462045505115,-0.01942470466888437,-0.009536618285325241,-0.0123811258869939,0.03611028012568287,-0.09506255378904178,0.10101687254458473,-0.10823368791753533,0.0775291411673288,-0.01972693992501328,-0.05495033574846287,0.020993278245769055,-0.006241095834633312,0.030868024942953712,-0.0032629031753324857,0.027408436507889124,-0.02005088591323622,-0.022788111733424495,0.0012527743272740676,0.0252905231826091,0.01368558683483966,-0.01601518270190107,-0.009002488247674875,-0.001629702940912784,-0.0255486137206244,-0.016375249898321922,0.05231122716474533,-0.006999752507990757,0.031743247033358506,0.005069197314865869,-0.015881754984696305,-0.0027545314207039965,-0.010676278053312182
Sc,-0.23291521235307142,-0.13214004500409662,-0.25349282541021056,-0.0010608661684964257,-0.10975018058757462,0.23126818582678815,0.008082505038501327,-0.03820224665280608,-0.2582499807848982,0.14689758886037416,0.04796465855769539,0.05118846747735849,-0.128218408123137,0.046538221219506515,-0.03869982846500197,0.07268364541694125,-0.13004885691275164,-0.04013235335827741,0.11566409317049857,0.03629092583395998,-0.036079222014723605,0.013630377097151534,-0.1057837376102842,-0.0508710019938499,-0.060362954721067126,0.03276869354455372,-0.03061610799033344,0.03474602640895356,-0.09851241538668906,0.05783330377023063,-0.03607027739890512,0.02322813535223588,-0.046838761636194756,-0.02001705718713257,0.00286872942262852,0.0650788933136064,-0.009994606129227665,-0.03493146105000438,0.07999873205942884,-0.05649415406197247,-0.006436758045837768,0.03084331620466481,-0.053257284460519694,-0.11592943483883889,-0.049096356642917144,-0.007168480031122656,-0.0039310466140691875,0.01962277608837128,-0.0014740049074199635,-0.04179863529327837,-0.00855242919746792,-0.006156097656261625,-0.033681481040654625,-0.01034431509993239,-0.021522867999345923,-0.04363347898264994,-0.023654022559534766,0.006560795969881428,-0.02320680134840625,0.05014676667353389,0.016122400263262573,-0.014363140064591082,-0.016036373095579547,0.02980305377253491
Ti,-0.05738267292312003,-0.3486046182228738,-0.22983285784763677,-0.05328672659813045,-0.03153776611534549,0.08083752899525708,0.02756895674456569,-0.21285791406933843,-0.1427615519894162,0.193585819880079,-0.024260481812673963,-0.08864877306541659,-0.007621548877914333,0.16596904344518223,-0.19128829028375244,-0.0017226968729924473,0.1273228209016848,-0.0003594351482907472,0.042607646551311835,0.08043713193851407,0.0627062178487566,-0.01564636193399797,-0.0057610213783918065,-0.00284873916573195,-0.028635291432481322,0.08291213408524852,-0.03096900694015354,-0.05738124323181904,0.04889283977529801,0.014317193660616854,-0.009119654325796443,-0.028472488487273594,0.022035275415501574,-0.027262843027935545,-0.013223732249242285,-0.14890853629276146,0.016029340047607185,0.061275402782461345,-0.011553496369868433,0.03267600599951081,-0.028761439183092544,-0.028321003239834597,-0.02237740149465254,0.04556676165954522,0.0033609109439332527,-0.03107271146889614,0.033537809896888725,-0.05021434287194642,-0.018008358964083943,-0.06519560499551685,-0.041596509666866385,-0.010551871150955273,-0.015666779994399933,-0.036822433901380534,0.01978600741257762,-0.024078024975258565,-0.002701739886240459,-0.004256030484171385,0.05464226498267999,-0.006169200976031994,-0.01124662971625749,0.050870588036955565,-0.021144212903917152,0.02126829294381164
V,0.031266448108144496,-0.4065162797149869,-0.032525883571514154,-0.13014277609123565,-0.024782337307385237,0.0049448447798351005,-0.019553895142086705,-0.1911593102138326,0.05183819040135354,-0.11130042877828901,-0.013888866749633725,-0.17687277784494046,-0.03547607581348352,0.006034003082073911,0.0286454584078641,-0.03881987189850594,-0.010961958293862838,0.031210413198658023,-0.018450371770149694,0.0797225544452909,-0.03449207621272195,0.09229455367500933,-0.01957190261665498,-0.07038105047978614,0.09959292014814218,-0.005562440301992964,-0.06835771012413179,-0.03484713688762328,-0.10744606588083118,-0.01622759978676407,-0.03582160570592956,0.11935619489977968,0.14515032300995928,0.08701106937224402,0.06843892748224412,-0.04554346555549684,0.10653307690141899,-0.021671523147287815,0.0237791438609729,-0.02490274485012516,0.022156600083014,0.00544316365934318,0.06381230691270601,0.012676783632728138,0.029296389010831394,-0.05715266669699293,0.038819292827683385,0.008321489931370205,-0.02184009344949679,0.008360619124207132,0.03755785791618217,0.03923103915801254,-0.017450221529139928,0.03512209331309846,-0.01949326512515737,0.011309468581771013,-0.008351058520437882,-0.014735208414911383,-0.024740596848268043,0.025129289702921404,-0.002501390184719355,-0.008454059458379853,-0.017656590222047266,0.0035485742920908195
Cr,0.003991815996821605,-0.3904962291514967,-0.10940354139009094,-0.19510130268985976,-0.0168961032602006,0.10536356096167096,-0.11806262207306482,-0.22002072081222876,0.07392710512020066,-0.1267443035133282,0.04066515335204256,-0.11871616271520778,-0.0325110982550244,-0.1347065737667011,-0.0170152646096385,0.10992366948400885,0.0610248590568118,0.11635221075980001,-0.031795127178674776,-0.03420366776694844,0.06253310693434004,0.018805911081449047,-0.07116527646886764,0.03129802268744085,0.036252072325335095,0.007374884936847895,-0.09207328786198252,0.07947708649014606,0.013886351037107284,0.017786313965269727,0.039629362097131096,-0.05347126820043986,-0.10288121990494799,0.030673807857747752,-0.03386235967751101,0.03808817027569379,0.019165807734772812,-0.00655463880238148,0.018930593203397992,0.07771258397778658,0.057263943421131,0.02218011235663713,0.05480851218432547,0.008116639398125399,-0.08618666655784311,-0.008950726345939512,0.03808418142347211,-0.040862784899200005,0.016115835919253408,0.01832996344433381,0.01739463707820039,0.03550988821168881,0.03711913164064834,0.019635206513563427,0.012912841798399504,-0.04253592102042309,0.0477906326175182,0.000734828794508236,0.0023613407504256435,-0.033306160011129786,0.014348628190924405,-0.01915091052257544,-0.045019857921531514,0.003854653530996837
Mn,0.11249772091380765,-0.37978264086877894,-0.12478416499114202,-0.2407584863831422,0.007192222839766096,0.05843854844074887,-0.202202752742856,-0.24534215327070893,0.024451940630479844,-0.1033603382770519,-0.10866530977636056,-0.02259039136908104,0.086987660929078,-0.06957649091370594,0.026250839998967396,0.06888713079030359,-0.00037689081651912136,-0.05192819106615842,0.0022579314158834443,-0.06838316789218797,-0.07523186530772559,-0.006430146048807447,-0.17758950418027533,0.01191624894596085,-0.017052922978556474,0.043059522322245795,0.1577303314150523,-0.08934009559769913,0.02001466693629238,-0.046937695353401844,-0.03113707906402924,-0.02362193289702531,-0.08864255051240112,-0.04336780532829015,0.013138520694876931,0.027995197710135915,0.009422620191776783,-0.07828190652478224,-0.023442674851302865,0.03066929336100612,0.030491196781018685,0.006427038250165506,0.004907541639568426,0.05160647614445146,0.06463332997328186,0.019203610946252187,-0.011240111775296215,-0.021299970799912873,0.01052494154099397,-0.009854401357707977,-0.053873966653180366,-0.03887106356207891,-0.0067264008284226365,0.038024071980926666,-0.04316236511189497,-0.011371375989610842,-0.02984772959269255,0.019009057633045206,-0.037675473064724324,-0.011661585342498882,-0.003469565760601876,0.01670448236888493,0.01919795572753489,0.01950772260961749
Fe,0.07797057552284076,-0.37043178834066903,-0.04776338979026859,-0.29066024095034854,0.017972494934562346,0.052609029084462994,-0.12965648954953504,-0.189937971836469,-0.03755417274435523,0.024970288188472817,-0.10231842712640053,0.03825312998771564,-0.01876492679738028,0.04346005633998061,0.04573619300736548,0.16881736655086957,0.10971344279785614,0.06775629546570022,0.04438698436774593,-0.16445135958052334,-0.07197518112131014,-0.006203938519927592,0.08518590388156819,-0.12966146171002096,-0.15589951334302585,0.057574906581883245,-0.006951883555985931,0.06214945986578985,0.05808056905335101,-0.07698179345669612,-0.04033284824617428,0.05454475154944017,0.02288561243766097,0.05099524152237746,-0.07799078732645506,0.012631026638890914,-0.0014435970747742367,0.027727939235122404,0.1068946598460544,-0.005187409724319883,0.0037384773758409573,0.014721162174839942,-0.021566010024254064,0.0537535962756569,-0.02830550947732311,0.024517713237735456,-0.05063006238167762,-0.009072897007091865,-0.0006438120290028902,-0.00139748561632817,-0.002935403046271367,0.009807058622790528,0.010374778419501395,0.003927784047948807,-0.0020570143149256405,0.039392524828322,-0.016160690369559763,0.025990288593668028,0.00018841028931077355,0.024618185978148948,0.020703151903363075,-0.0155194161862358,0.005827304285714807,-0.04458024292336428
Co,0.09138895581078242,-0.33711211016789605,-0.02898939610650422,-0.28045716427384954,0.011195063140888454,0.044637447369404455,-0.19871223817240088,-0.17542473149186608,0.12510686687653047,-0.03522299821689642,-0.01443637940390194,0.10638200549117398,-0.1283155902334548,0.03304741897177273,0.10951290005040756,0.04785824430701666,-0.09607637674973357,0.1532319979450668,0.10031779634853707,-0.022501898053450563,-0.008740493365095834,-0.07908517120995923,0.15206556065043886,0.05893211644773608,0.06845571459042513,0.033754977135107805,0.04287943683291718,-0.10112489285955016,0.026274356686768974,0.09603969506432503,0.06980086510329131,-0.06557627770027874,0.054971348036103755,0.02901337022517339,-0.07383117257256544,0.012915410282636883,0.01505283045369395,0.02901056229338634,0.020072356564325725,-0.014837351944817351,0.01963395254917406,-0.005696903910693425,-0.026989423517366818,-0.01104949853430177,0.037258898004484196,-0.05793025528994487,0.012197515316899745,0.0630575562714,0.025778542345102982,-0.04351195366810332,0.026756577892339428,-0.06593806149278937,0.025107948130755366,-0.025907432010985422,0.03210677727640674,0.0057651920714257635,0.02921253248079585,0.006393052293722186,0.01032378645487711,-0.002565642432629247,-0.028283525192768808,-0.015456327420878307,0.0394817855024813,0.025365326808560035
Ni,0.15521869210772576,-0.28989176468292016,0.04363475893702237,-0.26593166491404613,0.15614215877709098,0.00648141070422018,-0.23519548880790228,-0.10917935568774714,0.13762162808131878,0.16176063615794747,-0.05607107234099438,0.23793469632898953,-0.12365302120942298,-0.04968166230064164,0.0040184235021442465,0.06005969883514771,-0.12133609654737279,0.007365450993473935,0.01695929864221344,0.13068874415262904,0.07733953718762297,0.0015878995066059922,0.05218849323513002,0.19240479958839146,-0.02317459341297832,-0.06864749170484175,0.04744963509700934,0.08497498414179745,0.03316311929865044,-0.0637165784585035,-0.05989175715683244,0.015042233911014984,-0.044349241365953605,0.05209218659866096,0.04270281081457038,-0.05736588580634656,-0.00703642634656818,-0.07123127619657996,-0.08164395737077408,-0.0304561093654634,-0.018520790624996557,0.03484863492335569,-0.005198964892129112,-0.010506670869553487,0.024910802346651936,0.049300762093421796,-0.00539189252696658,-0.019157751703562362,-0.06438380721392013,0.015968729463871515,0.03387853246947254,0.028957132441877254,0.0009753511592656727,-0.04913121733508566,-0.03282307138829133,0.0006200963834516871,0.029085045487394292,0.010106491600820834,0.001031326889593948,0.03426402532184386,0.0018695462413265904,0.011837942951019267,0.006896189936373984,-0.024715877909647608
Cu,0.15823678667236837,-0.14913819319343494,0.13640446460435132,-0.3287778326171852,-0.006682509671125402,0.0759072289700374,-0.3331394124067667,-0.07635551474904753,0.11259685691686815,0.07878743072135122,-0.043395533865157106,0.23579085524132706,-0.07851094478440189,-0.10595709897921508,0.04250944939349614,-0.125801204043257,0.020816567649460205,0.035635206176546586,-0.021657021492610586,0.1208949005930569,0.1239550606728248,-0.05491989390359271,-0.01986530954302263,-0.14039004697306245,-0.03187363704558548,-0.08229347531404943,-0.01572520215939559,-0.015276427774918852,0.025052949236056336,-0.016496449516174693,0.03855293346949691,-0.024256031304023987,0.005307013002112482,-0.08386676084563481,0.010979289499735152,0.04184666781255585,0.030356357305895577,0.005164276745119512,-0.03617533434433993,0.015335423027632583,0.0034519483656821537,-0.0488346928816896,0.053768344925633045,-0.06228064963190761,-0.04112290679057128,-0.015623615414959085,-0.03878748605692727,0.014605081285320684,0.0413844095637926,0.04887407987402183,-0.0438261857009946,0.009971751406161664,-0.03518592685999578,0.009344667959554631,0.038051013662297725,0.01915094810136455,-0.052041952574966646,-0.05129811719354372,0.007064885469297757,-0.00962571435579044,0.007150803067551652,0.01771528422166463,-0.01672087394941293,0.026250861828243183
Zn,0.1462884165012156,-0.10883587176908152,0.19643538672638125,-0.30171188637013463,-0.14375620421782212,0.03404780470816166,-0.3120578710019343,0.08506209909930391,-0.10794585108779424,0.07518966285446148,0.0352883148772372,-0.10218174750614566,-0.09171064406455004,0.014502235767468168,0.022293241480159456,-0.11211373162168699,0.06308642686032752,-0.06685953931981718,0.02078810902825488,-0.12183113194133448,-0.05869874037945129,0.09829548330642147,-0.06815550857724509,0.05695801294797682,0.11780555460554215,0.03636563497238253,-0.05513253344195971,0.09101163872305171,-0.04158699356221178,0.03350603255938084,-0.002617560355223655,0.043261600557039294,0.11201384017916312,-0.0957073362770933,0.02131345510542589,-0.07181675743720921,-0.05422057928019742,-0.04571592102914177,-0.04051829827292239,-0.07927010506076407,0.017792051970567675,0.08514618708716143,0.029784849065540474,0.017803917717110988,-0.008157748934893067,0.04552232567404364,-0.021512138004495474,0.0066721925355120015,0.05888729293940879,-0.012198128434344185,0.017327964432683276,0.010001621219974093,-0.01659051074865384,0.0008123738643022558,0.012520894671800908,0.0011132398604245463,0.004763755727561495,0.019121262988116092,0.03749049267880796,-0.04126409221460893,-0.0036268414572132,0.011924713482137618,0.017735023118960472,-0.0038490868359586402
Ga,0.13392996191043863,-0.02560831774563697,-0.055386692542912806,0.02200026982520369,-0.4466975221028206,-0.040443361423948436,-0.2552307111808863,-0.00780877816787163,-0.06859035379999799,-0.10155287657638942,0.21035293510509606,-0.07954478260075784,0.05013087175512068,0.07677163247643276,-0.012675491860039025,0.11368056676775944,-0.015272534603801924,-0.014667848033312841,-0.010071393648329754,0.10673658539084481,0.016299862180368663,0.06402002486010237,0.08579396667282382,-0.025563552828700577,-0.01042816144278027,-0.001020821861763188,-0.010751203102428284,-0.023676104313746858,0.03954648867314526,-0.02689443904724305,-0.022946781683906608,-0.060891657290499654,-0.035870173595163174,0.043199698166169274,0.07894654406582896,0.012042866334586002,-0.07144524505920694,0.000807376286883095,-0.012259123037749916,0.01612979132062638,-0.07983966505713776,0.012682326115090044,-0.044235027137650845,0.025377797561453655,-0.0028180422573464174,-0.07120326515144161,0.03284297778198477,0.015186390220030961,0.0704040144118074,0.031976279336098305,-0.03459337766529999,0.04619165473679852,0.015422405555913158,-0.03807163896101916,-0.005249828633518183,0.04556870671308422,-0.04063503798783574,-0.007249533800144197,-0.008851666067401115,0.0024014997631336167,-0.004527860759101647,-0.015489931759313926,-0.0006371590917489051,-0.04574233171298498
Ge,0.26295267683514606,-0.11906225665587503,0.034476035891327535,0.17649301329084463,-0.2603355313737073,-0.11248777751554773,-0.07961468033608461,-0.14613910406557382,0.16167427592779066,0.1977876094848029,0.060760186560954804,0.07888668933918909,0.16601904918640623,-0.030632705827602483,-0.25334157335699914,0.06869993721660268,0.08695971519378874,-0.07590240708732039,-0.002882917746170278,0.06632977962649468,-0.030695537563674453,0.0760607313637979,-0.03680465511836511,0.07349227513835574,-0.014589915760949906,-0.020801572177665678,-0.005077136988798054,0.0035335934157487,-0.05635163901336712,0.016573984359712034,0.00772065372635952,-0.021389544097333547,0.0054362035768302005,0.0505535795382095,0.023383187588942058,0.02303203178813529,-0.011909547026332958,0.056534783061805524,0.018645529608719145,-0.011097933020150573,0.05190179313933545,0.034209403618327874,-0.02196898823085188,-0.02353378177807171,0.025893858593414074,-0.015246175971943976,-0.07481521143352454,0.028585285864733176,-0.05439670064847431,0.03279361256715969,0.0054086243712328855,-0.027778558656865553,-0.05145693607741315,-0.016865602091394528,0.052145256797038415,-0.02386517666234141,0.017761992078843006,-0.009362053933439298,-0.012759356247382472,-0.02477903635000029,0.00291518827229853,-0.015526552901842709,0.00901416970705427,-0.0008854374824778856
As,0.3610012583707025,-0.06867814005056007,0.10996757830997031,0.22025945298590435,-0.14772604061774117,-0.13831688410279183,-0.052631808438267834,-0.10250598940800856,0.17324973799479923,0.1183859913781391,-0.01950340147599768,-0.23707917967482098,-0.1927569378252713,0.14489468476106832,-0.05990981647790173,0.09404160572564124,-0.021785672080164666,-0.07970089198368528,-0.08773924094036879,0.07050035001189293,-0.06472030592890485,0.10786772379340226,-0.011549538806277054,-0.008911832482312433,-0.05024358824289151,-0.01919700574280534,-0.040943641160436764,-0.07662051873808504,0.006604885854977939,0.002607963784146955,0.02452539594003268,-0.055198529833112,-0.03631967656047727,-0.046479876951626434,-0.0340669145602936,0.056303652784696054,-0.05160649755943541,0.007077920376753935,-0.004532401584070343,-0.02497514034059347,-0.03868787467779219,0.01909309358023049,0.024571605854416822,-0.022425367229707623,-0.04196643866015521,0.040996854321673735,0.021544658828011945,0.03421454006690949,0.005881668890180288,0.03592370881755034,-0.005165554097557685,-0.04463651648439779,0.019915000679159245,0.03176940663521181,-0.07497102269576728,-0.0042782389057199,0.03747072945750639,-0.030752342098579206,0.020109782063080214,-0.001161829463845799,-0.03971147345526403,0.017257608710747656,0.008151967783858037,-0.005601919787379919
Se,0.5172273525819501,0.23334148475143268,0.0933239904814065,0.2429807329493306,0.08129530518092581,0.024832419086627623,-0.14913851789102978,0.016170290964544674,-0.11588541562199392,0.12170468171017948,0.05567326102927957,-0.22308204684089009,-0.08087255935472576,-0.1479986120398283,-0.11134228470251298,0.0989463431966269,0.06680488438563639,0.22475705786592767,0.07921981858849046,-0.034262502602349046,0.06814230663164679,0.04527473154563016,-0.07865208178022746,-0.0184104918073635,0.0038178774503870106,0.057592406568997216,0.07719063556155029,-0.03999712283803255,-0.07925042405719139,-0.021685218797286458,-0.04416305493285591,-0.034425279892874555,0.09658471951873744,-0.017677718154956994,-0.018680491275783175,0.022694675438876336,0.013781244603260879,-0.008412735791405527,0.014044510271914092,0.0013701463676348746,-0.039661372532084134,-0.04502530521095546,-0.0048473255585535545,-0.012526107611847326,0.02908921393988104,0.019524468465244832,-0.05139293002355507,-0.06284833302430505,-0.008466243658730407,0.006700184958700698,0.04945955261398602,-0.011938175937441628,0.023364660098933197,-0.01616670064893943,0.011839138176778704,0.020475377242962747,-0.005928673066331314,-0.05191031483663412,-0.010679210372069954,0.013930523170868523,0.0037692710996424014,-0.008819815084121283,0.013922629431326277,-0.011856757711168142
Br,0.46997121305209844,0.46765809027976446,0.02011864211445875,0.1563666945248449,0.23100814003750508,0.19028032194657435,-0.29676354357945767,-0.1670657043970357,-0.030590365469975678,-0.0510117855799188,-0.08641955688615839,0.051642045820591786,0.11324020090540765,0.168043121368288,0.0638276982000613,-0.024569246324425042,-0.03209254125302874,-0.03914807769491036,0.029666362999255336,0.05723935550101699,-0.027758898969210664,-0.019863515676798785,-0.012976229985104412,0.03164798740718303,-0.022344903466246135,0.01655536253618694,-0.041492010622919864,0.06588825485989577,-0.0783023179737361,0.03759444457347722,0.033895294652423615,-0.0628784068688362,0.013425540870070304,-0.01574772804249005,0.10272839851036279,0.01351183765183246,-0.03302873510100051,0.032414699218554416,0.008221529962840554,0.00592629893935793,-0.07323160087923454,-0.04083891075807431,-0.002205518703143252,-0.011187139999982554,0.00988789724100562,-0.05916751008510038,-0.022239364607889757,-0.0033051594059807033,0.00472393758359344,-0.052735190354485754,0.009461061769581006,0.006154280501613413,-0.015350094009728865,0.05202417718827305,-0.019016451261093272,0.022715375476374138,0.02852097476953609,0.04468260100971528,-0.009709262926862226,-0.03627572121287033,0.019652570268548362,-0.014721455170303589,-0.012586802363419232,0.0011026708993827883
Kr,0.19579782316867664,0.45400589153965765,0.48135899513384084,-0.03935706593626047,0.00031620397240328965,-0.5821506258522697,0.083335515886515,-0.3615808803882412,-0.2880241607160324,-0.11020570948964183,0.036664711114927195,0.020411828225363943,-0.035189738655209295,-0.038014520067375664,-0.05668461540746342,-0.024158702008890653,-0.04604170042880904,-0.06824498107541668,0.0003994695605895666,0.005010480694529404,0.024258225538711688,-0.034757086646950805,-0.010989066702349571,-0.010232970157572878,-0.013784509370441862,0.001707912362223723,0.006568512942278774,0.008988036339368455,-0.004806797071270527,0.004831539823973473,-0.004263592531442508,0.007830465489152444,-0.008011905830619549,0.011738238905347408,-0.008518267925137426,-0.0051569864618792125,-0.014961870404061002,-0.003550228279581595,0.0021774305708092854,0.003937010626902911,0.008658994570794524,-0.001454926022957383,0.005337182099267334,-0.0012191783804088529,0.00024004032286773793,0.0018952866577638886,0.0006182437679464306,-0.00026623654141117185,0.0011241495663009238,0.0024240943668518856,-0.002114332955634165,-0.0005533749556062904,0.0014233774127547108,-0.0002738700851691723,0.0036901022690788016,0.0042975341278451915,0.0009655912742575902,-0.0013653569464557734,-0.00017310267261613053,0.00018691787367101098,-0.00043284324107618894,0.001561616198993586,0.002192686359202738,0.0003701057680953934
Rb,0.21801404525139267,0.5420863036235365,0.09396933701660896,-0.27241694189464005,0.03586510015068376,0.15058432097594215,0.22947011624249877,-0.0363053641974891,0.09584133754112287,0.03191520001041706,0.2500527681396461,0.06018002940571069,-0.0023874261376600186,0.1096540155443024,0.04087125401046477,0.031106696527130127,0.032503100102866056,0.1193157256945642,-0.06798539610804173,-0.027003673512967317,-0.07628586616655446,-0.037900189551384,-0.06010267887417188,0.027216396669523406,0.08658264184849035,-0.07661892012240469,0.03967528470218841,-0.0459044936045133,0.009968699474312543,-0.07114199073201054,-0.01432708301683398,0.013160299450261578,0.021452433626685245,-0.049512961964461824,-0.003393745509182067,0.0033119247746137143,0.051801095276054546,0.12351844078596586,0.003452354850023077,0.02008797455221821,-0.0038263408452820155,0.03932746674952867,0.002001993575624471,0.0028104311491737913,-0.03517169559476151,-0.00032872616786478484,-0.07063564843528672,-0.04898224965701602,0.04172077316193957,0.0008129103521525428,-0.026866324823178307,0.026182895970747386,-0.007378653928015807,-0.044453476240439764,-0.07508143652114227,-0.026931142990312813,0.0019484815981344562,0.020942272655172026,-0.007629331504454317,-0.0037897451688152176,-0.018783276510188535,0.012107453765492866,0.007886356170467642,0.010447870471699015
Sr,-0.20872724427967795,0.34481010462352135,0.08026701566160159,-0.14684200012921145,-0.1382937652724047,0.021571445539452786,0.15947378889291144,0.02961562245590048,-0.11093901590724081,0.20676265072205136,-0.14954967728229626,-0.05830924784637791,0.13231899459423585,-0.15277970875814048,0.16700359976475376,0.09381499142648243,0.033949513015529016,-0.0021091817912767636,-0.06279056917013147,0.02613710920635316,-0.038748917429742825,-0.009619410362211448,0.028885032641798043,0.012665590286826598,0.02919049425544362,-0.032882202619737094,-0.07764442665995602,-0.05184856995257621,0.10605695276660171,-0.07019119480327767,0.1020280691014057,-0.05010390226449753,-0.020249124076825244,0.05899614801598744,0.04392024457910218,-0.02260584238505136,-0.004956806634357849,-0.024831959706610847,0.07694155583798329,0.0032286829719819564,-0.02120187192282026,0.056366152685526937,-0.0042189611892854235,-0.046068425876299154,-0.009365083866752413,0.026583089767605365,-0.06135668602473461,0.014471569032245902,0.017778251499142854,-0.05016668576595122,0.044498479918153463,0.00655812625484855,-0.0010286597731745432,0.008452312778668479,0.024416946109737814,0.011075686769735303,0.009400035288810869,-0.019679440738204726,0.0038749459663682427,-0.043314583197739155,0.028373043824740884,0.0180490947106105,0.006608361370645599,-0.007946209558767575
Y,-0.354116386255862,-0.057240400211283925,-0.16198155943162326,0.05792159312083289,-0.01067666550622866,0.21037167140899427,-0.0022618943942683536,0.04543274301681238,-0.16382893309754795,0.13354838121452992,0.018678946649851064,-0.01685665102170998,-0.027114931369419438,0.11316572676465866,0.019599884862169535,0.10902225034908476,-0.06035355950349203,-0.13516145774740543,0.10974094791128824,-0.008219008579184554,-0.005079209304335514,-0.13595557126557076,-0.10452342801444005,-0.059737251311053036,0.10392502148369967,-0.1369339763609224,-0.07849688254410286,-0.019528399524472627,0.058530675917589696,0.030496707581148315,0.024573651194372985,0.09116105179358451,-0.05969422585666999,0.05921004332577075,-0.026206335172871225,0.06496687756138546,0.01957029182222096,0.017299473799601103,0.0007794907104316934,-0.04481985273729203,0.022903220447956674,-0.004054481835773984,0.007636705044542129,0.03054991111254125,0.04283713290700117,0.017337452456153653,0.013423696651266645,-0.019493761978631705,0.03503055395498126,0.05614636683765162,0.041131622369228,0.004384646498424689,-0.005037227065457763,-0.023342804918866283,0.03176324574100225,0.045007650414702276,-0.0015712595134528115,0.006961256580589645,0.01738433059071437,-0.010303588462871336,-0.056234419057802305,0.007085314792740429,-0.008121995870898709,0.012410758022804108
Zr,-0.1564373284644641,-0.21763075796518858,-0.13112416767121984,0.14029147871520917,-0.003609199587760983,0.1968540919402824,0.2345418036100684,-0.11242169205838991,-0.1474314242926697,0.08201222470150686,0.11742419685058943,0.014442189278188166,-0.12208761344921727,0.011273689785277482,-0.031047600492195827,-0.06839514627660424,-0.0726657129129998,-0.024107670443472725,0.04963527484418397,-0.005909816553151973,0.04783662065321046,-0.08161291662276039,0.0824267022595116,0.008987259137320304,0.05188924597133615,0.1785964687798024,-0.009540933781116357,-0.008138374791909153,0.06142800822694054,-0.06506257458139472,0.128910248278365,-0.03281732582373961,0.000941388772753085,-0.10583242529592693,0.06014302440768881,0.00031689228398940685,0.07616462797114093,-0.04672691332590256,-0.01844746089412078,0.06997396514108263,0.003379811559360183,-0.0008981015890915734,0.015565292978652445,-0.027559137307658788,0.03102048589146751,0.009896466852843486,-0.003779236863238161,0.04763755034725092,-0.021898141668952553,-0.009041844245953737,0.014188508173190114,0.0630731474298567,0.012336001097866107,0.00877678965084444,-0.02760937494232492,-0.01608067685523346,0.002264193329600513,-0.01747019837001703,-0.027148740522969034,-0.01823180367696992,-0.014549123890806679,-0.005772292954742727,0.02600195671420956,-0.03728194272746027
Nb,-0.056485189446740115,-0.35733063559053785,-0.002222098890045479,0.06333671468367241,-0.06747712122409086,0.11994123375596517,0.2098981231979975,-0.17898192780148178,0.03408403224834072,-0.0673497937012866,-0.0021392808557415045,-0.0967316240582984,-0.06496590590147522,0.004291563915131657,0.11512467299460914,-0.14536167869309663,0.04585897768485127,-0.05067445395876183,-0.10024277810981207,0.04694700252973091,0.0167382362554501,-0.030803182195798584,0.11527984872742662,-0.060149735932310884,0.10398602342909966,-0.08202128062485159,0.07497602249139286,0.020708314670178602,-0.05038143238618739,-0.03508203215879386,-0.017090554570784722,0.03025061977707273,0.028084938769445532,0.06816662365782404,0.053914922546898,0.06576467678233316,0.02761902329712669,-0.02904767586152346,0.008079995997926338,0.06327713597781327,-0.055282295569421804,0.010268859020811545,-0.03109985190177314,-0.026206343004123927,0.03824615925723461,0.07121328014853906,-0.005279405677139286,-0.007902406189955044,0.030371977038517958,-0.020213224622401278,-0.05534298647405929,-0.0437476809986605,-0.0622178113120158,0.00851042793761676,0.007835279786949395,0.01680571277326679,0.020859862715138226,0.003641126092737247,0.04457153793228509,0.021109798166171173,0.02025205113169541,0.01097586524793993,-0.007147496980391088,-0.02081761609006589
Mo,-0.011859554815265717,-0.3574831768109545,0.027690504177564683,0.036273387427709594,0.0771424964201085,0.14030123260966104,0.26979130383192557,-0.040796070486414523,0.08482081450299876,-0.08391398431214445,0.08014702495251612,-0.08268823523885346,0.04923347893737898,-0.1375018970299703,0.07062556478777614,0.040439973108850565,-0.0472769627243281,0.0016038389372325635,-0.09400298308601852,0.005339858153339846,0.12088572039843988,-0.051518143104228996,-0.009095015501360408,0.01960431367608757,0.0428267684451661,-0.023024558923661877,-0.07097303201217287,0.18203632766368114,-0.09242249886227744,0.018177362968027154,0.03152315973096757,-0.09981277921124664,-0.026668098015092578,-0.05060147299933823,-0.027062884307435975,-0.03312746059453047,-0.0816274249911435,0.029381659229998615,-0.007542980258858304,-0.054698893215503884,-0.01042303616557904,0.011354965786016354,-0.046041180514166,0.08078719781091141,0.03948639715800953,-0.00013473326007737042,0.013696504012246723,-0.004995994027978439,0.068279331120668,-0.002033360441516787,0.008470070401708038,-0.033159537017535635,-0.025736654692569236,-0.02634404299428128,0.0024360856356038635,-0.01389629625334012,-0.0129085297507686,-0.026539746153670433,-0.05386948542407265,0.015373308016155076,0.014703086831725476,-0.002399801665787901,0.02020948358901816,0.010823292596439502
Tc,0.14033277937964092,-0.40651879098263516,-0.001940196353634417,-0.09117502402190839,0.13693418310208352,0.03137402120893489,0.1827745589315958,-0.0010898162275318286,0.0658548654397191,-0.14051032785802825,-0.01832715202672464,-0.08423930594725625,0.17520932925629237,-0.051806533665030595,0.02241190253217323,0.04095169242397404,-0.13376499919421647,-0.1467884223751842,-0.048667818503956725,0.03653928689917999,-0.03215533266398264,-0.05734166538753147,-0.15232424119212148,0.05615662661593274,0.04121520685518507,0.04875453588488013,0.06772017624846213,-0.08554705316342084,0.05143552281723964,-0.03258287953869421,-0.03331463485274865,-0.032749779966144275,0.05770355347899363,-0.06395942053732459,0.04312079392304087,0.045414631087333825,-0.03584536403617591,0.01515603109024116,0.018987406582784597,-0.011076406769672186,0.041087533802883706,-0.006299453424374952,-0.05983617008777601,-0.018471997334783923,0.012905280514891487,-0.037738091721966044,-0.0255051272937928,-0.0405024699358163,-0.038320615513773096,-0.0008843792450421532,0.021844427547614804,0.03645493880254848,-0.007309927483048896,-0.016251411325911954,0.014514097211827165,0.03499539778791833,0.0059934295091066325,-0.020306447939048122,0.03408847019122869,-0.008527353384543683,0.007578283161926616,-0.041768139596784555,-0.010028439558956508,0.009376762772605213
Ru,0.12780313026433276,-0.4226719059514914,0.1261614221027542,-0.08950994241759849,0.2055305084525813,-0.06010807538429439,0.12703458864865677,0.02124778827989132,0.027561620027635958,0.0694686654867402,0.034093659694735094,0.07276252106594429,0.11789642675534778,0.011257758265810857,0.0002420563641204,0.10611733798225084,-0.05899229998467312,-0.05862648505016172,-0.0017719809523648645,-0.1513389576485127,-0.08734552398792358,-0.012969292083036132,0.10824025874025443,-0.13281301333004283,-0.07819375728198213,-0.013489121286019062,-0.07814654891854508,0.0398916617552865,0.013854952514039986,-0.11982652678123734,-0.038992306962794446,-0.014478988452390807,0.056767232620496606,0.009890721573633266,0.013718358981318315,0.01342367751793989,-0.008810321519661912,0.02804520645750374,-0.0698651355759442,-0.043205988647725305,-0.02902310352388828,-0.011608398828100584,-0.014782680041959722,-0.03943863611993128,-0.0009186982558138186,-0.04365300231285934,0.05450101088840103,0.010609639928704659,-0.010538636174187108,0.025217647978750306,0.0034324955264112356,0.0038619426260959985,-0.02058210032990636,0.028214471209525784,-0.02524392031014477,-0.06105965470360967,0.01626151938977499,-0.018491041195286294,0.04073840844036719,-0.023058320207937667,-0.003928471055713311,-0.03195224143296879,0.025697092033667504,0.013298511757124699
Rh,0.1484786369674731,-0.3590870603687024,0.17839825327365336,-0.09960712632528872,0.1915164577245413,-0.0420832277521302,0.05496137725142322,0.059553733985892233,-0.013937103931107366,0.08831544995569315,0.0626243872111102,0.05727461641286065,0.1635168733994267,-0.02201797759248886,0.03253005927860231,0.009417184577910008,-0.07969424766797219,0.07049476159370459,0.10235051152246567,-0.0300292470181921,-0.07476607568406993,-0.043230722319308405,0.12190618911880326,-0.08867048192191988,0.14471598269116873,0.02428853925780679,0.021014685665156563,-0.14295554300012475,-0.09453775104451972,0.12964981422545427,-0.027997958848026052,-0.037740387233657975,-0.048940147293622976,0.08397729830403064,-0.03386135949467311,-0.07720620350861901,-0.08608106012475643,0.003697874283029515,-0.0100414591044757,-0.009981448871803553,-0.0418505419771512,-0.03715286858997211,-0.03299158249500119,0.007290755095771922,-0.02219599983882438,0.06607035160875384,-0.026687925748789323,0.000509338824952261,-0.014815019648243683,0.044923584893437236,0.009860156708362659,0.048748756309173934,0.00343818030657899,0.03777181533923028,-0.03717170994984096,0.0036688959714387794,-0.002031060802702321,-0.014021916488234962,-0.018761121253465598,-0.021026540221427817,0.014831310873393039,0.033889316234293025,-0.032211027688704694,0.01992069162884698
Pd,0.22124225725464747,-0.26077510072415716,0.3085829901133583,-0.12358918261496141,0.13176704244292112,0.0038941389699001607,0.06281369848153191,0.16084135427033427,0.026139794975431143,0.0653863222087468,0.10092269254279977,-0.09888929119382285,-0.053093154904292256,-0.0012037826953023869,0.04802800310154101,0.006279886328655175,-0.09156654782522039,-0.12373322012770563,-0.0017540884642290179,0.06739547854413509,0.028377356826693477,-0.032149865435571044,0.02165628356052809,0.14348906759768992,0.062041508424025636,0.12658516292327496,-0.01924944063234245,0.00659282055472775,0.10517669800794184,-0.02143853418900809,-0.07164126345477131,0.08641619323626688,-0.009439504321225308,0.01940934630798766,-0.01784347021720576,0.010532750429528769,-0.02430247047714849,0.027532011900956322,0.0699447260043332,-0.014290999406129398,-0.10292226736657407,-0.05954945524010199,0.12083665814901541,0.007642449677686728,-0.03530602313053316,0.019542330096438597,-0.01157519765687852,-0.001699741411679383,0.0018968501386592944,-0.019534078740082835,-0.03347598404714224,-0.06336222539476742,0.012589989366772634,-0.002936879905597992,0.021052880024243367,-0.01607318941608715,-0.01917117173248883,0.0016979905417965268,-0.019831388008608848,0.008090406368325764,0.00799499804012156,-0.041245381557119744,-0.0074667166623194345,0.017895656751886126
Ag,0.21595088646869065,-0.15399281215345262,0.33444555263675035,-0.17445551142332136,0.09931960964332447,0.07838106347115134,-0.01726971931717229,0.1426269084292563,0.06740886494014117,0.10256867454705862,0.09995886641174781,0.11500313119425197,0.10358982489845582,-0.13112570130915932,-0.05649591874321592,-0.07732874373533649,-0.018787172419195974,-0.14335004784290023,-0.06184323094600059,0.16244100329146816,0.10355953358977008,-0.027949961944830116,-0.06349623432952646,-0.17450145139034237,-0.05275992400772614,-0.023888523019398363,-0.09569584674438636,-0.03784289292562895,0.005208962315853396,0.003645772395247943,-0.05719338540574555,-0.0010329162456437992,0.014234246605932728,-0.026016465480766256,0.0015280826752598962,-0.024507657501594157,0.03424566651294614,0.06917306327051156,0.0436930161900489,0.008438852385464725,0.031443817124636377,0.02439194585226856,-0.02411486879349504,-0.0191123638342933,0.03343789397805809,0.005016996667751332,0.053042393083623206,-0.04887757285549367,-0.004103882444878085,-0.029573764714830784,0.026759745022920375,-0.04730771214793613,0.06835696714931704,0.028828796493247967,-0.0023298096289256355,-0.002163040871080235,0.008956886647129389,0.029917546888588706,-0.022739594751201363,0.004489017932017189,-0.013611662396534281,0.027570834801060023,0.016135608236286837,-0.050591088877267536
Cd,0.13876571298159732,-0.0908454110254558,0.21438578128408395,-0.1650519890211624,-0.2032635258937972,0.11534725403570312,-0.16340015265262833,0.16738268305563095,-0.12066421715440694,0.09281343308944306,0.0711938481121155,-0.11973142979801393,-0.06838964022169806,0.01113047057536456,0.009188626990045284,-0.1703038056122156,0.16634026939290542,-0.16896314841486826,-0.07122531952723779,-0.14246966057231525,-0.06156642666027369,-0.08737478822704507,0.07089801432740768,0.0686348593565592,0.14205482294226301,-0.07497549744181423,0.06905825141235798,0.02087654393949284,0.03111283254638556,-0.036867577009939485,-0.020332205706721146,-0.0808792981665815,0.01529477951399333,-0.01016629494157133,-0.07453654763335991,0.04159785742046014,-0.05379517772564602,-0.03822758423771427,0.01570578203630493,0.0031068135447231784,0.034386391063749876,-0.041720246086910925,-0.04419297223570862,-0.009987158277073168,-0.014426709386072862,-0.08024796805668719,0.008135779961468177,-0.005927310051885566,-0.07220008384117306,0.014448923550116177,0.0066791226120141494,0.01950615106683946,0.01090972254102104,0.015825821551442087,0.004381560048345687,-0.031010384760544095,-0.02997896836398285,0.01748604711253759,-0.008407089203532043,0.03113509276494638,0.007874977517772145,0.017221389902958222,-0.007939750555928502,-0.012937959427862633
In,0.06053827026272771,-0.005838387574924906,0.013239710062291188,0.1951997515809713,-0.4043647449099783,0.14164210940110883,0.004374649551134018,0.08916169062679312,-0.20644704608183376,-0.03408892723414295,0.12389949458897714,0.11095968972975505,0.03515069736593053,-0.07862981592980708,0.18479107449010182,0.09996217009532168,-0.059313424925355136,0.003838325597827921,-0.03506302274071883,-0.007514374237851896,0.011411444400629474,-0.05022515031857531,-0.00466003403783137,-0.06492685047467837,-0.06749647439273805,-0.007023345864338905,0.11065236867541758,-0.0015654504589998563,-0.03320229988815542,-0.013057244052868636,-0.01382592680940116,-0.026725242186033015,-0.0011209959240146186,0.004846831492806539,0.017573420095806244,-0.06934615421646255,0.02259694605726781,0.012413887211282663,0.014865205049976928,-0.05294283624892227,0.020720907585129834,-0.028019804046572186,0.09041077410784303,0.046844336908235036,-0.06640413928963086,-0.005519926550636783,0.04722265737163308,-0.0023271121274877865,-0.08032169518355564,0.0020290791374948883,-0.017537639399552454,-0.009559655571071664,-0.06769892773583341,-0.03375963966206217,-0.0033636590284519246,0.022732681627097944,0.04441081095238342,-0.013918515895378122,-0.029342295586473895,-0.030745718228951106,-0.009927121070539483,0.01127752869000518,0.01992067852772858,-0.005139251155337833
Sn,0.1909353479883971,-0.06948557715996306,0.11460129124564791,0.3282200213891757,-0.1853919426724537,0.060552878642223265,0.1668415881593969,-0.087938355412169,0.11881112404581334,0.15882979284779736,0.05984018809890912,0.24643013216819767,0.08419832680137562,-0.18643065862974773,-0.07077695421611813,0.01967514405027383,-0.006643302644450686,-0.06331026440576748,-0.01602345001369069,-0.050132303097881956,-0.01922130529308571,-0.03404204343520998,-0.01473055476472358,0.055370407503176094,-0.0015349793555224265,0.04157029706802592,0.05471276534141617,0.052021527437835995,-0.05793951898238994,0.00031802050044352643,0.02063569311919559,-0.008846841287551775,0.05537825874133293,0.0177656939366842,-0.01023600453447254,0.014334363599566417,0.01838277575852205,0.0019750198464229614,-0.0033596242964214003,-0.0464708466870798,0.009681639631163147,-0.002740551301761553,0.02620432492742684,0.046800823993096693,-0.0036294869789982587,0.008235670474932998,-0.032974273656009016,0.06876975866491987,0.034479556398157724,-0.04462554150692199,-0.04778689154525768,0.043701909262049594,0.06427459169514317,0.023144429545603425,0.0008267506194012281,0.006328794246953344,-0.008178814178443123,0.02099270052984643,0.03386684751667853,0.03066356403318314,-0.04551939943998269,-0.01073101284210615,-0.0678543604633839,-0.006778262962454452
Sb,0.224160629864667,-0.009962546320251266,0.2416140952892653,0.3801986539747469,-0.05010167677346159,-0.014308433124902204,0.08272159458672196,-0.06869782128178892,0.15684402947225984,0.1621656096892896,-0.0347941968125808,0.03332048930576652,-0.1462861429331882,0.06429015437991333,0.1448582400061584,0.06418100529108735,-0.023912761684127145,-0.13687700172160944,-0.02691610346420461,-0.10808414024709179,0.021544409439725066,0.04670059928506667,-0.04848167599694103,-0.06074918567392261,0.0061866470975924185,-0.09062357780716054,-0.0035773175607523586,-0.009013684762191804,-0.0807111275636812,0.02793130631231415,0.031011043084531172,0.024554935919792138,-0.07586897477672501,-0.06910898245084207,-0.037766078799809345,-0.08732863796208747,0.03904149183208627,-0.07224258892772571,0.01792273996417799,0.06819362838890693,-0.033402173070301175,-0.03573563481645978,-0.010253741260237342,0.0043417385230600175,-0.01844285211258924,-0.04774170210513673,-0.031825160295519635,-0.02686047565678253,0.00018763083640341608,0.005289870780102583,0.011682801474716292,0.029407386375121216,0.031233545554830534,0.022042929751683416,0.03685902842189304,0.018847636252731472,0.01703771119312459,0.011822089698069459,0.002126192942947382,0.03174333303306643,0.004577539912776269,-0.003172433449369065,0.06147162982566577,0.014194539924930511
Te,0.40134591521998825,0.14329724467757968,0.2553613556574719,0.3187806081078158,0.09144230388084972,0.07201190641870706,-0.00802714498654421,0.0268669496550313,0.00447022650080095,0.1337507894129683,-0.011600856369994354,-0.21418375137529605,-0.006061862682754597,-0.0168711774843306,-0.00153688659277711,0.17459398564529463,0.0619605479604177,0.0034496332577261253,0.026071020451003363,-0.1505532019163017,0.18694899094502598,-0.03510190426907104,-0.027704251890400385,-0.0217684064699265,0.03120873413647178,-0.05796207719791795,0.05764745234654669,0.023417268214148364,0.07747272522834463,0.03964426091001681,-0.029187133368800248,-0.033704432621712924,0.010756157360887204,0.04409260628099315,0.02981289085044158,-0.005676582892527511,0.07643807155581932,0.020039628269717825,-0.017760576581266015,0.02280558758966128,0.022786008828618663,0.011555309568718948,0.022865621325932207,-0.04350705128252968,0.07250229820605959,0.007340425980428111,0.042591863415981084,0.07965598902790273,0.0003471310193140729,0.031342741381676,-0.01674383949801133,-0.018361784164536817,-0.0016373458379219724,-0.026260874827932962,-0.016227634198005374,-6.201231015757103e-05,-0.0037748143088485306,0.04351549899449195,-0.008534471571135871,-0.013590490843359,0.046533068438849745,0.013452842572483121,-0.03830161761512922,0.01381995329126871
I,0.4810392164060463,0.38656062068868374,0.15786678148020208,0.13376807005331068,0.16318187374624793,0.23409570408862052,-0.0877433527849259,-0.052265256700431584,-0.1228015469767149,0.001669198952962298,-0.09508414933895992,-0.015590521730994586,0.19640918751053735,0.1392950081875255,0.02438877747933284,0.031685467502748664,-0.01864418620932413,-0.0707238718616213,-0.14306731722209096,-0.016330958745484063,-0.028383260492479908,-0.058780984702497346,0.07905194106838023,0.0073588233982631425,0.02299312523242716,0.1321973721201586,-0.046616448492478854,0.0021965610497144323,-0.02628583025784377,0.04202799999404527,-0.08979043460639771,-0.003921222735275697,-0.048022345771297555,0.019379371942593628,0.003438983799172344,0.049145023641596966,0.11748137862296404,-0.05627133842234062,-0.12325227972995967,0.008619724179262368,0.05855962538328253,0.012299588890607904,-0.035763834925911155,0.034176225715567096,-0.09922708287544428,0.02344824234396649,-0.006331067381567857,-0.006338645005606455,0.018104377997473657,-0.01768392031292769,0.034352962050863634,-0.04386457328073139,-0.004458738993729316,-0.020299222673801885,0.017358907209317914,0.01864754942448184,-0.004836672643432717,-0.029127120321653484,0.014450852356258013,0.0249001547781938,-0.008091292598341926,-0.0025312742328821116,-0.003711635549448405,-0.0061394758030543384
Xe,0.0,0.0,0.0,0.0,0.0,0.0,0.0,0.0,0.0,0.0,0.0,0.0,0.0,0.0,0.0,0.0,0.0,0.0,0.0,0.0,0.0,0.0,0.0,0.0,0.0,0.0,0.0,0.0,0.0,0.0,0.0,0.0,0.0,0.0,0.0,0.0,0.0,0.0,0.0,0.0,0.0,0.0,0.0,0.0,0.0,0.0,0.0,0.0,0.0,0.0,0.0,0.0,0.0,0.0,0.0,0.0,0.0,0.0,0.0,0.0,0.0,0.0,0.0,0.0
Cs,0.14458186682648083,0.5888826530613643,0.12160972642435282,-0.30384234378498065,0.10461728008528168,0.06067685858762689,0.21364135063318476,-0.08444840309049846,-0.036130764272929536,-0.14443728898724056,0.19796554077012915,0.16131530000194422,-0.09564990249957199,0.13713552230068937,-0.12031695179793435,0.02651903833790297,0.022171674794225278,0.11882986090581718,-0.07131277492307785,-0.0679207386222779,-0.016361547689796817,-0.04108601242642771,-0.0593101575790889,0.027738626220977537,-0.019915568106063684,-0.101233294818921,-0.010232923732565135,-0.03720072572213225,0.014546071516987764,-0.011865817755069046,-0.0734510295087344,-0.0019869682829138273,-0.02068982814025746,0.023555735368181816,-0.04358400877839076,-0.03717227859487522,-0.021531081271275475,-0.004049482406641836,-0.042133218577673236,0.029417259063668058,-0.019844817610976378,0.03191841201176835,0.04662451711937692,-0.014905679151578246,0.022552006224632933,-0.05177329258571962,0.0009454036749484327,0.046422828256473196,-0.0005311717578350038,-0.00937379790201778,0.039533641226743514,-0.01330076070889868,-0.02259725616771553,0.025454408459552953,0.02326545834826472,0.007917495218065085,-0.010266700112320273,-0.00349844596873016,-0.004322528204812961,0.020283853501268143,0.020429741871406885,-0.009031343475694478,-0.007439874680750547,-0.010696765531673267
Ba,-0.20416536320394343,0.3594632466247796,0.1390121656831308,-0.11509544846554423,-0.12480059645513163,0.007755867387842784,0.18314347128710637,0.09739132868161565,-0.051757319177419804,0.0926075860642699,-0.25389390776885545,-0.011542190659318765,0.05517827902765337,-0.12194690362958387,0.11459696779309098,0.05112939954778924,0.12885019483094595,0.054207622529124484,0.034418318184201505,0.048070347736141154,-0.06944780245645846,0.04998401413923825,0.030265283482898322,0.11009735878473967,-0.052865178303963124,-0.06203447965017951,-0.10777547725974113,-0.09079509539367303,0.0430988148722992,-0.0029565804507051237,0.022470767630750562,-0.07518570673489355,0.023402843451570662,0.02731705159705191,0.02317463057507654,-0.018627536801273412,0.026619923272628156,-0.07685301623066203,-0.014594810762177089,-0.050044199425153084,0.02004701045913288,-0.004739115387207418,0.030257921915458418,0.01626293748413062,0.03072772471487595,-0.059205948201843245,0.0027216268012454827,-0.044831168545867404,0.008095092864788782,0.006396865870623691,-0.04245272583354579,-0.02450149420050787,-0.0051617022474095406,0.016080801214922696,-0.03614871838629296,-0.0004008408854705798,-0.009957509988809208,-0.0173806309629657,-0.005847652925528449,0.03750577735267951,-0.03692977852868204,-0.017961307328632922,-0.010512419552008939,0.01466695437817529
La,-0.5064312425771447,0.18287965858782734,0.12630727476644743,0.09138680799270935,0.036459663331514965,-0.10210820716239348,-0.022859404930715196,-0.0809705190044057,-0.011243087488099551,-0.16131357508863567,-0.03983603842610615,-0.02477372678761902,-0.06683757483930586,-0.07710521895383389,-0.06839318020596571,0.06471805629334813,-0.01298182678840119,-0.12334123170969666,0.014739969148966088,-0.018041329905814505,0.03260746385136843,-0.041088892938746235,0.02863913952034253,0.0067656693881484814,0.028609272456418224,0.026260096863602894,0.019596921540324976,-0.057622173449596685,0.0004233228213527793,-0.060797597720937645,-0.019858110236355378,0.04863593604961571,-0.021949410362919194,-0.005874620713201095,-0.048324691031288745,0.0015324592894263413,-0.04989074205015137,0.01578115040365089,-0.03445061715106407,-0.012683882035031535,0.027808966785288512,0.015282366761247038,0.00029374723165590287,-0.007321528628920147,-0.02134511917924981,0.0036088553964307357,0.026283059931927952,0.010115708994725458,-0.0311202618212341,-0.0091538914196264,-0.04481817013716665,-0.0033430398377448842,0.00041908368834004767,0.0063016176069486856,0.02842353718303482,0.01437041589286821,-0.007387692351448112,0.004368627084987645,0.01814297560610203,-0.044156581905036324,0.015084176783773485,-0.010897954542278224,0.009859645343311935,-0.007962846759345573
Ce,-0.4832612616192712,0.1271132253965933,0.037582810491037864,0.04381405518401429,0.024614450056603822,0.013711132347584459,-0.05694735291571817,0.08178387828186563,0.159142016270049,-0.1296358480376741,-0.058774458395267654,-0.03363153273466121,-0.041767155714945846,-0.007105149146676404,-0.021089732265806658,0.04266426487385137,-0.004452360950361609,-0.001424292781892301,0.02610470324208258,0.036403288640373475,0.027749246354458,0.003236287269369874,0.03447473295655135,-0.0009352856705851731,0.06865549917866319,0.03581666084228775,0.02011457511993358,-0.0011072046630984506,0.012396982207925157,-0.047773008045692386,0.014375443572177807,0.010442210858769285,0.03022855134694274,-0.01945991562478233,0.020270433533787702,-0.001223984538846557,-0.010667060540590556,0.025506942210592486,0.004427909383050877,0.017654760134355806,0.018245728921134432,0.02202677689436638,-0.02684271471240298,-0.013255482215585295,-0.06451079254365319,0.007560606540700911,-0.011331103629322048,0.032704560638040905,-0.04036403103097246,-0.013325795376103546,0.03866460768480667,-0.016867007335988806,0.020505983351043817,-0.012778755814297134,-0.01810961631503818,-0.004589326322146998,-0.04752593333377711,-0.03645001440174387,-0.009792770078723617,0.008542921248388194,-0.003124905593204773,0.035343164497142435,-0.022018675724784043,-0.003418896367860362
Pr,-0.43232581469463127,0.1531460314401225,0.07811285079878395,0.022219075333768733,0.003608336143946849,-0.023333938260373503,0.0018466082920992326,0.08043678881863804,0.21035500915734553,-0.12348247686636045,-0.11418213471418003,-0.041854331617871575,-0.03743909342161649,-0.030836318392927036,-0.004696442940268938,-0.00019422801757358884,0.04749969971077421,-0.017372271986077346,0.1335322695729243,0.01928285335003806,-0.0022823007025408793,-0.01195501218055921,0.03532627644266881,0.03064075377195368,0.020600436216828104,0.03216369769301644,-0.021185017924601566,0.0033051868702734287,-0.037108756233564605,0.001489831993131781,-0.055343648729078605,-0.046670878368673605,0.07249116976867917,-0.04134559155666582,-0.006242624841786246,0.03029090926431891,0.04267184158935814,0.043605553339699586,-0.005509027950941435,0.03757491408207131,-0.027931381970466174,-0.0548684407087829,-0.01657373860842078,0.006311235201263847,-0.047246634036670725,0.022066178677411237,-0.03618307915734145,-0.008515982255962567,0.004022131467885199,0.036251958559562696,-0.01276932278751548,0.00649850251651594,-0.05458721104578484,0.011254543560523664,0.04082352418023372,-0.006112944992270429,0.03922087124308621,0.05213816700989245,-0.03638359829500726,-0.0033529693912335745,-0.04891480420185008,-0.010606656039696271,-0.0005688846279586946,-0.024834580479148233
Nd,-0.45305786282906363,0.14535243290284472,0.10876639815146907,0.08747153889530997,0.039766863313267196,-0.026697796612094364,-0.10116465926369024,0.10255972442233563,0.05668202434617131,-0.037946022150361206,-0.0761154252314506,-0.037866342412733234,0.023464837133150042,-0.018464871423130857,-0.008685805946644936,0.03175669984044772,0.029044251139807443,0.02674283342891702,0.0479530051687334,0.005000676742217082,0.03250286863964451,0.005704243887792211,-0.010940243738907436,-0.05168981195472007,0.028079393771592506,0.016810517198758597,0.09903186461876963,0.016292640000001836,-0.046122224129703175,-0.09620442093220105,0.05972000534027539,-0.005835276854672345,0.0011286942733905584,0.025136187931794084,0.026122588432516965,-0.039077731034418195,0.04419079276117279,0.06240195763907039,0.02209062909928921,0.00015326403659313837,0.014038254338830287,0.05911799889740524,-0.04295937176051914,0.0018096584694298292,-0.0364791183792531,0.00803410584929534,0.03100367858938849,0.01253366910168977,0.008756111756999127,0.036928092128482345,-0.008017393941291856,0.016836155059829033,-0.004502760114081561,0.0025985751415659015,-0.00538575558276932,-0.011610557974675549,-0.0004074057717929781,0.03858473268542608,0.019462057889984355,0.028246326753999167,-0.02708587764819872,-0.01173471379884097,0.027282761064455232,0.04349287245227926
Pm,-0.5502930869483396,0.10965127386407315,0.022787032705285485,-0.00856669693551044,0.09986038441035919,-0.1377558813334472,0.04539389189737367,-0.11207593725647809,-0.14297116353411296,-0.03116548494002327,0.03633988469355955,0.059977455657687584,0.008843422855736095,-0.017677577634803026,-0.07819479193966451,0.04917460186679879,-0.016418087649397037,0.012885663673648781,-0.0008990085290809021,0.04415807502953435,-0.0379662774350298,0.04127611561323605,-0.001014497023341197,0.012963120636993097,0.1115325692032303,-0.03237626912930492,0.04270490708990184,0.039136579574725376,0.005649455210188442,-0.028790292103182964,-0.0015160801560097574,-0.008554602656839447,0.013338167292206419,-0.0003718074579485899,-0.029091121389075315,0.00943036815684058,0.016707081957971767,-0.029353389839670223,0.019096328827967298,-0.02621779892468239,-0.03304450916836365,0.032427516966471975,-0.02893129747200551,-0.01672278339914539,0.0010966881469732543,-0.01340006643977875,-0.0037454838628752933,-0.03470824425005021,0.006430225847911625,0.009296797386973282,-0.03073178962900495,-0.02799115966522063,0.004554059146829947,0.02435027450357904,0.0009541313930380022,0.004675571161829264,0.04671526865687685,-0.01066327456133218,0.004814353178949331,0.005641608390202921,0.017382795788360304,0.01196331729027628,-0.01189716990987892,-0.001622233712580174
Sm,-0.5014618100295193,0.13873667370895684,0.04469946960013419,0.06009926721190128,0.03730129027820752,-0.020813209998651095,-0.11373376097862894,0.09235162299745771,0.09123394046530169,-0.0506326073828185,-0.08733262784457727,-0.0046484370960938135,0.01590855785007029,-0.003556352406017254,-0.01509903946517295,0.024253368399683332,0.016143862518124826,-0.01868758158948687,0.036412803944687266,0.002396140743294162,0.012495988433840697,0.014078773238776432,-0.0011807831170298163,-0.039648546746643906,0.050913882993165835,0.0048973404074133375,0.07127561938572204,0.0283980019163194,-0.02536537399996203,-0.06916449224415881,0.03263485066921577,-0.010409532103762335,0.0024453547729810406,-0.016764757041031923,0.02459685935368306,-0.049560621870684135,-0.0032446511257701923,0.04684439113122103,-0.0074491119791837606,0.003919742937379926,-0.003821291252994065,0.02528214683040064,-0.010643930764767535,0.014008576169368306,-0.0274539423285331,-0.0024819398957001268,0.01978496833386407,0.03409059110311534,0.0026812787219599485,-0.02659180714479723,0.02596958330645498,-0.03944947851976118,0.01408628922441604,-0.001975462549799418,-0.012707250871163856,0.025387918166977545,-0.03553055185721178,-0.03052972799063661,-0.01903143797276009,0.018510735508644592,0.0032362031597899595,0.008653606067234603,-0.00781340729462282,0.00894551281578873
Eu,-0.4526217536401058,0.21262725720665396,0.10267974219653872,-0.06348402412112114,-0.03852262174734807,-0.09631679393594698,0.028900844322452036,-0.07899296627746279,-0.07439100636754843,-0.10983780846830457,-0.057994959731069,0.039720432028409074,-0.03434797598526631,-0.005244638055192248,-0.1362577165778962,0.0695179854150071,-0.05841967194977058,0.007860958927736502,-0.19989353675501384,0.0679025377494917,0.036976077585362,-0.04232529758142557,0.058278316058158246,-0.01623807032786046,0.03406538398578568,0.09546438234220997,-0.02785428791710408,0.054078433616041484,0.014323486546528553,0.09909542692981757,-0.04400012708809574,0.006161222709509313,0.026538860643224787,-0.009961643274699129,-0.0532070298181905,0.03572775019025596,0.003914165381829833,-0.03857473722657086,0.026306642702425193,0.00043177905694007394,0.02923133752271086,-0.006319697664571334,-0.009618420611328766,-0.01252698633819786,0.051719099618353824,-0.001237861420279407,-0.003837995173778398,-0.01517612465076137,0.011222655569448216,0.041899231919156635,-0.008746002817376072,0.04319911997212168,0.004383720354701565,-0.0027325588820554616,-0.01050275738105116,0.002356381740241295,-0.005790388602296651,-0.00926441629133336,-0.0075926515942023355,-0.009229950327155366,-0.03032941550334036,0.003683834515554132,0.01713127624882095,0.019441561274704987
Gd,-0.554594328734798,0.11945166525134134,0.12233825305376947,0.021264533868612323,0.010120539473096315,-0.1592541915893418,-0.05305168830024543,-0.07477260360811236,-0.06473329217452639,-0.08695958971073581,-0.057250882541866346,0.03471275785173629,-0.014336269568769969,-0.018531524504949482,-0.04530880668013833,0.023896492620031067,-0.009493186290442027,-0.0587620304962756,0.05807899696744583,-0.020975310759697538,0.02513522801035363,-0.018640590184395765,-0.021693465923887573,-0.04075115764182124,0.022659567695738916,-0.0200261746246506,0.028048173037813543,0.0225699646069438,-0.0007204208835657188,-0.023444212906177268,0.02108163281169407,0.020454645312491186,-0.033505524200236475,0.0016538915730745475,0.027729980459500588,-0.05184067075837502,-0.046604926130500816,0.021050104919007443,-0.014292706882334739,0.026035417440497133,-0.007544220879694957,0.036367808669760124,0.015343066793872586,0.009205388258503271,-0.006957633883033422,2.1804423819026135e-05,0.004420289536748351,0.018531455814837786,-0.0031864015248806886,-0.04736494296608148,0.021814694113643895,-0.019698252850540367,6.672832152235722e-05,0.03931152668463177,7.291276675384109e-05,0.014928389144155351,-0.0012891697855681812,-0.01703345755009551,-0.004262115304168871,0.017510863661275133,-0.00594974995773398,-0.01866726273158735,-0.000875356316219476,0.015963531814669252
Tb,-0.4758068172055425,0.08826529847155574,0.0200981808230935,0.10387905841871352,0.07328064996874893,-0.025926456824100372,-0.12147467174517482,0.11191572609274893,0.10994960580421222,-0.01459350578210208,-0.01745350792794565,0.10145057645889254,0.041516127425753876,0.014927620033159573,-0.056217587783987555,0.014987115342033218,-0.027336384801738726,-0.0018717376761028283,-0.024551221318199166,-0.04671644947119648,-0.004864030536466377,0.05341381276359054,0.020640556953133268,-0.05150003779224685,0.07070459577017758,-0.05557641246223902,0.0309597884588778,0.013052970191588324,-0.011834578357383411,-0.005447774519192643,0.011571811633494803,0.008054471591722382,-0.010402568753396879,-0.03856005139686675,0.031610919694112956,-0.02921754951407303,0.017696267095341764,-0.0480265836383387,0.02822300223988168,0.0024744776226813857,-0.033508588003095245,-0.0315913936522529,0.019460098000935375,-0.011699551129604415,-0.003321189388978369,-0.012579912906180405,0.01635445881251941,-0.06556770512784377,0.011101006272411245,-0.006727057219956133,-0.022252615851792855,0.013630148559639933,0.044660159091106974,-0.07022583732613372,-0.007829137685475048,-0.003022632135129537,0.0256619951677734,-0.016158463629722824,0.044469757942276034,-0.0008025053514768011,0.048535319841070575,-0.04294695642534385,-0.011567418929811982,0.021178645537150837
Dy,-0.5071736777156886,0.07712345485504248,-0.09304294204728317,0.0825587565695091,0.06935654707783365,0.06035884015919964,-0.03876735749922815,0.06400445062802056,0.11276694792048131,-0.08266097735043922,0.024276651188955008,-0.009879573292474055,-0.041510163351041476,0.0893692115073917,-0.0718641111548141,-0.010350874722496389,-0.04885801965925176,0.0057328888633078785,-0.02172557503337128,-0.041506750794714865,0.0787304724961639,0.02300968037198398,-0.015372539024268897,0.012641282982665383,0.04251922603765838,0.030056857498062337,-0.06657691298881797,-0.06030776640063572,0.07347449537948211,-0.008344848697376115,-0.01410239082964969,-0.024263412766253694,0.01829666808804102,0.04272387474825422,0.012809950546957726,0.05077332849891496,-0.020198587263961426,-0.014404259635544446,0.024874795019833907,-0.020098068104339725,0.010001416634392813,-0.006570571934013888,0.01303704406268256,-0.009223936395945867,0.006960428616148158,0.017244507693054682,-0.016734542078310377,-0.009494126479357034,-0.0007130450442017378,0.0028236271741603034,-0.0019470379350486435,0.010585247685357383,-0.02256921005061585,-0.013502176377839448,-0.007570404600362026,-0.001821524485372192,0.017140689784434393,0.008005346303586881,-0.005323918930064674,0.015982846325706748,0.004848356030912309,0.004064206109239142,0.02763244067899957,-0.02130563910088405
Ho,-0.526155756519914,0.07951007427162969,-0.09612639618427653,0.10004285647718916,0.10096594569678377,0.04192553554180961,-0.10381216790951237,0.0812280359106746,0.039930532401225086,-0.00864645090075688,-0.005118547356327518,0.02749622857455573,0.009928730640548441,0.10380915078917938,-0.05791123109211726,-0.03259534077869169,-0.018737452939732786,0.01843854697256905,-0.02506476504916875,-0.07892296221285473,0.050908427731881555,0.04034507837996275,-0.044865913910626554,-0.024596517471513972,0.011346154555534928,-0.004992647514511703,-0.026586283743481504,-0.024158755076373016,0.020213350715488285,-0.031379586729924,-0.0015665951900492175,-0.03702755226093776,-0.04045784617023099,0.0500322677763284,0.016465259853405304,-0.01173535816967443,-0.03428448508810537,-0.012608870696251552,0.014370199381916091,-0.016206730093215493,0.001917523165536769,-0.03597403947510077,0.023994831251668708,0.016744032764331434,0.014412503813485243,0.010883051214056257,-0.02881777183282438,-0.0038771007407377165,0.0010879201174558027,-0.009216038489066299,-0.005471262108342783,0.010906449497882166,-0.019938042111662557,0.02512986756168293,0.035193688653321085,-0.035959206584982,0.026870203904028472,-0.012483084729169395,-0.005100737987571252,0.0256156121537399,0.0038069665134250136,0.03469747868476151,-0.006415670008186028,-0.01977370076518788
Er,-0.5281904371938378,0.077457451407615,-0.10389176921433482,0.10291402287802905,0.10306268133291882,0.05130575376342691,-0.10427986929027928,0.08162099014071324,0.051180930494049856,-0.006525514201907342,-0.0009287865171872815,0.02497389218197272,-4.583655456277508e-05,0.09812036112748099,-0.05157154983700966,-0.029208835691964537,-0.020787615338959783,0.01955978267267839,-0.023677271388583124,-0.07171977790590009,0.049785253023445504,0.04361965249320207,-0.036331092566825776,-0.024668374003664797,0.025053751288411197,-0.007066150274294675,-0.018659703481391145,-0.012542976700056892,0.01489730003320118,-0.03235857252368718,-0.0040273295083762565,-0.06635178011809052,-0.04069605936975062,0.05047112542221212,0.0023729601336086948,-0.007560905209325475,-0.016576835522177133,-0.011762768559494942,-0.011287227530033576,-0.04571292249581459,0.029186505137880833,-0.049857803720767896,0.022585890125157597,0.029712509000421064,0.025584249557524766,-0.011915544124086696,-0.012400222391586928,0.002496688929447795,0.021369007087584782,-0.04299860009169202,-0.009832871840837107,0.008290801861628557,-0.01545131365581752,0.02181466369040037,0.0050350391478870046,-0.02917994766474886,0.022400883612429208,-0.02196294031243112,-0.01041707113940859,0.017713776575940726,-0.015727665260962656,0.005842252727892474,-0.015437306357796195,-0.03019342063056844
Tm,-0.45205988201674707,-0.02731286362067926,-0.19236978232617608,0.08508163754335202,0.0757788885967278,0.023947585932730553,-0.053304515536315114,0.13628185595276615,-0.011987493778215003,0.028756209459699606,0.04527359541480716,0.12584111685266525,-0.03726573131032703,-0.06883387578427037,-0.17052535826322343,-0.028732394990049058,-0.07569771864045736,0.00686480681789496,-0.06632648260024814,-0.061900711485843134,-0.04193526432223647,0.0831185272734797,0.024881280602755,-0.008780302179961206,0.0027217101344314846,-0.016288734109101293,-0.022265267455917503,-0.05099440697474805,-0.017391942741747157,-0.010826664313765515,-0.035757660884906055,-0.07197856477034129,-0.0045254440477159935,-0.025787838350561292,0.011262752355937053,0.0014097151685035223,0.03319330673473456,-0.06808760624394058,0.013332033204157588,-0.00403146666079185,-0.033230556887382516,-0.01466736057498881,0.013142451227707448,-0.00955494961490935,-0.001897964562747376,0.007302545205938463,0.01884166275016272,-0.012461419168084367,0.004945871930981628,-0.00730690829847657,0.034666101840374434,-0.036370660727331555,0.00045048029403148336,-0.011482549470140015,-0.030790000627083,0.05868528297651281,-0.037212955071864735,0.08199105568934315,-0.007937884798061606,-0.05542532489424053,-0.009978979619798007,-0.011174872636093087,-0.01407797631611513,0.005770449391243156
Yb,-0.41699367040285823,0.17595426286614996,-0.018587844112861986,-0.015209318636409664,-0.017850392618514545,0.06501448032840525,-0.03906758952662232,0.13143896886370948,-0.0004283998655061615,0.03154829140158386,-0.15525822754454274,0.03729964905406476,0.040646206611199984,0.049751759484540956,-0.038463132780763236,0.12113664391982029,0.0337469464400867,0.08763167032470161,-0.2666448663777715,0.0709823224225973,-0.031190938755320415,-0.033665882258176405,0.05354902143666839,-0.011913044246486655,-0.020378213116009743,0.04963692887623805,0.05006449990999311,0.06006905494231353,-0.020379963216716514,0.08761331183709999,-0.062108298647006566,0.045469541326397155,0.03225308898911859,-0.07142772192889572,-0.08075969380280729,-0.04099899803486104,0.03936339004561156,-0.02300568419163147,0.06959632756596057,-0.02772430640155949,-0.0005734668887051338,-0.01963753295253034,0.00516998213692739,-0.012602079966206051,0.03797384062356084,-0.003059376413697511,-0.005125421928499975,0.042578121266010134,0.006525100845540364,0.01184745772197106,-0.03107362303007882,0.018495630983125073,-0.0019849015470452757,0.008951165873305146,-0.012682941398042866,-0.011805950393425543,0.0016058567199822246,-0.013230088522135676,0.0062973615228813255,-0.02586855392242842,0.018428424703436176,0.00964843690441605,0.01337778503554046,-0.009627197983638485
Lu,-0.33606892353230283,-0.07540023573125046,-0.08455589744674759,0.006969352492607047,-0.07733201744553081,0.10196299154136401,0.05632142596597579,0.15956364274827442,-0.1536160131106946,-0.053948240983882664,-0.12946973914041576,0.06684116126060287,-0.14429475261315472,-0.04389984066228073,-0.0411649200296329,0.07511368117639564,0.02551724041956966,-0.062176346494858925,0.21670934724073618,0.1135788670486023,-0.13878230321961765,-0.08721749584402648,-0.06789822865010735,0.056732002628075845,-0.025825854548988596,-0.12943572335007197,-0.040872850317127965,0.029148525950575297,-0.069277674224294,0.032007220491168366,-0.026932318276472866,-0.017280765217703303,0.06744763834057997,-0.008575503286665433,-0.051548551889171776,0.06759627320666996,0.06220583938782748,0.037633277089532596,-0.07522275781353217,0.0438995330524021,-0.05114532339223202,-0.006770958727499135,-0.014436144480171267,0.07131912780300462,0.009322985932302089,0.005402970938255669,-0.004162265942004054,0.022138182250650774,-0.011843335504672488,0.003543014105665266,-0.02068395567866998,-0.0059222272169213285,0.044853081959616514,0.009390334896755654,-0.01590232450246837,-0.014478678740207184,0.008627897535797839,-0.03408541029272674,0.005331766689982841,-0.029941331857986794,0.05639823807922332,0.0017407659939425533,0.010765725949304437,-0.02602375617584462
Hf,-0.15121629577573947,-0.2873727232089938,-0.10710616865518297,0.11789429857385639,-0.02844970287495828,0.17365033738373156,0.2602954037057765,-0.07489161966760793,-0.13440623079363742,0.07684563224272768,-0.0890431126583327,0.05964801425184114,-0.023314511747214706,0.1586668262645372,-0.09615323760398194,-0.12430475392126225,0.13975037272199492,0.04560907936557562,0.029378527225769994,0.046406099318626014,0.08570503498519066,-0.02564995960288629,0.07131683134034855,0.02818996145025717,-0.058113609461806506,0.031180692944043714,0.030977572969115148,-0.021562494815452922,0.07453178489670378,-0.0017993263389195534,0.028092996311408346,-0.020564745920146614,0.018268123193967433,-0.08304363879243733,0.02103166440801915,-0.06288267859244741,-0.0519572009668471,0.02076947487387496,-0.02818744725505431,-0.036788554728148216,0.02201365945315842,0.0377107892182418,0.009226473569973657,0.008847443488146773,-0.01908896230760176,0.018579751947527794,-0.016168718712089313,-0.024860341430649472,0.008168787527786865,0.10433459969132919,0.01879870953366367,-0.02936792849299069,0.013318732616620877,0.04780098070790604,0.005193538151427502,0.04619678732679752,0.014651852249282076,0.017624618639598036,-0.02213250338528214,0.024533635919748095,0.03442814543095231,-0.04964139824627852,-0.01812646399809963,0.014158562026187878
Ta,-0.10709947706373162,-0.3085619249560245,-0.029398739830380948,0.11304763722709608,0.014003543382048431,0.10500743404649726,0.24232964809269972,-0.09976984930299407,-0.08553732022971655,0.009771066045306162,-0.16311523031477831,-0.04667405373900205,-0.06400094892568554,0.12971190115001682,0.01426932792308926,-0.15282366813415807,0.06819152946796771,0.05153961134824832,-0.08690248286934062,0.1127416745951645,0.036239522333684916,0.06752046710391794,0.053980763375695955,-0.015828733895707898,-0.021663274488248434,-0.12760804773000423,0.08849490786983837,0.023913645065723865,-0.0776496687503957,-0.01860931639462035,-0.07398910710423544,0.018715758030378372,-0.0084431399404189,0.10113261770781237,0.05682344086378406,0.024541412368315113,-0.07594078865478031,-0.004044998786566456,0.009243923493444151,0.005949580159190528,0.08686814569088329,-0.03961440752707923,0.02609284829856133,-0.002904216206626132,-0.0416795243853643,-0.02081018835811163,-0.04297140180303247,0.013446252837125465,0.006993134800938949,-0.022271041057686704,0.014750697937417708,-0.011132231382375247,0.0711285908106754,-0.03625316755792363,-0.007341539539798782,-0.025263487331625666,-0.017915002031831724,0.01728419322706088,-0.013264243632562496,-0.05594056113547303,-0.01660037233188553,-0.006948636051407859,0.027086503726067634,0.009207334519487515
W,-0.0010092830121102819,-0.3990937228857886,0.020130118003390825,-0.019217347654859055,0.05394711476313184,0.0912774231741034,0.1259903967421162,0.016999734494121958,-6.41395440206298e-05,-0.2906239455215038,0.0384708500894287,-0.10527151351919106,0.0766785237527172,-0.05867605705552155,-0.025327370725419764,-0.002787416036041439,0.08012680208670396,0.1185704194341501,-0.0397392382303192,-0.012444188785076329,0.024387962324509273,0.047960085120513626,-0.03624680043959311,0.03009117317480404,0.00013298652830514432,-0.05478061735482141,-0.12414883315906014,0.08737811930800614,-0.009464017198073806,0.07858348256602149,0.07146034647404617,-0.05439029285098639,-0.06834835705028289,-0.010429424814508856,-0.03696442003902185,0.009465116080764299,0.028294307703482836,0.03159159666352173,-0.023550994273071134,-0.03160770301212257,-0.050894145011810804,-0.005731650619917076,0.027708049111255125,-0.03748531522421804,-0.007993991803067054,0.005181776745228588,-0.04077070335137485,0.014953723869035075,-0.1150730542160757,-0.01969503280334744,-0.011707399768544725,-0.0020382502327610913,-0.0030318422727052714,0.0005193148657327582,-0.0218600119558121,0.059573752173401766,-0.03977216506013184,0.02520867053448107,0.05570567028202435,0.018666725241747523,-0.017814248991824416,0.016156403803011594,0.022936629241664647,0.0030217462456151134
Re,0.05762933617068699,-0.4193677027274952,-0.016230594519970245,-0.07676403516907625,0.047641308797874225,0.025841610795351563,0.08950136333386093,0.040022149694860204,-0.08018097762092848,-0.23662660131141047,-0.1578041856862836,-0.03996246325417769,0.1962735452344858,0.03451124531271545,0.020333577842736338,-0.0031072032331177575,0.031714587059037846,0.03786109174642088,-0.042532283346865485,-0.025179042424041474,-0.0975135535926502,-0.0010999665418378228,-0.15476943651333772,0.022698050291299156,-0.07804137821684287,-0.04841965289394372,0.08782069278099026,-0.07558358208822408,0.018266893482256543,0.02463907352043082,-0.008424269171510141,0.04182869841859826,-0.013841086282960904,-0.08599816462578784,0.03027513997194852,-0.051183901652307254,-0.01933536567618156,-0.003813866254027486,-0.005271484120645715,-0.02256401457209179,-0.058545484911403545,-0.03096827830858273,0.02153369802816267,-0.05321237096395667,-0.010849457991963499,0.008896051435504827,0.009422872128134956,0.08385348676618745,0.047380126408844064,0.029610017334149835,0.03704595710680075,0.00963159865032052,0.024555389957506085,-0.03821147914117099,0.03674934576253171,-0.02802190481872478,0.02732984212335283,0.003937197192899197,0.0075512107984883,0.026686167781548458,-0.013598895361245407,0.02246404182309557,-0.006903666884617584,-0.03986558411653967
Os,0.15113810800155889,-0.3545343190914451,0.19385987269690666,-0.015748637765303622,0.20788530281478063,-0.1738417667827429,0.13194112107921951,0.14718826883090766,-0.0419124355565656,0.001040907819327704,-0.028868354497205224,0.03471277255462915,0.014336941261364592,0.10938989036132861,-0.06076590702666963,0.08381378443278568,-0.006860643570297888,0.019258466766439334,0.03795725694660286,-0.12186414087444475,-0.09023144656368974,0.0965241293860943,0.11038587294114634,-0.05738494861124789,-0.11038451926640819,-0.009376162584441617,-0.030772575801065825,0.09336123224689317,0.005670774442923993,-0.07008212560421247,0.05055770504277609,0.016160767542907125,0.044548733643705006,-0.05976254714449858,0.05448136987410217,0.0972944694621566,-0.030360977206274575,-0.036831187490416646,-0.025305236069490148,0.044774894345728025,0.0021457261806625168,-0.006166578576442963,0.02724666664514283,0.010261387064305204,0.03886310848584608,-0.008293820596738685,-0.01633221959500442,-0.021804678094065753,-0.0056899760733056725,-0.012032624594260133,0.0006872211443147849,-0.007429179121900424,-0.00043011343221820554,-0.04217076092418295,0.030345604651933738,0.013165617312036791,0.00036461495576382163,-0.010486241042096507,-0.04066147531648201,-0.008400842133790718,-0.022891972227103624,0.05656163500930545,-0.028707004538097235,0.035407687972677494
Ir,0.14743114204665972,-0.33590893662683496,0.22672685957104458,-0.028383486316141893,0.16399654443956516,-0.16391800273089532,0.08139060864768898,0.2003767126240997,-0.01946591848455418,0.03432809601491529,0.002168386358111465,0.04533511160849295,0.029068205090556035,0.10461260607326851,-0.029518950286135236,0.048674200451498804,-0.07536501278610755,0.03683821060059658,0.06797760198075972,-0.027646283801648124,-0.06343704272498558,0.09238858501753042,0.06662330306248293,0.05929271815383738,0.014996577478825233,-0.04936074526689989,0.04844732448511949,-0.06841855949663217,-0.061046372564740214,0.16675990275092686,0.07948086650851666,-0.04012640055113911,-0.008356984783995906,-0.029385386448292666,0.03203644596864324,0.01494297852553582,0.014873790867522179,0.016841492045696203,0.028854332388462915,0.05189256330623727,0.09279691877074099,0.08162903362954939,0.048503079173714415,-0.014904653456200451,-0.017069441650181205,0.012444708215748009,0.049419602471275074,-0.04344140576384596,0.01428241830521873,-0.024256327015810764,-0.0531440362643688,0.006726677263798046,-0.024191811688349465,-0.009756327538952097,0.023199162737743643,0.002878770863503598,-0.029151060521614678,-0.004009755890734991,-0.00329676154593862,0.021882621892435825,0.014145887907555188,-0.022133691307107958,0.006456717775787618,-0.053258939516228045
Pt,0.1960008636305387,-0.2812621480415363,0.30308596799586257,-0.014390310214953211,0.20069408691170526,-0.09280678950019265,0.07217527083044592,0.22032028393623915,-0.0750810237012888,0.01702363234128558,0.003705957320605914,-0.021867210364963238,-0.03865588316811594,0.0635341044420639,-0.012914679621354778,0.013158970657672214,-0.026094449169406977,0.035931761451032045,0.04976123487855096,0.0903608871789882,0.061418052191364675,0.1106486697665881,-0.0348950770822555,0.19422412627122526,-0.05938857930537651,0.033791898068633114,0.08280490556486644,0.06950143568602218,0.022708719095279235,-0.04397201940102175,0.047145428947881485,0.07533077312145883,-0.09384912539677766,0.07370733636811516,-0.019199414279036344,-0.01914606049080746,0.10195517395501419,0.01579029451803829,0.030413940319304153,-0.022726797639893277,-0.011557472033532759,-0.04177993112247698,-0.07973136735132276,0.006374153553654481,-0.01608402680076172,-0.04756159250485985,0.0080888709290847,-0.0017045221775832398,0.05065159052813699,0.018672588188812633,0.008235763129571933,0.03023063321557124,-0.029883112087632765,0.04851740967732108,0.00500180939986677,0.005927512326840125,-0.02639208434381595,-0.005322424104708757,0.010568462990214035,-0.035308269287199656,-0.007371014299729964,0.022575197281970136,0.007421483397627342,-0.0009512708696562198
Au,0.2503387106347085,-0.061965224122872954,0.3887760518851289,-0.05226555426241548,0.16150285422483462,-0.004846897486563588,-0.024384840987433876,0.265808928385862,-0.09746076530574013,-0.005261327447922833,0.0041296070295503435,-0.010949436608659775,-0.010837669301225712,-0.01044359767503636,-0.028313465278626077,-0.14174652132685264,0.07066310192731413,0.09359701150186936,0.009749648378458797,0.14000126106716687,0.14728806655753532,0.011912752523734358,-0.10422968788017246,-0.13921616434374653,-0.058562624009400335,0.04521800742806677,-0.015433516504343301,-0.09044147174022842,-0.0006437979788376872,-0.024895407883231677,0.09178206839118262,0.026006458446016633,0.016997522042091463,0.0323770130765711,-0.09259515482238664,0.05870542486465712,-0.04909886014617979,-0.09828621561507492,-0.021096029107866544,0.01706659711060265,-0.004216122082597198,0.034882209574891916,-0.028948401375006944,0.08064533610263575,-0.01092554000395757,-0.013010955930014702,-0.016513634194775143,0.0574357699232549,-0.010861061085929562,-0.029000884713926835,-0.007493658412138449,0.019548307595409584,-0.03925693795469857,-0.037315155418177065,-0.032112019777907265,-0.01368395944882868,0.040550277502743995,0.028540901315429513,0.009553418862079858,0.0010448958443754772,0.008646710054791756,-0.03572434500584594,-0.004525593351102969,0.009304729564602132
Hg,0.23095152602673036,0.0013260386037218734,0.23957750056455998,-0.058495993557274105,-0.09412422954579598,0.18867945961906446,-0.18884236613512337,0.22237576452617597,-0.11412324804275407,-0.12284305070461365,-0.0541830212015829,0.03149437325488584,-0.15412036775312374,-0.10226806644040555,-0.13126277004711562,-0.19376490761967607,0.05983094456350424,-0.0006790520255950717,-0.05404232241406129,-0.10439773932579145,-0.20014259090251296,-0.08158540596907408,-0.013106612761753567,0.04528980233320258,-0.06224070482976408,0.0634467104557534,-0.06785787824455272,0.03047658512033167,-0.012101970820282826,0.010231205493043457,-0.01321528882445639,0.013727335502543177,-0.08499368705524855,0.07551455615464142,0.08916223117120765,-0.058129065057860876,0.0005667204806155317,0.0821470224613858,0.03545052026720049,0.0755871175688101,0.028199045597793782,-0.009749676083531266,-0.020108885649265593,-0.029849738536470004,0.048374882483969574,0.03224982227164042,0.009715615466458542,0.012117048584768444,0.0074550592533792325,0.010547998836734615,-0.022412461293288024,-0.0005312554677295532,0.007182707111546695,-0.015747090698300457,-0.01923361874569978,0.022136209986716164,0.04242722416790964,-0.035227006005966434,-0.014702255422847137,0.00857767468921449,-0.015540620542396438,-0.019939890334168542,0.007080845031538131,0.027849842031908854
Tl,0.05853310387746278,0.05229433219319618,0.0909600335088601,0.19859235091886057,-0.3701140775622337,0.1184932838113063,-0.001099278826139182,0.13290269394457843,-0.10721887685928955,-0.2250085938118088,0.13745608815963678,0.16436439358411065,-0.060855896549140955,-0.040314571190106355,0.08180957701854813,0.039253286285278195,-0.08132727345160286,0.06979560104790522,0.010239023255893216,0.029272091415277944,0.02454630574963378,0.06500646059707556,0.05291080168947282,0.0015612270117143544,-0.06137214270938233,0.0713005858766509,0.0524049561856183,-0.02934086424945956,-0.010569212372295115,-0.002823351921245514,-0.006032973030002657,-0.0349142911361054,0.0017383492868840353,0.00781385001757901,0.04860106176097293,0.04189159666562476,-0.007512754310008252,0.004286803322451851,0.015249257846948104,0.025468362583711587,0.006772526036135267,-0.0015354578981687846,0.02788654801759666,0.0378915703925752,0.0472992915657218,0.02623378146718087,-0.01613603232634585,-0.0439861005115896,0.011375734226825458,0.03225889836195121,0.07988740169029616,-0.0353581351166946,0.0015264546043237924,0.041684178326509655,0.014373780114851192,-0.07226490885957638,-0.0304298167484632,0.017917183120464333,0.07965917416328325,0.009371419652226667,0.010684953003814248,0.014549024007804334,-0.0009221129605369402,0.015304238445672316
Pb,0.039852002129736885,0.007316569014912802,0.19378185866123823,0.28608350834640056,-0.24272945125302772,0.10186650907057618,0.08625733894545705,-0.10209798175804091,0.12206365634811163,-0.11928127098193539,-0.014745234619656924,0.18838813810302427,0.05545358664493248,-0.005553857986756081,0.016388866239132896,-0.05596230447771622,0.1083375319116349,0.050484794151671314,0.101277236935887,-0.0776312412593825,0.04653273149074301,0.008785643052464775,-0.05833133259445063,0.06234289921499502,0.006239194719598497,0.08778695568184165,0.0024063514860742357,-0.0010998650431499127,0.08227951671222093,0.05266963202569609,0.04379197341727219,0.10587403446385243,0.06937754837272384,0.043795907603183366,-0.018205332037913115,0.07825144517851194,-0.04937157552474789,0.011255391381743566,-0.04096353554916198,-0.06764641233188784,0.021146506375666747,-0.02465010828668626,-0.007770643218829174,-0.06333292617524192,-0.03091380944013818,-0.021528677283976123,0.05654586234971408,-0.05360456138591539,0.029508675626482943,-0.0238566306922147,-0.008169119418519345,0.008184850309667797,0.01517536835064211,0.0037359298123841506,-0.03183916163955156,0.02793228175917201,0.02556284863018136,0.002637953262152779,-0.024606930671429144,0.0001626695610054228,0.040347776945937545,0.05995830304559203,0.026479596782851146,0.0037878833757514834
Bi,0.11127970570550377,0.006544536887006973,0.24386553717711013,0.32808789660598614,-0.1611800870982054,0.11577175844065324,0.057466733632863747,-0.11947052579273791,0.1670569322331683,-0.14657364543776558,-0.10379252895453792,0.08182738737193969,-0.1641364069253119,0.06689843320846763,0.1238798945198782,-0.05070779810867991,0.0457714439582075,0.013369555088917257,0.00499826872591032,-0.0685890950085656,-0.006464228315610341,0.07271731519529182,-0.025223554577895477,-0.051301972804976156,-0.021699979852580584,-0.009043786154098328,-0.04728990848078621,-0.05595460357346802,0.0747415208548228,0.057323930469346876,-0.04367386947115689,0.060376296972547316,-0.034540006115010645,-0.0019262154345909483,-0.03344962333846481,-0.037934114748608354,0.007307711924837838,0.006369779157208181,-0.03534122097985619,-0.026509665286059855,-0.06807505088447667,0.062327099654552284,-0.057758888558476155,0.0011752222436206938,0.04074770452732607,0.035508021857845073,-0.0038308699947289544,-0.03466706594099587,-0.04222257893991819,-0.033840634406424035,-0.002231083450694341,0.032355625441329396,-0.007405437298543393,-0.018474239923839557,0.031158507456509436,-0.042068516608542814,-0.04984777746109673,-0.02058184375726294,-0.03651699069838772,-0.044715356353677016,-0.027278746721183713,-0.04171076710990429,-0.032848819242947025,-0.0032080272738597175
Po,0.0,0.0,0.0,0.0,0.0,0.0,0.0,0.0,0.0,0.0,0.0,0.0,0.0,0.0,0.0,0.0,0.0,0.0,0.0,0.0,0.0,0.0,0.0,0.0,0.0,0.0,0.0,0.0,0.0,0.0,0.0,0.0,0.0,0.0,0.0,0.0,0.0,0.0,0.0,0.0,0.0,0.0,0.0,0.0,0.0,0.0,0.0,0.0,0.0,0.0,0.0,0.0,0.0,0.0,0.0,0.0,0.0,0.0,0.0,0.0,0.0,0.0,0.0,0.0
At,0.0,0.0,0.0,0.0,0.0,0.0,0.0,0.0,0.0,0.0,0.0,0.0,0.0,0.0,0.0,0.0,0.0,0.0,0.0,0.0,0.0,0.0,0.0,0.0,0.0,0.0,0.0,0.0,0.0,0.0,0.0,0.0,0.0,0.0,0.0,0.0,0.0,0.0,0.0,0.0,0.0,0.0,0.0,0.0,0.0,0.0,0.0,0.0,0.0,0.0,0.0,0.0,0.0,0.0,0.0,0.0,0.0,0.0,0.0,0.0,0.0,0.0,0.0,0.0
Rn,0.0,0.0,0.0,0.0,0.0,0.0,0.0,0.0,0.0,0.0,0.0,0.0,0.0,0.0,0.0,0.0,0.0,0.0,0.0,0.0,0.0,0.0,0.0,0.0,0.0,0.0,0.0,0.0,0.0,0.0,0.0,0.0,0.0,0.0,0.0,0.0,0.0,0.0,0.0,0.0,0.0,0.0,0.0,0.0,0.0,0.0,0.0,0.0,0.0,0.0,0.0,0.0,0.0,0.0,0.0,0.0,0.0,0.0,0.0,0.0,0.0,0.0,0.0,0.0
Fr,0.0,0.0,0.0,0.0,0.0,0.0,0.0,0.0,0.0,0.0,0.0,0.0,0.0,0.0,0.0,0.0,0.0,0.0,0.0,0.0,0.0,0.0,0.0,0.0,0.0,0.0,0.0,0.0,0.0,0.0,0.0,0.0,0.0,0.0,0.0,0.0,0.0,0.0,0.0,0.0,0.0,0.0,0.0,0.0,0.0,0.0,0.0,0.0,0.0,0.0,0.0,0.0,0.0,0.0,0.0,0.0,0.0,0.0,0.0,0.0,0.0,0.0,0.0,0.0
Ra,0.0,0.0,0.0,0.0,0.0,0.0,0.0,0.0,0.0,0.0,0.0,0.0,0.0,0.0,0.0,0.0,0.0,0.0,0.0,0.0,0.0,0.0,0.0,0.0,0.0,0.0,0.0,0.0,0.0,0.0,0.0,0.0,0.0,0.0,0.0,0.0,0.0,0.0,0.0,0.0,0.0,0.0,0.0,0.0,0.0,0.0,0.0,0.0,0.0,0.0,0.0,0.0,0.0,0.0,0.0,0.0,0.0,0.0,0.0,0.0,0.0,0.0,0.0,0.0
Ac,-0.43727852842676385,0.2021445557788916,0.1280920255366909,-0.01940267462633242,0.043091008444282076,-0.1691287987535366,0.049420887912961016,-0.15472627562396563,0.07283572792642011,-0.04968836296216784,0.022810843839561435,-0.08726053729785428,0.01749653375966182,-0.10028584722150605,0.09131492243597829,-0.01358339302153285,0.09454738650991179,-0.0704061191023071,0.13973988107822863,-0.0028928600811286512,0.02853478420419575,-0.11257077844310283,0.011674609061224812,0.0652652408733432,-0.14516149886149354,0.016065507900946928,-0.11501795487566877,-0.02544619179152014,-0.02197569398320096,0.053231556704725166,-0.07612983057288228,-0.05068368493637569,0.04074587911334613,0.007636418699972973,0.04807809731570845,-0.055585539890863116,-0.009642806178295505,-0.06547256359022166,0.023792944321153028,0.03210204015591927,0.018851869125680345,-0.04427634207104843,-0.023755645862487896,-0.02627257812021155,-0.027280209928714765,0.024707934085662863,0.017116650712104588,0.008174949145092335,0.034176863591399494,0.024922053338660786,0.013542276096815197,0.011764856344036057,-0.014980267630787341,-0.04845894106101197,-0.016186036948193653,-0.035597310058254554,-0.028950809857854927,0.0342308185422894,0.013189757296954206,0.010201901697238173,0.010167812628378466,0.009429407695207727,0.006409883896784962,0.0030632512117762284
Th,-0.4763157375467025,0.05484113038109524,-0.05781961595772563,0.1208103358476309,0.12074599217158824,-0.03964559513453783,-0.12212520525396246,0.002753396625342568,0.07971170078879918,0.11881882225127839,0.157516863049947,-0.07711782959930086,0.0636118753908835,0.021398204172217924,0.11717816388235071,-0.09740355266910804,0.01320436382835335,0.007993584705690376,-0.014756116284346983,-0.028512852229055575,0.014773496707506807,-0.016415168220845437,-0.029565678121052884,-0.0040516850240030645,-0.13830787881214668,0.04687936141238953,-0.021627354627026148,-0.0032703693056181696,-0.0018061401325019108,0.051205148645435676,0.0022814267558716136,0.036876160218051686,-0.02224930501591839,0.025608365344761477,0.030759731131410856,0.01548656980683008,-0.022000484055483854,0.047303373480531145,-0.02017646787776651,-0.013578752881619445,0.04857041396069437,-0.00645782484662411,0.00903251880552202,0.014168317046174701,0.035977800349492065,0.01651115741134873,-0.03901786447920748,0.007117221248333923,-0.012906231828901367,0.007562297193696411,-0.03899848977344286,0.01396975939757183,0.00807179375941359,0.018205410336535985,-0.009007347098342106,0.01811579236424421,-0.02157386291250261,-0.015175523602227445,0.03320182173913529,0.0053817035634910965,0.018586373629962752,-0.0005131268787039957,0.031845775393050814,-0.0018850628892100498
Pa,-0.4730460639050131,-0.004069932816240523,-0.08062076106700987,0.07142519588553434,0.17392579068744007,-0.2100028623668204,0.04249608458837432,-0.1800543725960433,-0.17266543067490647,0.08191448939603935,0.19654567936597372,-0.02867363267100698,-0.026429964686624577,-0.08852108264743055,0.04934413532424437,-0.08777712750556518,-0.03467758017995678,-0.013230247054168434,0.01638893035696884,0.030792716724909804,-0.08492026804595912,0.005255977267501068,-0.03727868653234073,0.02612670365890355,-0.04529692341855836,-0.007482395748797669,0.02074469496106364,0.00968780585692993,-0.020249015198182778,0.0038815835259653248,0.006431820970955096,-0.006878735743167936,0.014187626456703427,0.00984309823612793,-0.03679434571478511,0.018700608019224678,-0.021211526041045023,0.008394088808046945,-0.006236269843244797,0.03885112633916774,-0.0071764351297916255,-0.010829514221156567,0.03751317554141423,0.01273011925876173,-0.011461251604308189,0.010727181301741206,-0.002788392646404419,-0.0009176835076779489,0.0023001722231668215,-0.008557220810273682,0.015239725426751704,0.01916385120793817,0.0025410407292522754,-0.014307607933867497,0.018844021710168007,0.02144613101634966,0.00315570728830207,0.010617954469894884,-0.007290269898585426,0.010232757516896028,-0.025325837841328344,0.021560517437341012,0.003945749869211646,0.008387138305177476
U,-0.41246172608127263,-0.08795087241420185,-0.10187792425450173,0.055656201286118805,-0.036585789058457004,-0.07767819727137931,-0.16382165151276196,0.03916310070288465,0.05898269934549628,0.010391320146960325,0.19385880173377001,-0.09489759643786945,0.061661601159192655,-0.049910667890602424,0.10573706576827345,-0.10418023776438672,0.11988093490100742,0.004321682639211137,-0.1413658812845937,0.03557344506413888,-0.06017991510893455,-0.06418112882840883,0.07698058207521899,0.041922613743161266,-0.1546794089081457,-0.03230623902777078,0.09283901495134098,-0.005788060208756441,-0.005400442981805638,0.05120581380188716,0.046763586150174535,0.04275697086834699,-0.000752751745183225,-0.016088597433420004,-0.04407569256373443,0.034134982852413225,0.03529470999076624,-0.01974219934199428,-0.003390988896325257,0.0038649955617725343,-0.06945105335487574,0.054233547459542286,-0.03866632760927214,-0.02051748441160028,0.009012187019835891,-0.013279195972938505,0.02828882032906653,-0.03600484997747548,-0.010154704778381873,-0.010757442715584195,0.03650664758266982,-0.008659819119963018,0.00894678729603684,0.0011198652750893422,0.014225435265486957,0.0058893692690699375,0.04469008426395362,-0.003017373875188007,-0.020096552222414518,0.0022632693187418142,-0.016215161249263556,0.0033555433142269313,-0.046496863636468676,0.016555561880952183
Np,-0.47319023320988424,0.12132034508887854,-0.1024377962028276,0.11219448849151167,0.18468262254776507,-0.022201049818203932,-0.09939038487912172,-0.026462554089774788,0.08739602775359531,0.12098422025859643,0.17360092355156717,-0.09547746481880677,0.04885096366569731,0.01591782970525074,0.11669959872826084,-0.0589088304855022,0.013567457903514976,0.02483250726477439,0.03640479741544132,-0.025971847405659353,-0.025988796545455863,0.0010260843564431235,-0.015982880544814195,0.01785565425399927,-0.044076692417436,0.00909184134605258,0.008723037771753652,-0.00026389323686539575,0.0100291248639029,0.01645261000749592,-0.010593921665939006,0.03915025754133961,-0.006820150512918258,0.006558383044710591,0.00927881444331727,0.01721298557755902,-0.017631016393014544,0.022062856020032637,-0.035189733758630236,-0.007323921477086764,0.03393648448177063,-0.01903259689764842,0.019976215369093355,0.008847634576871304,0.025154149626184303,-0.011015762300913272,-0.010273747176906496,0.020994514537141126,0.0021662001694155576,-0.0048847333643843955,0.0068695210059832364,0.004565866655244538,0.021081032985537523,-0.013655419168029773,-0.020792540544836743,0.010624874390884515,0.00036556168927794666,-0.0338356632599448,0.009947895610282939,0.001082460820288458,0.006959436731243484,-0.03438743663492241,0.0035149097206185415,-0.001134701942270929
Pu,-0.48813082976237626,0.03387869125809474,-0.2030363252289108,0.053950401426922055,0.19453135629970245,-0.017569009796240063,-0.0634308898181245,0.009111039145588128,0.04629714056840117,0.1470726864350075,0.1763049448713318,-0.07101251287663672,0.04006315713458833,-0.007377341541387808,0.10044660465329257,-0.0339919644287681,0.020409609411544797,0.05397062380225791,-0.03970219058219276,0.0012660114734949323,-0.05758211299680407,-0.00799581313699927,0.012490163432706512,0.06345731554013027,-0.057988803604983125,-0.016228462729991185,-0.0006829122688119257,-0.019047027762044474,-0.01083723526991619,0.013646938073372743,-0.0033767224636222404,0.04394206145988121,0.009334118463787794,-0.025856268932430357,-0.010907666038959549,-0.006536041469934157,0.031535397135548475,-0.003943060238892329,-0.03824639328190316,-0.005191613383098586,0.00930360153185729,0.035342063158627146,-0.0020878988486368855,0.002267219884384361,-0.01270118105297474,-0.018694691243068613,0.010173545246691137,0.007408631563641446,-0.010594393511774828,0.015663502970271873,-0.0028482973524739997,-0.026289705303176977,-0.009397505980331502,0.030531005040424348,0.013502476478389655,-0.02981828429256148,-0.030501568468662057,0.009089887085756502,-0.0196180194815314,-0.029231090935369835,0.01392540906043294,-0.0005432188281579011,0.0005980211193841667,-0.01163382080988539
Am,0.0,0.0,0.0,0.0,0.0,0.0,0.0,0.0,0.0,0.0,0.0,0.0,0.0,0.0,0.0,0.0,0.0,0.0,0.0,0.0,0.0,0.0,0.0,0.0,0.0,0.0,0.0,0.0,0.0,0.0,0.0,0.0,0.0,0.0,0.0,0.0,0.0,0.0,0.0,0.0,0.0,0.0,0.0,0.0,0.0,0.0,0.0,0.0,0.0,0.0,0.0,0.0,0.0,0.0,0.0,0.0,0.0,0.0,0.0,0.0,0.0,0.0,0.0,0.0
Cm,0.0,0.0,0.0,0.0,0.0,0.0,0.0,0.0,0.0,0.0,0.0,0.0,0.0,0.0,0.0,0.0,0.0,0.0,0.0,0.0,0.0,0.0,0.0,0.0,0.0,0.0,0.0,0.0,0.0,0.0,0.0,0.0,0.0,0.0,0.0,0.0,0.0,0.0,0.0,0.0,0.0,0.0,0.0,0.0,0.0,0.0,0.0,0.0,0.0,0.0,0.0,0.0,0.0,0.0,0.0,0.0,0.0,0.0,0.0,0.0,0.0,0.0,0.0,0.0
Bk,0.0,0.0,0.0,0.0,0.0,0.0,0.0,0.0,0.0,0.0,0.0,0.0,0.0,0.0,0.0,0.0,0.0,0.0,0.0,0.0,0.0,0.0,0.0,0.0,0.0,0.0,0.0,0.0,0.0,0.0,0.0,0.0,0.0,0.0,0.0,0.0,0.0,0.0,0.0,0.0,0.0,0.0,0.0,0.0,0.0,0.0,0.0,0.0,0.0,0.0,0.0,0.0,0.0,0.0,0.0,0.0,0.0,0.0,0.0,0.0,0.0,0.0,0.0,0.0
Cf,0.0,0.0,0.0,0.0,0.0,0.0,0.0,0.0,0.0,0.0,0.0,0.0,0.0,0.0,0.0,0.0,0.0,0.0,0.0,0.0,0.0,0.0,0.0,0.0,0.0,0.0,0.0,0.0,0.0,0.0,0.0,0.0,0.0,0.0,0.0,0.0,0.0,0.0,0.0,0.0,0.0,0.0,0.0,0.0,0.0,0.0,0.0,0.0,0.0,0.0,0.0,0.0,0.0,0.0,0.0,0.0,0.0,0.0,0.0,0.0,0.0,0.0,0.0,0.0
Es,0.0,0.0,0.0,0.0,0.0,0.0,0.0,0.0,0.0,0.0,0.0,0.0,0.0,0.0,0.0,0.0,0.0,0.0,0.0,0.0,0.0,0.0,0.0,0.0,0.0,0.0,0.0,0.0,0.0,0.0,0.0,0.0,0.0,0.0,0.0,0.0,0.0,0.0,0.0,0.0,0.0,0.0,0.0,0.0,0.0,0.0,0.0,0.0,0.0,0.0,0.0,0.0,0.0,0.0,0.0,0.0,0.0,0.0,0.0,0.0,0.0,0.0,0.0,0.0
Fm,0.0,0.0,0.0,0.0,0.0,0.0,0.0,0.0,0.0,0.0,0.0,0.0,0.0,0.0,0.0,0.0,0.0,0.0,0.0,0.0,0.0,0.0,0.0,0.0,0.0,0.0,0.0,0.0,0.0,0.0,0.0,0.0,0.0,0.0,0.0,0.0,0.0,0.0,0.0,0.0,0.0,0.0,0.0,0.0,0.0,0.0,0.0,0.0,0.0,0.0,0.0,0.0,0.0,0.0,0.0,0.0,0.0,0.0,0.0,0.0,0.0,0.0,0.0,0.0
Md,0.0,0.0,0.0,0.0,0.0,0.0,0.0,0.0,0.0,0.0,0.0,0.0,0.0,0.0,0.0,0.0,0.0,0.0,0.0,0.0,0.0,0.0,0.0,0.0,0.0,0.0,0.0,0.0,0.0,0.0,0.0,0.0,0.0,0.0,0.0,0.0,0.0,0.0,0.0,0.0,0.0,0.0,0.0,0.0,0.0,0.0,0.0,0.0,0.0,0.0,0.0,0.0,0.0,0.0,0.0,0.0,0.0,0.0,0.0,0.0,0.0,0.0,0.0,0.0
No,0.0,0.0,0.0,0.0,0.0,0.0,0.0,0.0,0.0,0.0,0.0,0.0,0.0,0.0,0.0,0.0,0.0,0.0,0.0,0.0,0.0,0.0,0.0,0.0,0.0,0.0,0.0,0.0,0.0,0.0,0.0,0.0,0.0,0.0,0.0,0.0,0.0,0.0,0.0,0.0,0.0,0.0,0.0,0.0,0.0,0.0,0.0,0.0,0.0,0.0,0.0,0.0,0.0,0.0,0.0,0.0,0.0,0.0,0.0,0.0,0.0,0.0,0.0,0.0
Lr,0.0,0.0,0.0,0.0,0.0,0.0,0.0,0.0,0.0,0.0,0.0,0.0,0.0,0.0,0.0,0.0,0.0,0.0,0.0,0.0,0.0,0.0,0.0,0.0,0.0,0.0,0.0,0.0,0.0,0.0,0.0,0.0,0.0,0.0,0.0,0.0,0.0,0.0,0.0,0.0,0.0,0.0,0.0,0.0,0.0,0.0,0.0,0.0,0.0,0.0,0.0,0.0,0.0,0.0,0.0,0.0,0.0,0.0,0.0,0.0,0.0,0.0,0.0,0.0
