element,0,1,2,3,4,5,6,7,8,9,10,11,12,13,14,15,16,17,18,19,20,21,22,23,24,25,26,27,28,29,30,31,32,33,34,35,36,37,38,39,40,41,42,43,44,45,46,47,48,49,50,51,52,53,54,55,56,57,58,59,60,61,62,63
H,0.045248627724117696,0.10030633731615743,0.05902957697904521,-0.14024519455145626,-0.07433939483273123,-0.003256650752301399,0.09181600908535836,0.1161616693085144,-0.2435611359912558,-0.12357068048916235,-0.15912013744471762,0.035752916966360064,0.11203060767032151,0.15323548287003788,0.21031543277378653,-0.023342032551415023,0.044988407518766746,-0.01146973737415982,-0.06711882858771016,0.22517306142907292,-0.011224677492718148,0.1892398370316284,-0.026592448408044343,-0.15730973740126702,-0.15875038293405833,-0.11097463384918514,-0.009345889396714404,-0.05242480552263321,0.003795091423228233,0.03721322620601874,-0.09146062411239013,0.11844886253585726,0.007439931835415692,0.0633672558554623,0.05423815438302221,0.2118813805436309,-0.1157152817169325,2.914658351564511e-05,-0.15085188926663154,-0.10499314911857058,-0.05328113293292105,0.12492518514935247,0.1107593286471443,-0.14417381941290086,-0.0190373062687721,-0.005953277608767159,-0.2116339282856892,-0.05011073402107327,0.044503449980726036,-0.15660199239128103,0.01079518961931398,0.15377335814326765,-0.03084921654135283,-0.14523549786543008,0.06556322084288108,0.14066245346134898,0.05519693860896382,-0.015258964082761726,0.2138777492480852,0.2016231094068113,-0.09318454570472406,-0.13484142274728914,-0.2121023730702856,-0.0643947572953684
He,0.0,0.0,0.0,0.0,0.0,0.0,0.0,0.0,0.0,0.0,0.0,0.0,0.0,0.0,0.0,0.0,0.0,0.0,0.0,0.0,0.0,0.0,0.0,0.0,0.0,0.0,0.0,0.0,0.0,0.0,0.0,0.0,0.0,0.0,0.0,0.0,0.0,0.0,0.0,0.0,0.0,0.0,0.0,0.0,0.0,0.0,0.0,0.0,0.0,0.0,0.0,0.0,0.0,0.0,0.0,0.0,0.0,0.0,0.0,0.0,0.0,0.0,0.0,0.0
Li,-0.06275321867808711,0.03525157432657115,0.13276930241450266,-0.013898090496840938,-0.009913050742250946,-0.05908271429054522,-0.12155494429013483,0.013020484029181744,-0.1574255119018996,-0.07679781222062176,-0.1625821569008766,-0.06212987926645575,0.11711239275039818,0.00827371848750164,0.11551961430223759,0.0987904343084586,0.055939051739480314,0.1571062620711005,-0.14534435444643543,0.12974951911739527,0.09761132573989328,0.1335170185453343,-0.126749992669754,-0.04957442602482475,-0.12928721400012597,-0.03541840906828875,0.014928339187239346,0.00037282603805532943,0.04586231259348043,0.007692862118151819,-0.04763829685682996,0.10856172088257268,0.09870292162560595,-0.09394362235085826,0.01798850367454235,-0.02009442779505767,-0.0038510605786841426,0.1862517432425883,0.04305828265148922,-0.10205703638015469,-0.17099618556137056,-0.10388745263531671,0.13216789485468322,-0.19472488066502122,-0.01057439018094874,-0.12661977360129537,-0.11972541201184125,-0.025944295495678355,0.15315962267592215,0.08566402054544038,-0.031927164120275145,-0.04311743372455903,0.04778835543301644,-0.16704680118781987,0.025302447574798537,0.1912310403622595,0.06628743620838644,0.009613541173487547,0.07455335460435131,0.17635669437739576,0.11295306172027046,-0.07120919786726791,-0.09948148638489072,-0.006891622651226164
Be,0.06911483060816362,-0.1761932376320749,0.17124592893394847,-0.11910038859688526,0.06810333484156407,0.04040857328911996,-0.08350880385269982,0.006567824657394312,-0.03167126844979611,-0.06693059098338756,0.04837653695709893,-0.012280622390986849,0.0635438624907909,-0.16220732672414462,0.05305917273678589,0.1669560845053484,0.03117671416184506,0.110708589687233,0.126505634659695,-0.09519878328404138,-0.02063761726616487,0.07179514983350363,-0.01344212581767321,-0.19489748905302165,-0.09759218257722523,0.004050535062260497,0.046097204233046606,-0.02734312472523607,-0.10103222156694107,0.09623174561612087,0.07782652862908578,0.06292100453657516,-0.022813048738650445,0.04030139737308662,0.04066839367759924,0.02438245283766023,-0.10598067608202466,0.14565676808889566,0.005150006253561655,0.11084113773795733,-0.09221914256194616,0.17776164558082222,0.17582253513782126,-0.18733456347137395,0.11157750673132645,-0.10599072393512783,0.033768690210204885,-0.01650100710758584,-0.002977360431579518,0.010152502586720423,-0.09682898211296348,-0.07067579440904445,-0.04478717491090612,0.04481170727481367,0.007868284573838525,0.11224142056217921,0.004007411432800342,-0.016605513553604085,-0.054180411273815086,0.09352137112973924,0.07081516830550767,-0.025112469202647734,-0.22943367839276693,-0.07654188874059227
B,-0.0393894868676493,-0.069653765147976,0.12940058794290718,-0.015213536228081723,0.139514773502428,0.163568814420549,0.0920649498599984,-0.07092652263605466,-0.2368561992060106,-0.00433399395908316,-0.09795933184273306,0.019750840932806057,0.04720196825472823,-0.2135542405597313,0.1429835121028016,0.019051447859207645,0.09068859599841102,0.10866781049205303,-0.021864192864544118,0.05035512282646621,-0.17300826438751052,-0.02170303387656167,0.1275046179935733,0.029357068881315118,-0.0034496336689031127,-0.0701166712921787,-0.03734827443072371,0.19392920642947215,-0.1682046152136792,-0.0008257032827937307,0.042810905932339445,0.07169564649261598,-0.11630896629202851,0.037940130225708836,-0.06105254733581521,0.0679210977997288,-0.07797970354451732,0.19497506702977443,-0.10436799620758419,-0.0553379034979443,-0.09748763979994372,0.12630832513211948,0.0029971145634734657,-0.024052826734522668,0.0015920884377658199,-0.006467419207083256,-0.09203808018990481,-0.03175126364983679,-0.17105909897144977,0.004892607245100077,-0.05995861707486359,0.08754969888539649,0.09302417256358292,0.058047269640779414,0.0021542575322643703,0.1059795717220311,-0.12569345821696426,-0.007006965176693376,0.2581577722156234,-0.01103690582276533,-0.07764924263479356,-0.06298662590243637,-0.09875938142753869,0.008069097956053735
C,0.10364636763544374,-0.1564024569196433,-0.03374058424406802,-0.14970547138468035,0.03181278792915957,0.1262039182808688,-0.032511455413490764,0.02390205957614847,-0.09710420136316669,0.0599698369665276,0.11447419648505507,-0.09346088001863771,0.06793988268295881,-0.1132525223935396,0.012680755005806009,0.0974970494299449,0.2562161628769922,0.04996563495067303,-0.005179408216657769,0.12308103291520475,-0.029933814540412263,-0.04502553327057644,0.11888271657566295,-0.06327620441297256,0.06447768354647836,-0.035024833737467335,-0.04205181870026646,0.18511966441233293,-0.06076574271301391,0.061580679637935606,-0.04283030623908778,0.09368956640253341,0.018859320032559378,0.0875673855895981,0.002211572180363636,0.050207672160577865,0.0023081209886835663,0.1657483446473873,-0.18102857293392666,0.05045509445699629,-0.025477562497969966,-0.01949724662248927,0.10386850051274385,0.0352191135746568,0.12374338704640876,-0.11513250549373095,-0.17495590936274374,0.02388534667221304,-0.21507698313652418,-0.04051236591731916,-0.139261846436786,0.03881416127221814,-0.13134099407041772,-0.07221633024244854,0.12912753547338318,-0.07883238897369084,0.004216149754829488,0.1271842856260549,0.19517860337301726,0.10813137534202688,-0.06632207850651343,-0.10123621181620161,-0.030366887657710454,0.11934723234668738
N,0.0904154290754763,0.012992264086213644,0.010829972442230435,-0.1269652772139238,0.12448471010426554,0.07293772815847546,0.017416913712357783,0.12780306257194887,-0.17635667487119883,0.004793874900887251,0.14942965024134353,0.0008119722858699042,-0.0979977846044019,-0.004349043126981246,-0.017719606549672046,0.09499909708118574,0.15497656459869052,-0.11109116066190604,0.09302568923320348,0.024759287428703092,-0.20121164678828737,-0.010754421084359119,-0.09366039485166404,-0.06322258077143338,0.12425823705133147,0.03946147786939495,-0.08568487350207792,0.07432357503111107,-0.07573803804365761,-0.07384819568299927,-0.15165075211500462,0.07675452491694389,-0.07772528480852833,-0.06276759039393769,-0.02550088991571918,0.058320943017120895,-0.24885071859837612,-0.046377191382867715,-0.11296302416249919,-0.010428777174101683,-0.11626446019974175,0.007559036150249575,0.13861726910685446,0.11060609304088823,0.026511956354865994,-0.07622153836316149,-0.15318412016882846,0.062309380945584726,-0.2256219487788848,-0.11233415835351543,-0.1506267177286791,-0.07018134879825742,-0.02916219868911095,-0.1648891122738598,0.14060426556061717,0.046227158316593506,0.04734641696536874,0.05281739760420826,0.19166878742351814,-0.016312717081734544,0.05501561790057864,0.08925980449816093,-0.22949668376988433,0.026585542371477686
O,0.11422173602305051,0.018169457252644232,0.14440794133629112,0.06899862160190567,-0.08310949435016794,0.0094336958739361,0.045406242287519126,0.05879767232671235,-0.16633181981918907,0.017423988082543772,0.14222267937202543,-0.15709388051398288,0.004236367875419926,0.11375739244875063,0.13905346479619143,0.08574012548575612,0.222923615383367,-0.027850106702886863,-0.08937267144423146,0.0847258077386229,-0.027099092444578404,0.17406241719083373,0.04458817688714854,-0.11348092392422851,0.01594252566227973,-0.06517385081687589,-0.17299372054263126,-0.03417807989500534,-0.1438303696949564,0.08951489093747445,-0.1130100612445493,-0.06592758173893061,0.1325089914976045,-0.024748449885231723,-0.11529526514638215,-0.006013227515866715,-0.2626176143241152,-0.10115468726862614,-0.17081083682754888,-0.0499619088213617,-0.04130865713065059,-0.05420610925812081,0.1697063171153676,0.04488953819277063,0.09911151215152722,0.03663789785914217,-0.1555208615403072,0.029585013595736582,-0.2275463002565728,-0.21208475252004957,-0.05258107091799758,0.041703224036153896,0.04791235195779952,0.006639700730650805,-0.001431592372015959,0.06301177510379277,0.04670639550524558,0.19844009011752373,0.19759993919181137,0.18276661698865604,-0.11914980821623845,-0.0220158665964407,-0.15649593582341273,-0.007796514511902276
F,-0.13491743280967036,-0.12888658200109432,0.08556582942681414,0.004982791440953908,0.10043241443356142,0.016392052663025663,-0.06266038306724424,0.21265881374922282,-0.1159405700254538,-0.010964889956294074,-0.06747638196663414,-0.05532515428711771,0.0754684620495969,0.1263715566987129,0.0002586844313022722,-0.011262713221277103,0.26454058273037867,-0.08272249678495713,-0.05107153055679567,0.20349365078731116,-0.1828597140910522,0.1511144494125928,-0.020132391220049808,-0.017196239517579308,-0.06364376668672521,-0.09802418489936483,-0.042943282443341196,-0.03955303391459299,-0.07034304611133564,-0.061993853299357415,-0.18135884223392384,0.08784886821921849,0.02232356379190923,0.11182387470005638,-0.03493916563673462,0.0870598795707447,-0.24428726939933065,0.030138046106283026,-0.013222366396805733,-0.14217671501476434,0.10759456525887419,-0.10637119345310304,0.1673857538885581,0.15647847203480583,0.13588689688066236,0.1823051614889018,-0.18906358248492075,-0.08961761491768605,-0.14149345698361274,-0.09818519174580996,0.016521621966858177,-0.04470890604976778,-0.011682844405741336,-0.18851910631468013,-0.06263964440219333,0.14779317061309932,0.11371415627475871,0.14811162068682593,0.014413641950911122,0.20649329898769503,-0.1757098717758852,-0.14846333536504822,-0.05752014439635455,0.1295340859130664
Ne,0.0,0.0,0.0,0.0,0.0,0.0,0.0,0.0,0.0,0.0,0.0,0.0,0.0,0.0,0.0,0.0,0.0,0.0,0.0,0.0,0.0,0.0,0.0,0.0,0.0,0.0,0.0,0.0,0.0,0.0,0.0,0.0,0.0,0.0,0.0,0.0,0.0,0.0,0.0,0.0,0.0,0.0,0.0,0.0,0.0,0.0,0.0,0.0,0.0,0.0,0.0,0.0,0.0,0.0,0.0,0.0,0.0,0.0,0.0,0.0,0.0,0.0,0.0,0.0
Na,-0.10721679269185887,0.10182296074090912,0.08390409997624457,0.06717745934962167,0.07583757041208801,-0.05036708945534887,-0.08393843457545616,0.15806018639021255,-0.06990613252459134,-0.10479688507267773,0.029679336195030624,-0.013183656775117698,0.061880574829999924,0.04913914610994852,0.11086450593143338,0.04985144012514158,-0.004300664137975919,0.08442652044534502,-0.05163686207323023,-0.008154100323199387,-0.06686173082156464,0.11597699415804993,-0.031327526008553576,0.07407058905643325,-0.0847198949518322,-0.06602672186222124,-0.0572371597079544,-0.10855094198503384,0.13777382916968384,-0.0653697984256063,0.021647473116110455,0.07157411540968231,0.045897090200698765,0.08821953516837364,-0.0015304077151892218,-0.056593429943903456,0.07182479238830286,0.10107099467413894,-0.03755030055800853,-0.14864815758505634,-0.20935821754930026,-0.08329268970316149,0.2579758382929447,-0.10013331336109955,-0.07698391800956463,0.04937125991395915,-0.09033144799510602,-0.017940429266635267,0.20369156092377919,0.1543070907218649,0.04569115152054742,0.05695406447271961,0.08467639128031569,-0.17218531894090028,0.032011288454365634,0.22815795104809178,-0.007200546588223405,0.03536986365763647,0.011733230913559165,-0.00753814243383645,0.08929742179409166,-0.17504032387719137,0.02760156724224752,-0.12274399687627553
Mg,0.14541785733961335,0.1358097103468993,0.06516964716904157,0.04470202973846619,-0.06518332670835385,-0.1074110238935581,0.0739658768477369,-0.002875157413647715,-0.03752372138792134,-0.0619704888633716,0.0008580029375656897,-0.06839301903280448,0.03197202221543318,-0.09609903186421614,-0.08203572226133159,-0.0475553582111273,-0.09277457610404541,0.13311305449213243,-0.11273197153805241,-0.03832282198283893,-0.03247651039300587,0.05626286747713032,-0.07903849825460538,-0.16119148671743017,0.0853423989216273,0.02554453542134948,-0.03810266608345452,-0.04748160122269645,-0.07087181283131636,-0.03865090121049539,0.0489173076871254,0.1523594263643941,-0.05590237158875742,0.14188605101507817,-0.09538358418786297,-0.04883993046475274,-0.08006640021321138,-0.05381563846455069,0.08472330877172016,-0.05156760148215257,-0.17765224566208254,0.09683500517985091,0.15458605293890787,0.028352052183068754,0.06938166385147537,-0.11439763213930444,0.03708969459941583,0.04424065309825509,0.1351965757841467,0.08914170007883304,-0.05093077526559346,0.13723728059404014,-0.024132682988342067,-0.11090235833421791,-0.10460103269950809,0.17599528090559183,-0.04764548089843904,0.026729749131681944,-0.04192007994567913,0.18551944641648174,-0.026235801657782984,0.040627313589439995,0.0854301228618649,-0.022041036662104618
Al,0.015980876107618096,0.011311312191269405,0.0757914014816754,0.018001104561594337,0.11850119667012729,-0.09270401053256613,0.09657543985948085,0.10014609289995827,0.037603204513235684,0.07311875580936282,-0.0640993710273056,0.1211769329875351,0.038842643967571325,-0.12021716413388121,0.11623283661288339,0.0073002745281237034,0.05419315544630053,0.048463838769189756,-0.1305463056593907,0.045323993603444246,0.05596707564446411,-0.13041186504772023,-0.019395536200387857,-0.18110483401706834,0.033502792657170384,0.0284037420687707,0.038284869783206256,0.11695100190082894,-0.0307847998453287,-0.0735863504033818,0.1408414405555761,0.10391322885566773,0.043801832177020564,0.023240285546671284,0.13298006225768152,0.07468503444522392,-0.07734017863170924,0.1205009272487015,-0.1353807932420021,-0.052641473039573894,-0.04376160693979187,-0.05980506475273057,-0.11812463673111345,-0.058371904516813226,0.06745477558298947,0.050035185814801375,0.1348900567384536,0.010432524224412744,-0.04303814324731616,0.049228973253915766,-0.1707488779825622,0.08107690661438759,0.04129194909859638,-0.11777782765969032,0.061188403291084936,0.07932063807174501,-0.12293607090858506,-0.09494720560140224,-0.055047531256280924,-0.02784896791940686,0.00946659408775078,-0.054915764139163416,-0.12294547472526506,0.1079914892911832
Si,0.12040281177137628,0.010319099848119323,-0.08538609919688049,-0.013409406936597309,0.04240306922704019,-0.05051543354744818,0.07882993374569484,-0.04637050814225182,0.0856889921520675,-0.07726063876953924,-0.06222354137829549,0.10241332026111212,0.03929741262916283,0.029653128496018897,-0.013708700289944155,0.03376713058400552,0.15981664479504512,-0.04924292872058081,-0.03471643057676436,0.11974853341819397,-0.09030161138428494,-0.0573919313487266,0.06863436239452934,-0.10744477137027068,0.12246731061772084,-0.04289052779061612,-0.07180357612037272,0.19785696126244007,0.058779549352066994,-0.16231412780651244,0.11607676500337194,-0.04006831133976205,-0.14571832718411673,-0.05453120085483833,-0.061146094295028056,0.09814707520406381,0.008172282251761599,0.21678562862176073,0.006827912203378037,-0.028912895938039015,0.025740194361594065,0.09056122893893796,0.03691929944090734,0.04693579810836147,0.13742568880003592,-0.1017626703943342,0.08090638034224047,0.15675614295131604,0.05751539747401459,-0.09593101227911265,-0.11830180262067347,0.03662924216781392,-0.06180414999676553,-0.02217092087087647,0.010966245793977815,-0.027855222777248265,-0.02622537541472816,0.012723771208740254,0.04686590045079617,0.04952799104592786,-0.015429064566668227,-0.13231930067625453,-0.13778726961344187,-0.02150267129852847
P,-0.06736111214581496,-0.019170084394832823,0.1308882290006895,-0.08893222478269341,0.0008599113283073958,-0.004617271753944804,0.052278547487113976,-0.06924098541849,-0.14666305741519503,-0.004840309960273635,0.14467102122750797,0.03408545327453401,-0.06813379364656008,0.18925348673586784,0.05331030147237252,0.09475929056517529,0.12623365153515614,0.10279672061972996,0.04629914893540934,0.181161533754877,-0.09184923923698303,0.004947609778466809,-0.12892830749349352,-0.04562548680646227,0.1654820640701447,-0.07178954825559855,0.02111125802327691,0.0914628992333195,0.05330019939142941,-0.08795728915241262,0.11990348938506,-0.05581383634088166,-0.0918422115346417,0.013601881595604184,-0.046133144817691485,-0.016673006279974725,-0.13632020306316672,-0.0700313617748643,0.021926101777780125,-0.2200733164849331,0.008201038036476984,-0.004445966746391491,0.13622082030607585,-0.003546873091338102,0.13335776674062105,0.09179554284789175,0.032157975390582134,-0.057104404505934986,-0.04399689262779032,-0.12125214720363617,-0.17673016955371015,0.041256602830883324,-0.0962862919845602,-0.04397483518877776,0.10582022377317549,-0.10746493068308163,-0.025959766574645608,-0.07502217053703587,0.18113351705437042,0.057686540797639366,-0.1016447573786915,-0.021035811379014852,-0.10853306737167691,0.08920608411403261
S,0.011068916987389335,-0.08082367444654352,0.1299651066506611,0.09829353909033264,0.1011559367787873,-0.042261933553555966,-0.00036640635162322284,0.12118143239172134,-0.08451456009754264,0.04691752101525185,0.07246402742787066,0.08487904123175365,-0.12955221321684604,0.1305562536124866,-0.06472820540406972,0.06654827772877141,0.1713468695486206,-0.09062640822639204,0.006234111671267603,0.0732496671620745,-0.16423120936419633,0.017240225598138318,-0.15079446229625224,-0.04671573634342684,0.026701898199698672,0.009282178258932171,0.018424544064399546,0.10040986373020548,-0.1301064629629194,0.08590723689619514,0.04614487875401782,-0.18438932593885052,0.06841226043647856,-0.06813600625404125,0.027593889562493003,-0.009189263121511007,-0.13777744026675462,0.07099659240095808,-0.06254521565999159,-0.18851676967946285,0.1087898355950961,0.09425832729897392,0.16034159589934002,-0.03323821036150186,-0.06235954446249559,0.0858879202663609,-0.1791435939067863,-0.08904012009515702,-0.03705421831673508,-0.16395491495951006,-0.17329940472612607,0.08869740963427306,-0.13565459999033158,-0.20710230087530418,-0.0816789860871421,-0.037673771372661174,0.11303991011721312,0.11228240653814973,0.1123059058707093,0.08195873433220945,-0.17168879679163948,-0.16226175226455908,-0.13283655876341424,0.07960591812778567
Cl,-0.12202802426470497,0.01669915292151886,0.16554205494538157,0.05920565800203159,-0.0603689101687654,-0.017316334135349627,-0.0023955107068672813,0.2381699748443498,-0.07725149101713988,-0.032428602717144366,0.15285485639237584,-0.05243169842561408,-0.1059577706953406,0.0884865944446048,0.059916086695403596,-0.1951064142825988,0.2741733897449858,-0.09942246734465798,0.01828358574772633,0.09283169812191688,-0.12799822968115201,0.1108582099349211,-0.13895943196717975,-0.00398783495376533,-0.12026694591664734,-0.07427744252598957,-0.01904542664492391,0.12405250926629682,0.11408979863384958,-0.09747062222777571,-0.04117303268025818,-0.1602765676067477,-0.03279688542828275,-0.06105187595039716,0.19995775615330305,0.09584277215317975,-0.1651080612939591,-0.11251143095697938,-0.03797831582151589,-0.029359055340413942,0.013808327483108807,-0.166415838886014,0.19472921875162558,0.026089898404907504,0.04800941662537503,0.11289872021773653,-0.15443454262663261,0.04428841044294658,0.10357169773125864,-0.06268854202695807,-0.06063531635725412,0.1221398454003386,-0.11495924843755138,-0.2480725398023827,-0.07122024191558213,0.17043769280729956,0.1881760822887878,0.11187644943063015,0.02474231072287429,0.039061420509276724,-0.03010175499126223,-0.0844111725379429,-0.07682243149466092,-0.060847246959521706
Ar,0.0,0.0,0.0,0.0,0.0,0.0,0.0,0.0,0.0,0.0,0.0,0.0,0.0,0.0,0.0,0.0,0.0,0.0,0.0,0.0,0.0,0.0,0.0,0.0,0.0,0.0,0.0,0.0,0.0,0.0,0.0,0.0,0.0,0.0,0.0,0.0,0.0,0.0,0.0,0.0,0.0,0.0,0.0,0.0,0.0,0.0,0.0,0.0,0.0,0.0,0.0,0.0,0.0,0.0,0.0,0.0,0.0,0.0,0.0,0.0,0.0,0.0,0.0,0.0
K,-0.06659180288572832,-0.06750632822833644,0.11479955025448668,-0.031671162309076885,0.09291852135585162,-0.06646523066260582,-0.20647665710897836,0.27137209770908616,-0.10663863007254634,-0.06669069039815215,0.00804934184505386,-0.01217408490443819,0.09663711841269398,0.11661696406972567,0.055445496246723645,0.050019087033428236,-0.03544913315129468,0.013837280690103981,0.07049603288979292,0.06294291291140326,0.09604241445071103,0.16429866502229834,-0.020742886126400184,0.09166894362871598,-0.11505488253159311,-0.1412682992723833,0.03078755491211981,0.05125854293273892,0.04022498932427564,-0.13081078583228106,-0.02763813022406314,0.05127198842367466,0.09892551593429492,-0.06081305392839068,-0.05300375202212243,-0.019304489959290808,-0.10119412887427294,-0.10957652428053821,0.09646955981202018,0.0933045657711427,-0.213972286405504,-0.09341128083122405,0.16501905956788682,-0.13576676986418101,-0.12721595232051455,-0.00938038222622128,-0.17927347035213745,0.10323371819288674,0.1441225738215686,0.14263049124507027,-0.04198567254006973,0.1372583477356266,0.12219504321264286,-0.17944049374282717,-0.05194271871089666,0.14731104715712412,0.016143088946892457,-0.053779716378771776,0.0461192678793915,0.10445431551006691,-0.04675804719922861,-0.12252720650864972,0.08159080804769604,-0.05002445703451401
Ca,0.09653599429757759,0.11283109230910592,0.0030910278219987357,-0.10721113859832311,0.06403875734592997,-0.029008437448194504,-0.015050330240015073,0.05613081010351625,-0.00318538189214491,-0.08085023868004103,0.07021200469184352,0.10144189715806445,0.044595433440387286,-0.1659376961636744,-0.008700599886578965,0.0385974846795409,-0.1412303462807338,0.07570638391205665,0.08758916684055656,0.10107507807282884,0.006035365912795519,0.1039621779561747,0.05840414691677743,-0.09514241904830953,-0.11378680038351144,-0.002224002204417621,0.036261214277818365,-0.11545089773737924,-0.042088721127000295,0.08836843627326696,-0.11384048208510889,0.09437863653688298,-0.047750699077580054,-0.09064911605548079,0.10019024003256008,-0.07986952344587882,0.10067627327655214,-0.04853215388577265,-0.01814660672198731,-0.09439676084622199,-0.15559224971380875,-0.176366773597182,0.07788175340729966,-0.059338954871147466,-0.10604207852121868,-0.06974700001217196,0.09320826166980271,0.07062214195879718,0.14224455118102852,0.17471269219455832,-0.05100669476909644,-5.448266445517337e-06,0.06983324641234863,0.031347264476584716,-0.08416725797783511,0.03655714326150118,0.1185178012025541,0.07692524183736674,-0.06998723863387923,0.08707642986501671,-0.033729462246336,-0.057195140896583334,0.08509928481130617,-0.08834161786898004
Sc,0.0505194945231817,-0.043772308450857396,-0.008783063326599703,0.018681129346125203,-0.13631551081034657,-0.07995804711927983,0.20427065343126347,-0.0860176797542974,0.10897008921692582,0.03807718407011681,0.0304459604616814,0.07725647895919298,0.012568364667585593,0.006227169589625922,0.08228571847703293,-0.06174587739969309,-0.11302753851326999,0.026430572106499017,0.011478356404451264,0.03554618014013456,-0.09559567919107337,-0.06077057813168814,0.06964425613921758,-0.03103467046636539,0.01917145182797846,0.09684672659551251,-0.008746028382364171,-0.1987796269837314,-0.07372858386924373,-0.07573836748243173,-0.032767520292630026,0.17182505252897737,-0.007405724886584796,-0.03841937912560488,-0.08140515241913499,-0.051187492669920225,0.15479366815564954,0.0373320997081598,0.09527873849064354,0.08155047213008067,0.05959053621593432,0.02770757714373173,-0.12335474869651517,0.05657135979658815,-0.12024916424698168,0.027871432808211975,-0.08797681884214095,0.04607297383335033,-0.1511868070262211,0.04329709271478105,-0.06007226826785354,0.10097658469143192,0.0561749528482386,-0.02262912329827209,-0.0044769321576361015,0.1299956414539447,-0.12066780971028417,0.11222061191840288,-0.016249806047466033,0.06711534952997202,-0.028008864009719178,0.037330512420944977,0.09224896938889969,-0.007195072732365498
Ti,0.07668091600905853,-0.1589110641976337,-0.13466036778812787,0.0905554155070732,-0.03674158959869036,0.07831081195380524,0.20259902562366638,-0.19101300216246775,0.00028247446893623317,0.1448666043070355,-0.07941312926602663,0.05855684440633047,0.021670052457385756,-0.09301431523115422,-0.02919993520038506,-0.04720435066077697,0.11359215368751613,0.0787572030463425,0.012554408043998122,0.026610005650804614,-0.05563641442962526,-0.060168228595390304,0.01739162057191397,-0.1364555343585491,-0.0499437237449521,0.049390451369864995,-0.03719804647752847,-0.1402450668435971,-0.027456077625459135,-0.020831025511416478,-0.044545771135284705,0.13544490136382967,-0.1492363100693568,0.06746427681139275,-0.12912512535359913,0.09651511236467035,-0.0407056985905737,0.10409906729313534,-0.005939029521489785,0.09770331954325004,0.036480860768382695,-0.0625316288080551,-0.022666377024930504,-0.0873305559133324,0.04008490071151234,-0.12806922473414908,0.012641528071869666,0.036116944824232784,-0.04167646941229318,-0.11391436883876647,0.0746003372082153,0.07543224969392419,0.1141238280296697,-0.037131855842402146,-0.006197950628457464,-0.04901002956098733,-0.02599295012019045,0.09298554226671345,-0.03391164920851626,-0.022319949441407673,-0.03634822459110134,0.10381969137990632,0.10038570681884278,0.021946641980971595
V,-0.03333499544470482,-0.10783273034249072,-0.0034668197564026878,0.03869913687953528,-0.0014492445104035269,-0.046104852440085,0.06030777860002222,-0.14764511826644575,-0.051646488094901716,0.0804161078858818,-0.10898507556608245,0.11125176579900141,0.07957572756413452,0.04807814214017734,0.05433779266357696,-0.03235027655432817,0.015252641269205185,-0.014391412980139127,-0.07007350483495918,0.05001493094046481,0.0690006094493935,-0.009580920109472141,0.004597127354404626,-0.1422205243695231,0.07127563051340638,0.09013929315090849,-0.04834543813221728,-0.06064967471318209,-0.016052925091461372,-0.016573087655731764,0.030408499330907196,0.03565863696928109,-0.051505037943058905,0.0825303966155852,0.06566570159793626,-0.09398791544906089,0.08761297407056243,0.05518038707130702,0.0167462353567314,0.10804088724052748,0.022350510223024887,0.12757850284845154,-0.08649608458035392,-0.0860676278312509,0.09266062727566896,0.013692048670805125,0.1018300604840573,0.07108108680993484,-0.0737305474292468,-0.11651608650733028,0.17232199297138998,-0.025906571563673153,0.07508536926300712,-0.024705877800022195,0.04655780592349438,-0.09077858854637597,0.10662220267384817,0.005452937358011034,0.08735118529955832,-0.1676890928813542,-0.030557029162779758,0.17800272693522187,-0.018965510690380872,0.12943185399511536
Cr,-0.016005873848514245,0.024631809654643996,0.09977323515928176,0.0048618810110172585,-0.022088178799924724,-0.04208375375026669,0.1354052054384334,-0.11548033524377842,0.00925568926352308,0.16735808223543042,-0.034011744549314014,0.17482907601716885,0.1804771669902601,0.061683467825325584,-0.06374155733890019,0.0704167704407855,0.07386713484881745,-0.001956201433895627,-0.09693511955813985,0.09957938628647174,0.03142502586535696,0.06390645071000092,-0.03307538780375078,-0.11221252979402876,0.022743531236689932,-0.043787968744594376,-0.028369581459132237,0.000806201354246735,-0.12876680665795392,-0.05634411508512058,0.0019426477095226145,0.014817274045346794,0.01349679026285319,0.02175079878731344,-0.045642078628323875,0.014926405008639405,-0.009319164171461345,0.009143647698498809,-0.050526054519931224,0.1863277665522261,0.1205109890622929,0.11684323320200356,-0.1278013186103253,-0.06096470068124422,0.04765219060892775,-0.052651132346301824,0.10537636798677931,-0.05060936143773693,-0.12795799106040773,-0.016828302978058877,0.1506057249435372,0.021038979707859763,0.04914625954807835,0.059776863328931736,0.003607377243318781,0.01239534686185822,0.11406844067794455,0.03998731702028687,-0.03821357381413538,-0.13779765701347718,-0.010046058828905658,0.1740115581209425,0.03891662442221302,-0.0932245091105733
Mn,-0.037209699522174414,0.02579228556960084,0.15893850712036983,0.052095568865488204,-0.09631145295466316,0.11735556585571638,0.08891032069616155,-0.1309022663477548,0.08647409027767422,0.022847164182292514,-0.07032527109363636,0.1178364669247737,0.2012813387411831,-0.053030474131086185,-0.03262091146027923,0.06280570792880022,-0.032078280752521865,-0.022336292551797116,0.030387104686851463,0.015972909536318348,0.07757772845126798,-0.032756495802132385,-0.014697589460998266,0.01647629014986286,0.07821410754396974,0.002592450125551672,-0.07481133585335477,0.026306933993043114,-0.1371845897384516,-0.059968761078537366,-0.034088210139366124,0.1012860748407026,-0.10057049726247691,0.017908635092842625,0.01792772144266047,-0.04748805713028205,-0.04223957550470984,0.11849558310999156,-0.06721126433652726,0.18735375425175316,0.09953642005919175,-0.03902620569106533,-0.06230511954991699,-0.09373079505117475,0.12168315910320578,0.027501546019771752,0.00624794962936623,0.08103866206430413,-0.13921563944011275,-0.10939916083811703,0.14971406182548513,-0.059753034310562836,-0.016645757535955038,-0.09254323881316555,0.05806762671695476,-0.04837039959250368,0.15051524016340892,-0.04835511663100169,-0.009228860204207648,0.008410088806925014,-0.11265553387298241,0.19207606378640224,-0.12723259229336886,-0.12640637764132273
Fe,-0.08641280829016464,-0.07619768311300036,0.08613824296353273,-0.03326612832353955,0.04090524101412379,0.09417426170161614,0.01937695187129085,-0.16882560167522603,0.11487940863115055,0.08820006980807095,-0.0718491499401793,-0.00312307894992077,0.11677131075683109,-0.05286015459124479,0.0444168432401376,-0.026011557847130974,0.012366267604311544,0.106647111829009,-0.11355441355131055,-0.013287017267703888,-0.022334818782947085,-0.0777786942609094,0.09302309708175056,0.050756172782965764,-0.07726422298474606,0.02852502330646474,-0.0741621209005639,0.07090312627956545,-0.09341235558555146,-0.039774763348735934,0.009262439561006395,0.03586143038655518,-0.05466766210301875,-0.03369478168958489,0.04217236489998573,0.06481777082237708,0.1200211120524745,-0.0029090481486948798,-0.028273936752717655,0.20200327242396668,0.06761046951105093,0.12842006447507848,0.020487222228992297,-0.07143195643214366,0.08518223696807015,-0.06949347654525509,0.053018722124113675,-0.005723321617468808,-0.03955773359342437,-0.06641988187976702,0.0813427686401205,-0.06157583028672077,0.1700837179065548,-0.10614061139187049,-0.10143908419196221,-0.08919774350406019,0.13068158741887184,0.1021614757444286,0.03518904612219313,0.040871045394820324,-0.11458851284934439,0.25555107640562924,-0.13893899469389748,-0.05565352800251514
Co,-0.11391656287988627,-0.06617664594744264,0.19478373144169878,0.021722456082195248,0.08978634216868811,-0.028449883673857847,0.10894355051413307,-0.059330789605848124,0.004893677268659206,0.18935353490301318,-0.0482149916851315,0.12447654826575223,0.14158599298980573,0.051445941939377994,0.014663857801483137,-0.05249400173329109,0.027174989910665897,0.00419788868683211,0.055906311637691955,0.03793193739238557,0.08786263803753096,-0.10101239758300616,0.09453081292078336,0.0790882747438405,0.06002770579084755,-0.13631127612278743,-0.16560032756424195,-0.05649078827351553,0.012672421814991005,0.010496447320551718,0.12746238767548837,0.0024753615442922204,-0.04015765639545312,0.042699251879208755,0.05780607121177506,0.13267585460155062,0.0627414383489409,-0.007670651634545596,-0.023154018894410055,0.14461908948840696,-0.00569490526589956,0.024843701949973727,-0.04675827979680838,-0.160243254223017,0.07478552656782482,-0.09323838988809693,-0.042503744014126085,0.022662869885839952,-0.03868317884101464,-0.04315615763803593,0.0814385749760588,-0.14592906048955964,-0.05906478805008639,-0.022124156363475377,-0.0013868294424404834,-0.03439801553631148,-0.00032902968920312886,0.06197149391692035,0.04463433750991339,-0.08260480384306887,-0.12789413897051444,0.23027711319990207,-0.027505484007836267,-0.010365170874641293
Ni,-0.015027666536796366,-0.1319553650970069,0.10979355650203103,-0.09453502347104338,-0.16444002928677626,0.07847940407614501,-0.016172498627822548,-0.1474355718425175,0.0915961075446257,0.21548329117922974,-0.03676578589343227,0.08181522280645669,0.11209166336976321,0.1432767064995759,-0.026738926193700663,0.10147802998380112,-0.05932844237841249,0.003785260622576059,-0.02193952518371185,-0.08857079457567749,-0.001321998815783931,-0.1002094887696151,0.09521165721057046,0.013056218512828425,-9.603242724501272e-05,-0.20464068963820423,-0.1913116654641951,0.10707163186521597,0.05467159719053464,-0.08144543900273632,-0.0786695436263802,0.02782744658503971,-0.0855826428872018,0.10481388473521366,-0.0025192299896986594,0.048357400993823074,-0.014789298549739652,-0.038839173765411794,-0.08332574742448567,0.11413685191283583,0.034840022712055725,0.08630284820062512,0.10514957867348745,-0.08379289816779033,0.06723743835122335,0.005733931129173136,0.019519874406424054,-0.010246422014699583,0.031173901975324474,0.04567852045523697,0.029297747240548722,-0.1429114305376679,0.021780648256837284,-0.08841309485050752,0.05705433750511013,0.08371353043083636,0.08228380631203892,-0.020242217619918457,0.07671393733088136,-0.10095319480694545,-0.11603519029686943,0.21918660295830664,0.009415432723471803,-0.041515420362590406
Cu,-0.033493215138594025,-0.019348620740896466,0.20614502065314325,0.07155566109513764,-0.06906738985869604,0.12437050024667572,-0.008386203223548615,-0.12853949265554088,0.0864950621027124,0.0486408414665751,0.018787549222193743,0.08543040878441088,0.13663500287130037,-0.013141403086720274,-0.041288159452892326,0.1562803136117568,0.0758758007437773,-0.09513938616663699,-0.05400849626026044,-0.03275595856369092,0.11171473145422514,0.018001481236058388,0.027327334186274897,0.004630845394998672,0.03395629817444174,-0.11296130251148796,-0.18910353169995475,0.09931120445388475,0.10782095259935304,0.054720657429563245,-0.01862782064131223,-0.00268831494685614,0.09692560106013647,0.03319469589144552,0.016548184967068183,0.20714009574657097,0.1280289541538205,-0.0069276186160747025,-0.02668352404819007,0.020472315591376786,-0.1388466114994993,0.14782807186350747,0.021758194244670424,-0.032308615269653,-0.0362787729310185,0.06633288894784811,-0.0772260888904092,0.14630730557948812,0.022226409166919595,0.03982774240366374,-0.05441865352683865,-0.11221393808019717,-0.062383264702223655,-0.06952577127770974,0.021236295054183927,0.013237719244946022,0.1172671267622355,-0.05213331427664561,-0.055416667490422206,-0.09286791021315188,-0.16735358072872605,0.17099714532800564,0.006685019044485206,-0.035635746011418896
Zn,0.0029697395131202194,0.045872276771313086,0.2049325580677248,0.08032971151364487,0.030951258679798598,-0.10245257880629546,0.007623537535272258,-0.03139127341356526,0.18958706796265248,0.1367778743219056,-0.14373757134427853,0.13925964478341057,0.17509004850252693,-0.04919446258368937,0.09642374357675501,0.020790183826575125,-0.02162788693579712,-0.013148115567231672,0.13338530543636015,-0.08674966929163042,0.09475857226515103,-0.0775223016953604,-0.05067451378541259,-0.015912546419442987,-0.16631461068259154,0.02942377973335538,0.008454347616158353,0.11250783034817068,0.0600641022362505,0.0021729789610423758,-0.06650346026879668,-0.043237868852117105,-0.09031863436006966,0.06534033879747514,-0.052853368059973885,0.1178106742116818,-0.009909484138636062,0.10257907977972354,-0.107489163690038,-0.039218571825245296,-0.027630857573736,0.020380581452177724,0.05745730923568585,-0.05983858918993502,-0.07937883425061253,0.1036435213472409,0.010331845509021975,0.1173834447926474,-0.0032642868684368497,0.0700692153326684,-0.001376809817089966,-0.07984000463605496,0.050188912761220464,-0.019014671875556423,-0.06683053655530938,-0.04260213124208316,0.11126811005150432,-0.13212529467634965,-0.03231023631993354,-0.031240151302905934,-0.08688913060113526,0.050837029400190074,-0.0759083578215315,0.14599530380578588
Ga,-0.08696541737663539,0.03762325125369794,0.09259360231746218,0.008750167687201415,0.09921951394290983,-0.05486411097945331,-0.07618100462606353,-0.03970285654021063,0.10854360322874605,0.07104807845153004,-0.049966145637724384,0.08633242142206436,-0.011349499523400086,0.006319948549134732,0.1505677928529416,-0.11821990597797186,0.1116570292919878,-0.007057000239404343,-0.09799084010466737,0.12276775093000065,0.02483346572919807,-0.13761287124671254,-0.05746068742806133,-0.10991181479670951,0.08115228194970736,0.044475974163126736,0.06190716487043652,-0.0017648843579560203,-0.09590446027993012,-0.09928142251168261,0.04542172282219116,0.16467286983308294,0.020687388327278074,-0.07508120382910376,0.11357081093867455,0.1015011344023711,-0.11334547285130152,0.14037438581717748,-0.063044818107709,-0.06157578227503058,-0.08425359608544958,-0.02482883676755066,-0.04995434739733579,-0.07697779872484152,-0.08153790294298198,0.06107406451853358,0.19248684079694722,0.13040796723413403,-0.07822933417934891,-0.037855253116771605,-0.1618796495586218,-0.09026557365778094,0.0004200669058424089,0.026800946213467867,0.0057939568104359174,0.04429573409161657,-0.07108382932082248,-0.06185518287642865,0.0352390539243201,-0.03028777034096454,-0.07290951814791409,-0.07519560876368878,-0.032276769107437826,-0.05380589791023967
Ge,-0.0192656311274332,-0.11895878081058024,-0.039897447175274124,0.02601943100412442,0.011008681177322129,0.09569075578902278,-0.027269500919133344,-0.15762422489548897,0.02949625837721626,0.00535249525178544,0.03932365157092939,0.08764909186649338,0.031310830445811504,0.07122088261868832,0.1395225166935523,-0.0020120074554912486,0.13850214243569045,-0.11117527178211765,-0.010437511854371818,0.15640245351049334,-0.07621018551338009,0.018967509855965563,0.012775722899552608,-0.13113176484421368,0.09346324747781157,-0.11315462449134023,0.09117605853820673,0.22722704755061124,-0.046930436736219536,-0.09121608629002353,0.058629804657645355,-0.09219247921940306,-0.17208997283232058,0.014962951054440574,-0.05208362999778478,-0.042389412395818775,0.01094483693486498,0.09635794497183058,0.015397417031363625,0.039376510273768164,-0.07013759054262779,-0.0807352832925628,-0.030889349277481833,0.06082701335280256,0.13925886474438579,0.046972969212204736,0.12984818074294077,0.1429833532165238,-0.017892054316235882,-0.03792957602453362,-0.16530335578546165,-0.10518152680149365,-0.015542502277701192,-0.01729824820330164,0.04012332521171087,0.01989598098316229,-0.013921180013260256,0.020040282479071254,0.05498148500360717,0.02121996371081523,0.04251736237707828,-0.09167727184766034,0.013736036563849816,0.1281133396493789
As,-0.07700788537256516,-0.19816858214623573,-0.020772714975301827,0.018028252892832063,-0.007818282614195225,-0.023691742324670816,-0.08309616938047544,0.0369697708601268,0.10365140332726885,-0.00835002102044624,-0.0017057727202355929,0.06983833023398177,0.06967098351880772,0.06900706577473106,0.15497058044996948,0.01851193892942679,0.06244401071586794,0.04803923188133075,0.09736470546069792,0.13107304476366985,-0.1528497836863632,-0.0812996804972025,-0.11266741627624265,-0.047268832480235334,0.12263106629227609,0.06435968789676758,0.060653379925900336,0.21665879741523678,-0.0438354326949039,0.044553949191792216,0.06903833567217306,-0.10020405212101154,-0.016480364344967077,-0.09319772872719359,0.016345199753043386,0.006992941859950542,-0.13340282293145467,0.01426946538094442,0.013820796335746156,-0.14175200979505154,-0.1112129283290382,-0.020832660553085986,0.09447986330302069,0.0770992560310513,0.14613591001864532,0.07027021455736883,0.12456054171032262,0.02265222203066519,0.007206412560091379,-0.09907400887296897,-0.01539487119906377,0.047990326119984106,-0.12667961745996859,0.04273619240637042,0.1658091988992613,-0.07366040337914316,-0.01069231317752405,0.05747478463884116,0.16805004035450616,-0.04761043853876946,-0.1282623410793632,0.016429085292291423,-0.03390141255318178,0.016780435117875726
Se,-0.06575098814764409,-0.1612281345867142,-0.01223837234583644,0.1318317240629607,0.09303166760671518,0.042056512167969747,-0.1374899745422798,0.09673239326223948,-0.04535377526062707,-0.02238342307511946,0.13415280492157072,0.07034114155398889,-0.1445144175885045,0.20764397022351364,0.018439040203013797,0.036735313875303585,0.01172577508530396,-0.0029020377438658796,-0.05857651213153309,0.06199630171015011,-0.15533896218172388,-0.06677468353717468,-0.20275064996569855,-0.05925632061633156,-0.12069327636624927,-0.010989443154125554,-0.1445554112665088,0.1400990866215045,-0.09847620473171904,0.09601469383204879,0.024564315227019625,-0.1945884837913796,0.023591539649477546,-0.13565871513327427,0.10127670164078553,0.019473260325795133,-0.23412975115776144,-0.07798342442273307,-0.12786282987908598,-0.07801977147729586,0.030600181006196592,-0.01648273173557699,0.09637798289001381,-0.10251902874546254,-0.07534428496263709,0.022107657341181863,-0.016075994326570354,-0.062350432482547284,-0.014034986555097367,-0.035756386730344765,-0.09571057594599754,0.07694254399653584,-0.06297620833618883,-0.14043882977644692,0.02102311950218074,0.020148993544025006,0.07535083087279155,0.05187837420138791,0.13602290131762496,0.010913325114429225,-0.11793964112941611,-0.23079347172599543,-0.07275038491196201,0.12031370415810173
Br,-0.0759507247025209,-0.07073618886515705,0.20011415023455056,0.0996455990118824,-0.04086807988405229,-0.08843036554723978,-0.03859837915324781,0.15037823772353434,-0.04036564824133916,-0.17185956228226054,0.05426684945572353,0.01931264185214394,-0.15148531194309484,0.17396875310551738,-0.04998814162155751,-0.15706234692300483,0.2741015718067006,-0.06637922195292723,0.07139014369411813,-0.013725931239083554,-0.0635415239278743,0.11186075093439125,-0.13966287942906397,0.0643066014300819,-0.02071687310857242,-0.07464429682457947,0.002640596493051637,0.12207323278145613,-0.024781138252297597,-0.0535028373937089,-0.09757280084275922,-0.13341177246677022,0.07859665182776791,-0.014151431055422787,0.21367888785943814,-0.0009844207357062346,-0.15193124683412454,-0.014694408542978767,-0.01237340197510485,-0.012203420647164466,-0.10157536124635066,-0.12120135269574026,0.14924897544030738,0.10952078207605107,-0.0628382167512052,0.17457947280144598,-0.0872888652338029,-0.013990911381592499,0.05235446727301361,0.045477369956050916,0.023813805581823326,-0.04509483178003701,-0.11087387617306346,-0.20376966828686796,-0.10379613518732421,0.10065416304742887,0.24652000495676973,-0.00842914122366914,0.1018844444923347,0.1486350710854823,-0.12039562898901533,-0.19410610537268239,0.050328833264355714,0.0681897938329485
Kr,-0.011779077494028806,-0.07740061875433876,-0.029272363963613823,-0.03766209105799335,0.023082473455995105,-0.023399096076231873,-0.22574818717273293,0.14556304263069203,-0.010981509834339487,-0.11623219849786685,0.11782291121691302,-0.06003890508141557,-0.04091402955039287,-0.03830731302110858,0.025048008556884094,0.056142696939791896,-0.030632643139142633,-0.07926686356805131,0.09582038480896882,-0.09909811027932297,0.04620174342790508,0.021020008595761808,-0.102410379029696,-0.051063267617691505,-0.08171453484528035,-0.011189230835930679,0.14727214839882463,0.030146563040505298,0.05982647201124567,0.047292426910279156,0.008967474329467961,-0.11662632651055085,0.005557900891004661,-0.03826360332154769,0.03126706454673027,-0.05345921130635197,-0.08453894569935684,0.002652742906373472,0.12157570346080707,0.016941919748357924,-0.052221298322253765,0.0461904351449122,0.1405532768838358,-0.15241673073050654,0.031024693269355474,-0.03399496482872573,-0.034114791842124334,-0.04646360488807101,0.0720650366759802,0.10003876108706412,-0.0568443757944471,-0.0645172866903435,-0.06957869314345554,0.05335437241698487,0.032075351005551596,0.07694104866820958,0.08299039375166398,-0.061057593789287636,-0.08073447343212034,0.016742671163819122,0.03478885732418163,-0.11224255492373353,-0.06946143224215237,-0.03858313185025112
Rb,0.02863339067612467,0.06948649955885593,0.033029809871598315,0.07993665625294433,0.1245204962199607,0.07395751019012096,-0.17619100138585156,0.32402442284957955,-0.12722004884750557,-0.12392324828333284,-0.08753562801960832,-0.09136435766718506,0.021462081859215863,0.13887316713991896,0.12397588039943187,0.0064876568102100515,0.023679863354145743,0.0430228148290452,-0.018454153010950422,0.10915758083589765,0.06504512452277293,0.15272909069092494,-0.05713533822675802,0.11388783129821067,-0.0917485182457889,-0.10408777738839498,0.0817884895367519,0.0008667945961944717,0.16797249527743588,-0.058681780446770616,-0.005338766360125045,0.037058913319139096,0.06352630724196674,-0.047336955448822424,-0.04946041194697739,-0.036808170652008955,-0.017463387739970554,-0.13625242695350184,0.11590273969172482,0.07605927278751996,-0.1884323620082371,0.017536970256630025,0.20210505194341294,-0.15207312783896604,-0.12853766495816846,0.02021142847721622,-0.08409442813585896,0.057273679835304826,0.06583408544364536,0.17227226757756972,0.018565538761496657,0.07416924785525193,0.07636240176010058,-0.13074508536591642,0.07604336778666593,0.1508868249502526,0.13501964695264576,-0.04390595281788691,-0.040051409975311356,0.10932886640085887,-0.05296129037272221,-0.09812682098135357,0.019920554062015296,0.08437344809534501
Sr,0.12137184226727152,0.062362668320688826,-0.027274515052799642,-0.04748954702368221,0.12987334311103962,-0.06615095028642445,-0.10498825432511472,0.03405636674645385,0.021630921139311372,-0.19616393938249752,0.018251559711505386,0.051120980149914175,0.042397157773503134,-0.13193903380052074,0.10849825690347958,-0.0006563473924426808,-0.17540011229145674,-0.08661126865843236,-0.048202969366382555,0.04982261398160935,-0.03982423746042939,0.010502232646918479,0.07809267949517625,0.03269261091617563,0.020068052334555768,0.09950535033512645,-0.050892194455290564,-0.01567836978292656,-0.0032110693496548897,0.02781335978138059,-0.03142218635712075,-0.06649062392208974,0.10038139649234576,-0.029401970021358446,-0.06573985682069675,0.018325852398833907,0.07246831291376572,-0.021265948898746452,0.07133541791213775,0.004427101699193613,-0.17373843799771305,-0.16143871601707502,0.056712708299643755,-0.13111236890062383,-0.06769446094772336,-0.07061362881643544,-0.05019285806852895,-0.1447498933620533,0.12365318355898473,0.18243377091397053,-0.017130206247409834,0.0788469313475447,-0.03830946188389978,0.033392166838704114,-0.17835001411608103,0.08983569734838946,0.03437690166725719,0.05337103963754829,-0.12030280990316332,0.08141963461205187,0.08732238570587221,0.0041018762451837144,0.09319283020456243,-0.07010611587998093
Y,-0.04249655963569328,0.07143679327872009,-0.13055360933595545,-0.07076201185894467,-0.1539369350183155,-0.09730124107351226,0.07975747861492483,-0.022700489144282517,0.11095557166945547,0.11049407691727263,0.05955797698762073,-0.056534033436424526,-0.06322507850220777,-0.1441485364188422,0.055786941087868434,-0.12139730775815762,-0.05446916874153898,-0.003608316022182375,-0.04690193457717786,0.09096408103169208,0.026327721812537643,0.06870143648642114,0.06257194225406586,0.0916649657336193,0.04053287880058038,0.14832772874308578,-0.05137959596774946,-0.06243331417955233,-0.0056540746542797,-0.027326103393581463,0.0766580783603782,0.17386865738495658,-0.010718812820987144,-0.01826663521418147,-0.017031117738958386,0.05890255617025331,0.12031257052335448,-0.05135671512167563,0.031513768373407,-0.056696382649155184,0.11078434861942531,-0.04062991513576276,-0.08365163558066226,0.10855477467519446,-0.15366989488377653,-0.09385384186355786,-0.022957266631338413,-0.06547984856115696,-0.09354107801069773,0.06983415880540648,0.0427934233229789,0.11437249391533734,0.12542570358960667,-0.020374187930339512,-0.05850189623336728,-0.03657624687540281,0.012486561560803841,0.05157892973608583,-0.08109299339814904,-0.023652705138393012,0.013676141214803185,0.036169756893675443,0.14657619597909963,-0.019962876017322502
Zr,0.08956752113476821,-0.09512161089879062,-0.21870792370778808,0.04547532100659633,-0.09505371341311451,0.04298846365994227,0.212682962474057,-0.03811039038777285,-0.03112384073367666,0.11609729123643779,0.08361276954319499,0.007576578503751868,0.027366417500191337,0.011793428092623149,-0.07381206481954583,-0.03402262884015275,0.07857974341402857,0.023280387578384708,0.0030172535815758397,-0.03524961539940179,-0.0738556917495663,0.036989690592654514,-0.04179136543738329,0.09834696429738055,-0.004753797882868271,0.10781263502602437,0.048247941515073396,-0.13251845614486804,-0.07117577606231847,0.01965096188320217,0.1556900235325498,0.11575996197499372,-0.13466705043315336,-0.08410749682107227,-0.10079118600285913,-0.06427950106600853,0.10944708151365386,0.04307188420593659,-0.06611318916450146,-0.011664641735151568,0.0064229266797125786,0.08389628808495234,-0.08510965501764517,0.08875789697682189,-0.06262495058330313,0.011400635390829528,-0.047135000905539466,-0.054671234351857396,-0.03218889414954534,-0.020780876927328412,0.024854450744361375,-0.005901601570230536,-0.0063342203933893365,0.022758548049317207,-0.005175702915360261,0.10864875834010153,-0.15057028258585492,-0.01934972306918326,-0.10782923078388053,0.0017322344111342781,-0.02283471906499021,0.10302794367267033,-0.009908216561475938,0.05499061606301595
Nb,0.0767786383325707,-0.077868008739975,-0.09438493155132088,-0.06040508080942114,0.07560651896459403,0.04930712183903296,0.0834858873417562,-0.0918196310276679,0.00472571070786795,-0.013580996242547798,-0.042341603318090865,-0.0169820760906723,0.1405596161164936,0.13079786373179716,-0.06846203221487109,-0.0862185472968097,0.07962086088040526,-0.07176819793172877,-0.09932839019720882,-0.04858176735987037,0.017871211268742384,0.045368908032099406,-0.08372387856112837,-0.039904161073954225,0.08764933604830738,0.07343148417037115,-0.07740386384408525,-0.0638592895511941,0.07553840912860199,0.0825356237713809,0.12213597557810241,0.04977429754044793,-0.09240764642943491,-0.006074744680855041,-0.04047202638123977,-0.05783248959217507,0.10653242620572362,0.06962101888952058,0.008612934242009308,-0.017018838399136763,0.09347781034763239,0.06567585608058117,-0.1017509861494458,0.07938728414010286,0.015776251289090392,-0.07478815462887885,0.09771245026158025,0.061706625398366646,-0.14249676891352858,-0.05841738131207553,0.20180027966938194,0.04933845340539454,0.04970573707151768,-0.0017610756054994958,-0.06668376214760807,-0.07881625190480923,-0.11223991555706626,-0.05331976901969738,-0.04803028788506111,-0.03909254160269472,-0.04272674634765651,0.13287752635281197,-0.08431067352205314,0.04301636116152298
Mo,-0.06366712810737492,0.03960844491099137,-0.06516806982758996,0.041158666461393954,-0.06065885078203945,0.09300619222843072,0.07312668692278021,0.010645211903639597,0.061236895657711087,0.09302630895864014,-0.11938212676807908,0.017479347671385412,-0.011169266852312978,0.14818838296008813,-0.14449728207540033,-0.04949905264495641,-0.009977857035557031,-0.0254574612429443,-0.1263146866018535,0.06628383806538156,0.014122723152096887,0.0906539354215943,0.04923585243394769,0.015946161639442923,0.11377492759281828,-0.04937231297120637,0.08602429959790085,-0.05161390035699792,-0.06850488940884784,-0.019481859196650245,0.015265583655716373,-0.07065898724925818,-0.047822116014515234,0.11014370129321978,-0.01159036691561659,-0.06487832106373997,0.018668663424121688,0.058771345178055226,-0.13167508993421193,0.09734740352294091,0.002144118781449174,0.08812060007999352,-0.1069234391972483,0.0793659016775221,0.08961204755321989,-0.15291969591705623,0.006586978805764622,0.007556996482378613,-0.012884609771208826,-0.07873450691467163,0.2137547540532563,0.03798831584822872,-0.03037644311519754,0.11380006393909353,-0.07195674318435044,-0.02373337880304789,-0.17774079088072214,-0.011941829710555098,0.008481474496265913,-0.07321402227907435,-0.014604412988964236,0.09631382970261139,-0.09407924916743618,0.0889816142354369
Tc,-0.07335224033974087,0.013987131454330384,-0.03489343185722657,-0.03701504349613325,-0.023490962104138036,0.07987299579378851,0.01711820039735433,-0.00525480441903328,-0.009948120481724535,-0.0382847916133574,-0.16041999203994725,0.07936682641678741,0.08239485815828386,0.10330391464148776,-0.06039436549425065,0.14380766263172098,0.05177345010247094,0.11128795023349551,0.025825217801024463,-0.027594267823481854,-0.011748738084264358,-0.060792158073030275,-0.054474420994614504,0.0911772034413477,0.11813744339104705,-0.004614225028575874,-0.0006523407681394664,-0.07542221169541677,-0.19026659658613795,-0.04279269709230233,-0.0013368289300129844,-0.03305289502891838,-0.09721563931662228,0.1362236903536583,-0.05263980927989077,0.0707110496410523,0.028823557818036055,-0.03665516740251661,-0.021891130794815923,0.03939989546413676,0.016298223862335332,0.053984953676089846,-0.18909226128156206,0.06060517233386272,0.19973199365130057,-0.11910139521656377,-0.04522554536688324,0.12397705485141991,-0.1038394541848163,-0.05495116111310627,0.13319584891741193,0.08209054155897734,-0.004695246126589081,-0.03688792590664935,-0.04663417616694604,-0.0312716502445332,0.06480462198916032,-0.013646743238679366,0.045145772592522705,-0.11193477972215966,-0.05009888468640677,0.1577610557277734,-0.11866685810939878,0.05615238547886512
Ru,-0.03299604714588266,-0.033908290253314675,0.05794783659892424,-0.03131390389027304,-0.07739869962246657,0.19926052416032813,-0.008777149801403266,-0.10300379010183644,0.07713706382955944,0.11774694569273444,-0.1298872837585114,0.05184903928484174,-0.06070332358657824,-0.027220492273188245,-0.039721886013919586,0.10438609518820302,0.11499841668153503,0.11395087181734928,0.07321407760806897,-0.07483742700062852,-0.0630191781565797,-0.04213942093721057,-0.01293590357562149,0.09513855854158083,0.0313577517456975,0.02855165982496759,-0.10736186976904435,0.04684622362590241,-0.07634788511015202,-0.07686077577415572,-0.00024774183288970295,-0.08508776970501065,0.012580038709348656,-0.02667213216356032,-0.1336640926205538,0.042921324487984344,0.038192744606577296,-0.0819801988767448,-0.07367215402069675,0.025304174596538397,-0.01632240973638031,0.020848587656523542,-0.059659967305447224,0.02024414753084185,0.1622219996801855,0.0029616287292055185,-0.014349099897639847,0.052131562596628704,0.011463924659460795,-0.08443818065183191,0.2101505600479203,0.003965598078090214,0.0301665084710237,0.04453612545271581,-0.03593713944931937,-0.11128492678943468,-0.038430868537586906,-0.02703555769186754,-0.015782624037064756,-0.013824831662504337,0.08471742477381844,0.1963227707773898,-0.1272191181425814,0.2063052845773964
Rh,-0.024070816763085007,-0.10352323366687444,0.022008879556865004,-0.02282999977856583,0.06942209589540083,0.13222504762916948,0.014381997929930059,-0.049019054452169454,0.1427489447480226,0.15455396385354872,0.04025240638856026,-0.02337427606276206,-0.060519996032628434,0.10722600474179753,-0.03562986847887363,-0.037454369016726434,-0.05102662379800534,0.09304934461573801,0.06191052161519487,-0.05814308064541648,0.09489036250796776,-0.04541928822016732,0.0617892699446529,0.05359274558268521,-0.043699015673306044,-0.08874761943458005,-0.09939098659892123,0.07900988373190578,-0.12650840847182301,0.07828784333886413,-0.04612568801583557,-0.13509217481977975,0.014855900525435851,0.017590060750422597,-0.04320488765532027,0.09864414904131036,0.032196593746192,0.030350574486063684,-0.009899028255713937,-0.08477294573969095,-0.0007716845393342367,0.11343720438436664,-0.12342998305743941,-0.028190592412006357,0.1749706705281414,-0.0532979618600084,-0.01679109449894267,0.17104277518132888,-0.09073155286751126,-0.1024335518839021,0.16521378978698817,0.06972029976027827,-0.0068519644163271155,-0.031007251139744292,0.045661050633530806,0.00014477471090706503,0.009397336813437332,-0.10447131712846537,0.03209536997847732,0.03458237433860793,0.09544650551710868,0.19132420500835157,0.005667639898673768,0.13613096831941052
Pd,-0.17113154686496487,-0.042280680778036615,-0.027038008733023353,0.011953327303120188,-0.07276643785656141,0.04988852865359829,0.04209780816662711,0.01682015957497292,0.13206395817011862,0.08369856587996892,-0.040665038781575125,0.04967071635036615,0.042719886068238934,0.12942055074662853,-0.07435105319162362,0.12208207534141033,0.02554770555767211,-0.02663164957347728,0.047938534153947464,-0.10830938187606115,0.0017236701198704702,-0.16621600464021813,0.0004956534774843664,0.09658871126745865,0.019043404722279157,-0.18860512473036029,-0.038247565369755036,0.12462698133019735,-0.1037352056122503,0.01983041197207571,-0.1021507653469912,-0.15929987632231402,0.015236126049886535,0.02350563093418625,-0.08844592857744815,-0.024840051699894297,0.004290385118777614,-0.04623230088893757,-0.0928692319384174,-0.053666340815139504,-0.09111186397432369,0.055128905705203596,0.0882479919605456,-0.03922984396860642,-0.006677658441111304,-0.07810844294153925,0.07431694441407871,-0.028897061237743948,-0.07635284883022511,-0.049930406771897404,0.11212391456330742,0.052098107606600545,0.13888140160354734,0.05411930424435922,0.003657267110397769,-0.07199841725010013,0.02161390663171717,-0.1258541601537504,-0.031062572734682367,-0.07778070895864506,-0.05198644922683407,0.032054535546012904,-0.09494827909548474,0.20873603652638917
Ag,-0.07818749355939815,0.056787153339609805,-0.06622760305725199,0.13074938598921446,-0.10779770014737229,0.18854845441928264,-0.0908087892317956,0.027405850649311867,0.004333698381582014,-0.03555478633967821,0.03684508198886507,0.09829461445118466,-0.027966564257961988,0.1159305121399851,-0.02981674146338698,0.11423034526999054,-0.005854443044550563,-0.029077772679154706,-0.010778190700221547,-0.0397345922896447,0.12164038151570086,-0.1036564092254284,-0.1094483579717409,0.04107411519908249,0.004404654624936399,-0.16008324264548715,-0.09502636061312943,0.18250275349715714,-0.05714819577224012,0.03870659528182315,-0.005765806573814883,-0.07934082328901029,0.11385963336574456,0.05862569915833342,-0.03291242740451345,0.1062589270064537,0.07813607555941249,0.029380197210764035,0.045601925780440096,-0.06443518521517066,-0.10555761010912751,0.006796796638121507,-0.07101553525090307,-0.12567670847616244,0.11619800260297695,0.09232687904857705,-0.004169993124662501,0.10114864156916456,0.0788287688045218,0.015565815568808183,0.10995595265720293,-0.012228203285424533,0.1264501584079577,0.043324103946329684,-0.058726398787889336,-0.00729574184276619,0.04470943912392144,-0.09072321788538798,0.018602030269417237,-0.03348625349457251,-0.1036866498880247,0.15027176835021114,0.0021120896120789883,0.18486789275802568
Cd,-0.15830879608008888,0.10405510863763302,-0.008566934934631702,0.05180131387398541,-0.03269935616756586,-0.07110156034184852,0.04631206375465815,0.0027712318935467196,0.1955831222569924,0.12587982959618157,-0.1335765347152046,-0.006353067722115109,0.11878245337041825,0.10545883236214743,0.03324505506667667,0.08859117418983868,0.0362250942255411,-0.04314884585884372,0.03272007348124485,0.06250112050728658,0.07358413986635222,-0.16600506273020033,-0.11862521780417926,-0.06810150779828573,-0.1284497437501464,0.08770946101232537,-0.1412677949282443,0.027847481812310365,0.006043033531446521,0.044104575023457986,-0.0057258180441103835,-0.08625128556398633,-0.09689628822912445,-0.08898965965912085,-0.0033705076723466367,0.02159062646369263,0.09359213740827932,0.05147864147685206,-0.15324847350736376,-0.006035105640008382,-0.13131360832042102,0.05538200043225269,0.0014304526722680364,-0.06960696264846583,0.03089541593258572,0.15857814600463555,-5.2703030347047446e-05,0.03946111456723937,-0.03607779030316989,0.1687539369840259,0.04835270960716239,-0.07014352259196435,-0.044889182828597135,0.019835358024902505,-0.12238313026581524,-0.06140365184758632,-0.04763050369094215,-0.061171732034813596,0.08001858113774701,0.13685108065452875,-0.01697979277042915,-0.009099549090147457,0.04668490522962499,-0.0035025870396700287
In,0.04151310090135303,0.09486494600039945,-0.006896093688452015,0.06097389319437227,0.038044283664100585,-0.07170334399781181,0.03408883342788903,0.014175632159683213,0.06092214013667429,-0.08287588587609737,-0.08729456825484092,0.0185789048375926,-0.03872785977865358,0.008090990016332629,-0.03823910451527936,-0.01998820355863003,-0.04107076169623345,-0.055069748002412246,-0.09532440106449076,0.0013613233488647695,0.022991681734255722,-0.1385667749583115,-0.03919867929128762,0.09326653310522928,0.05610751267604168,-0.038333820371839245,-0.010503109256473148,0.03594925721185088,0.10777453600225209,0.08677445694041908,0.05253206576848885,0.16491693394622167,-0.09684489574769055,-0.10859684638224336,0.05954669360670524,0.011282785490910026,-0.10067015777921662,0.0104847588167385,-0.10209574812858026,0.016067142691453897,-0.005706424529701421,-0.056850553571902225,-0.0466694270480584,0.06232290079956457,0.03924883661714131,0.06132101422384518,0.17574422844198018,0.11586094996537183,-0.1774721896652852,-0.048467808216283895,-0.14500289335510974,0.08292430090882003,-0.04960023551937722,0.0653529742856638,-0.1439201563470899,0.1564404407066086,-0.09052587129510012,0.08243249651336414,0.10058964985140757,-0.04762466594821592,-0.013543916182877728,-0.1801901348890847,0.06507229464203582,0.07480505407375784
Sn,0.11310372958536943,-0.027133857313276298,-0.18993084163077256,-0.0026387488242510916,-0.01956740290088416,0.031963551562966805,-0.025297286034885704,-0.13760142458916677,0.09588625817897828,-0.019573564742886043,0.03675984501176404,0.13505460823626322,-0.09375891228424069,0.036069376997826384,0.04976405027432078,-0.0676624950582153,0.11393127789335718,-0.09177048370931423,-0.1412647324553936,0.0490774931930669,-0.12485470702819869,0.00849783626712111,-0.025233844949194655,0.12906875249169517,0.1555024042880778,-0.1042684800101893,0.10218401568427872,0.13523444624619968,0.07908770739589195,0.06281906658364213,0.054493120917038514,-0.0629985512948466,-0.03779677647266328,-0.009111297360520795,-0.08823125006253495,0.011368293425871737,-0.10048320803547806,-0.10050104471086398,-0.1293106852009956,-0.015534339203732785,5.58484854923576e-06,0.037667532136441376,-0.020349722355260984,0.0447086017265238,0.033943194940438806,0.07490679939335333,0.022401051744867832,0.17762782704009739,0.05178492190270676,0.04793476726631829,0.022216382542857908,-0.015034493739886393,-0.06327385016904233,0.09294962002449277,0.06778740713363723,0.08928051759540374,-0.01852085260200248,0.11805995940815957,0.03518851045208762,0.11043868314645588,0.016159695036968208,-0.05339695115196021,-0.02789512322508397,0.14201985214410243
Sb,0.0365488461735729,-0.05038139498088837,-0.0644385520374176,-0.06137824134178078,0.10496723025134826,0.03235336236217748,0.0016322864152659511,-0.0054296032934686616,0.05471252012825181,0.05087105087349014,0.17729411418264826,0.004054329606989713,-0.06791662225738214,0.04069256048136762,0.09292299232387971,-0.029961842577239012,-0.04164862211538161,-0.043903728854811926,-0.0983867545829348,0.01600639398766104,-0.032956046150555966,-0.07361826121672424,-0.19366450690336265,0.14994292460036873,0.12805593975596857,0.07474305875076248,0.01551435341625211,0.17205359156449918,0.056053893734400784,-0.043188047347241625,-0.050501110476039564,-0.14803379646001738,-0.08640721221021942,0.08629291108015312,-0.11697750881287901,-0.028667881332675275,-0.06198464974495874,-0.11070620257006705,-0.0015733241681982293,-0.131581426332196,0.056556297713236045,-0.04247834857741351,0.0851976480340634,0.09333440299359581,0.11273723515759194,0.13042687710704468,0.060894815140124375,0.03193056364566756,8.231976645271303e-05,0.07062744265787836,0.09640294624509083,-0.060243459270686694,-0.08899049046881963,0.09914480148875693,0.051261619672264405,-0.07148662935447961,-0.0529922511977692,0.04384835997411801,0.16799764837695091,0.01421112569858227,-0.09315479687912717,-0.15321696730536086,-0.0844270712189634,0.07850434927222993
Te,-0.1478175699691341,-0.1726590256889801,-0.050851478343544414,0.1423704768718537,0.14578224819872637,0.12743772476410734,0.0649962450090106,0.1325051871028315,-0.0011940881037457284,-0.077918418779283,0.12141520452247392,-0.04432199724757249,-0.13611909823003854,0.07479100745488547,0.011467789148069354,-0.03711400297172634,0.008742210319068053,-0.034315992105700244,0.05395223002981462,0.06261158858181451,-0.00622197653069295,-0.12225295696766307,-0.21303924934362833,0.03339614849338768,0.02121124316019564,0.001795310388149704,0.04161956983358052,0.20227914012353773,0.05980402825765279,0.011287724119174794,-0.09835009084709674,-0.2099622678109103,-0.0587505449255733,-0.07505603874811666,-0.06293857260767544,-0.003987962072075533,-0.17764644008116948,-0.137975129888804,-0.08002458032924711,-0.053100307168590426,0.03428860674707025,0.028949851453820584,-0.00028522772844693053,-0.049164039102566524,-0.03220209761277866,0.13157622627489407,0.07180704451117878,-0.04110117251667971,-0.04489116506485604,0.05564696691419002,0.06161117963505071,0.11377740224604806,-0.11418781187817216,-0.09462044589809127,0.06927582025375634,0.0070274128250935285,0.09357743167553943,0.03905167961979116,0.10814288232008981,0.10115472209104834,-0.11521112373770062,-0.1438101397889756,0.007349929423826103,0.0566656761496826
I,-0.100946292506479,0.02939633545516958,0.0586657562822883,0.0038490432852456608,0.07399719045374108,0.037075406441433215,-0.042028795844745635,0.24917339334543886,-0.06842025695781123,-0.15599349963035758,0.13348818239171187,-0.024661727434599618,-0.04287255842000379,0.16166029976647295,0.026731951776225622,-0.12394474602405098,0.16580783560532178,0.023980559036476234,0.04008729522703901,0.054408408198488245,-0.1323530418130669,-0.06045122266356185,-0.16661335653033094,0.0017943574859115928,0.052724514231002426,-0.011961855543897296,0.03409011124499118,0.11455123730105733,-0.03832996324386043,0.08131490499955706,-0.09116043555935394,-0.1960326003192343,0.03801867034824593,0.0549515805672631,0.15740627719011532,-0.07094060884149245,-0.011687160556606692,-0.09432027180365136,-0.1354349280283608,0.03373110296201294,0.009991508790441741,-0.04239516881037792,0.1742057913061462,0.02532797138823059,0.0449618135511145,0.21136899017577548,-0.08903085492418046,0.12736190284791213,0.14163235172126235,-0.03882069668261175,0.05591526207988183,0.076394111778837,-0.042892486016198446,-0.1235927011987743,-0.13757191117691434,0.09153274844358557,0.24987217299150064,-0.06103280108421101,0.01707408998555704,0.21477714731866696,-0.07202225460000858,-0.17027224695572307,-0.011453684591586723,0.08154181415950108
Xe,0.0,0.0,0.0,0.0,0.0,0.0,0.0,0.0,0.0,0.0,0.0,0.0,0.0,0.0,0.0,0.0,0.0,0.0,0.0,0.0,0.0,0.0,0.0,0.0,0.0,0.0,0.0,0.0,0.0,0.0,0.0,0.0,0.0,0.0,0.0,0.0,0.0,0.0,0.0,0.0,0.0,0.0,0.0,0.0,0.0,0.0,0.0,0.0,0.0,0.0,0.0,0.0,0.0,0.0,0.0,0.0,0.0,0.0,0.0,0.0,0.0,0.0,0.0,0.0
Cs,-0.07846935188999064,0.03539500716757153,-0.04023332896682515,-0.016737802572295315,0.017881459259211453,-0.00841058013507524,-0.25982965692922677,0.28751311343727554,-0.08972074063261659,-0.058224438766031,-0.007964510138648826,-0.11021998961479894,-0.06308676083299543,-0.004142498602489645,0.05758392929984383,-0.02572787110656753,-0.023771863078082475,-0.0216224786749386,0.027253079161982482,-0.0545000079275628,0.11401931427613117,0.1922240774607877,-0.1314635486415907,-0.014636555645265644,-0.053512384750966466,-0.1452642712751451,0.15519848907285602,-0.07520958307689798,0.15436540133713547,-0.04131446147565622,0.03503491833150508,-0.08663460690483875,0.08063923418417948,-0.09400446251671801,-0.04196204233308433,0.017155119932081367,-0.036649403297928984,-0.006520015254703334,0.09689996038175608,0.08410278875660239,-0.13607577010470812,0.06809150152595166,0.24252024455911153,-0.18915691398427248,-0.007780210459240762,0.039687878251608875,-0.18887699153065324,-0.004090117533664564,0.032981321878277535,0.1873930773375989,-0.04051813764028019,-0.001848268651304618,0.028111786848022187,-0.06457829831554146,0.04485928057764016,0.21338016706655044,0.1211796226060382,-0.10851505054903911,-0.006172414247234377,0.096074679931489,-0.02957464753880499,-0.15857210077501654,-0.005019933223402837,-0.04132473532319646
Ba,0.08609375356892995,0.1485808795879643,-0.004415117908369511,-0.08685671137807066,0.13644586746195464,-0.1028412220258672,-0.11866279621409166,-0.0753473384574968,-0.0007109243092217109,-0.15808668822199784,-0.0716865751251651,-0.04823483165033429,-0.0437730992222974,-0.03232272988152301,0.07522236936294495,0.015419092955147666,-0.1460667268435406,-0.059546688487623976,0.06017584122791217,-0.08066346478810447,0.04875978687706086,-0.018469089108082242,0.12165302936719684,-0.008087225159234861,-0.001790594115574663,0.07063352640787825,0.03776367124620013,-0.06031845652264179,0.0677818039873905,0.018997312561374505,-0.09135122086282345,-0.10272906739290379,0.042944273734110916,-0.06076525919949276,0.037305991060832384,-0.07206129532542335,0.03218634494084993,-0.07031466398331881,0.04729778664166159,-0.13409648384692488,-0.15903783341226704,-0.16806633080276936,0.11735310202478251,-0.10872887894012814,-0.024666085381185213,-0.06402448146875893,-0.07621322252548438,-0.04268059893603341,0.031236984631978482,0.19285054029758336,0.05737375710060519,0.10888438749039324,0.024473182755442035,0.0255112219429511,-0.09746254357299805,0.13777615630747364,0.02737034132831566,0.02564048511390063,-0.09796131004029454,-0.03802009555740719,0.1131474885988135,-0.0991485297346467,0.07962617874975739,-0.1090962433690707
La,-0.013007608486902288,0.09302926763775204,-0.11926821699720562,-0.02952367938055688,-0.021753143397912494,-0.057756372856665746,-0.08177166671004447,0.014951246617246805,-0.012838608097331481,-0.03758222158904562,0.057521065859992636,-0.03550087202429183,-0.04089760378926332,-0.1200139414707398,-0.04233064709150887,-0.016429607310966002,-0.14597430280462378,-0.04469412265939631,0.057222771818006814,-0.07390444602647686,0.04977088264234152,0.04026558991864101,0.054307786280957566,0.014658168532447804,-0.06287279632143167,0.08992545452928673,0.1107108947743,-0.0878042582104845,0.07473863617975564,0.05193482715496061,-0.026697101843936963,0.013545257697850048,0.04744378648948668,0.014394397762891403,0.047459164115830246,-0.09627167523231074,0.04090865687165244,-0.0383131657007052,0.14134499233387465,0.028994624239568556,0.08214700973710319,-0.06385254255990522,-0.04608118155627246,0.04196651578456106,-0.09956447722765535,-0.030039175471387777,0.006337159877160181,-0.09995312478100979,0.09232054081901761,-0.013269746678195606,-0.024580426008562844,-0.07267521810976134,-0.04468207096572403,0.12846902782041708,0.023698334738163834,-0.038906333891773,-0.07130329316086194,-0.09607981927791918,-0.14095100176570774,-0.052376817661107515,0.049673640018153775,-0.03787779382182037,0.11653020248534708,-0.15387402711391637
Ce,-0.015878005670594005,0.11628850402120267,-0.1097824544377303,-0.030968810210524535,-0.03029361331816571,-0.054969703679790434,-0.0702262889724582,-0.025169801785808774,-0.05243639800139424,-0.000941978475049829,0.020079516876989598,-0.011367969979741403,-0.018879921238995182,-0.1094387157124205,-0.046670500669368876,-0.003653572455664112,-0.15977591413382328,-0.04966316948993551,0.04348093525406815,-0.04203982262361659,0.03397064130537537,0.040726266863876794,0.07766177280571714,0.031324294308044294,-0.05095404592010246,0.08664130988707092,0.0748518940441562,-0.08909931661963973,0.06101448089877257,0.03147669794046221,-0.0423939548513076,0.07917507445405074,0.08263000786187014,0.005676417329571635,0.03820402949759998,-0.10171811055883188,0.05918965663892841,-0.04768062096525152,0.1085308765810916,0.034146428286484,0.06366857032486926,-0.09295274850095607,-0.054128874545803764,0.043589532972118296,-0.07744569484762659,-0.005606953691568921,0.03196864883054447,-0.0856870681019245,0.10991891298052309,-0.04794441211001431,0.0009165829898573481,-0.06595173917756746,-0.03128595600021049,0.09766110634705456,-0.0019674054485301225,-0.07476407353019368,-0.11270756749123566,-0.12496506500717275,-0.14460341911046967,-0.08981743880926822,0.02987145783149019,-0.033441469387513724,0.1589515665619755,-0.15821061661412933
Pr,-0.09129503709616546,0.0953983727072773,-0.12778580485872365,0.02310851053331564,0.019793788319710764,-0.10785984025838043,-0.12988165385967892,0.00021780229575124892,0.0034994061166408854,-0.06906988414802837,0.048758843169855355,0.010035085832529945,-0.014961680069519968,-0.112813258461666,-0.040128596723625544,0.006336967787158547,-0.07885503715876067,0.012058952992715328,0.06419213045787335,-0.08711089907655352,0.08547593165653114,0.04677986268891922,0.10158096681702575,-0.02376968381649907,-0.05798670055326413,0.06447426932818964,0.059822958990779246,-0.10169686475623284,0.10388788626717417,-0.05040839129403869,0.02310233154830881,0.06560359467024784,0.01815769823559896,0.0947555388262735,0.11386539830288957,-0.08482476073682324,0.07852664481850823,-0.05344658473636007,0.10121272751266934,-0.05486749447136598,0.017178164572890457,-0.08013755298408848,-0.04467678672779491,0.08340769368284233,-0.11184407360061722,-0.03729420238436863,0.04106155441524666,-0.06864563238479374,0.07579083961889944,0.054912186950993806,0.060036174982746986,-0.07118111274219112,-0.03534245370387216,0.14206829694172357,0.012468737860900591,-0.07058378751871916,-0.08739472922852058,-0.11216804884416934,-0.035062479402933035,-0.0184854488986762,0.11547013086571829,0.012147344653011021,0.07008660507397536,-0.17360395101336557
Nd,-0.016966779489531018,0.1259431599691027,-0.12496636983459575,0.03359196989528697,0.026951581263824843,-0.053574908184116546,-0.059879140837913084,-0.018363559520973845,0.05223723496669863,-0.07528065754070633,0.04940920560751096,-0.005406636173783113,-0.06605730230960552,-0.10281040822150209,0.005122126925376528,0.010396636625699703,-0.15237538716045096,0.007069126097952702,0.04047792385836407,-0.028716627084363445,0.0775984158599109,-0.04427535841364276,0.0585716095390663,0.006464787092272338,-0.07213638667795146,0.03953121109308457,0.07011144610857709,-0.1033331972213332,0.08088457386020872,0.059561900741983316,-0.046082841591728735,-0.006483725256261031,0.0716444301438966,0.028586970829064764,0.0787948785795038,-0.011360501307655105,0.12342090609175439,-0.0290678086037821,0.13312922221188003,0.03648095106353939,0.10647299845256572,-0.1108669202450455,0.006794899779160027,0.07216955235091804,-0.09503213586461366,-0.051260868473769115,0.010255740433825756,-0.09929229494099963,0.05082731444458157,-0.05478483271309591,-0.011462031910624195,-0.0967738637774323,-0.035100931377748515,0.0565276745095121,0.009422630324385105,-0.08730426882484534,-0.09603344215554312,-0.05105767745665982,-0.0926138445331788,-0.09093844759555121,0.05771043946791166,-0.04934670169825765,0.18987877095838707,-0.10543506211118693
Pm,0.08361239784326657,0.05926321924979328,-0.10224392445194892,-0.06542849484382353,-0.06562910397389436,-0.07667323205239973,-0.03223927902676401,0.04277219821832175,0.045324006539334494,-0.012090050054134337,0.01398225935479446,-0.07804816095380457,-0.08820905856646453,-0.14182819068530417,-0.026367117167560686,-0.011748396879319403,-0.11878321555711889,-0.013913878268281318,0.03538618287031972,-0.08532407607336913,0.07565871867544313,0.03813827078136015,0.10314717845805553,-0.006429840613422859,-0.02723739830404488,0.07769350551858784,0.07384029599679444,-0.11257364712500549,0.0207223874895802,0.018151510814759762,0.017113416429772793,0.032950973518820106,0.04447484614011351,0.001203800154701833,0.012233312848950247,-0.06448954777698086,0.08837113137400075,-0.033114896941184684,0.16477783790275288,0.07257141732573329,0.09642889577686974,-0.02227983940554229,-0.07971541508714033,0.008490813584427074,-0.09065742611459962,-0.07455864273093575,-0.02507405048833118,-0.10109860284936413,0.06900446486826187,0.008608835610310454,-0.021732220126058542,-0.062343756193616436,0.01831590378285791,0.08739147177480903,-0.00619312765052274,-0.00986335094452097,-0.059161836321504006,-0.03310029477499386,-0.12111244399233509,-0.03736847492344114,0.09961169398814565,-0.0008377838581647972,0.11447618577438123,-0.13720251842041575
Sm,-0.009961965998450416,0.14984672671472563,-0.10467512158836885,-0.04050188120131182,0.0026633766243643023,-0.08415684483340614,-0.004442914515515158,-0.014531215826087922,0.013040762156145877,-0.04706936256150447,0.040886183846142655,-0.0615540046087021,-0.09239867910141655,-0.1517116509605912,-0.022303053316776355,-0.020085435314311235,-0.15784155788011375,-0.0052470727689909406,0.024500027192090247,-0.036729740617478183,0.03859494203593152,-0.008117158541312125,0.11333772675320034,-0.007102503423595158,-0.07337395455591536,0.061822795898267335,0.028699372681123318,-0.06821370744276851,0.08853982721483869,0.06811698295828919,-0.053261427406740634,0.026148857466014006,0.05324886707188894,0.01962477096701583,0.06130617156378883,-0.0810318515888893,0.09297613729091544,-0.02935146761258668,0.13046894152423222,0.045320784848882634,0.05323122181299646,-0.10267532872741875,-0.017305389924810767,0.06732751055633235,-0.09645218130194018,-0.04464507779953963,0.006743990796278185,-0.08199352212093514,0.10672941524016508,-0.05694534730498893,-0.04507152843939236,-0.0800929305139237,-0.0059154818914543906,0.12098442171761861,0.033689868420576884,-0.039508161252559494,-0.09658124413443461,-0.09877342584514301,-0.14228435243550405,-0.09354681716619397,0.06950070500309481,0.019874422427829254,0.14236741548687987,-0.10651777512357223
Eu,0.08171640489645925,0.049611026946782086,-0.07647474067865541,-0.07413087578578542,-0.03230261327763571,-0.125608557963516,-0.09549193568130543,0.09603317899116645,-0.04768624896063516,-0.05941583062398317,0.027981962537858663,-0.03455740332871174,-0.032477389904837194,-0.07650322444706337,-0.02547197720285276,0.07869219076573329,-0.14969235383185805,-0.10171367280250629,0.11133264893764466,-0.016283127137071886,0.0169650074853596,0.034579383026798395,0.0045083713980344645,-0.055554679617062556,-0.08523423858273554,0.07473336226313627,0.12090171978569833,-0.060063915618630996,0.08928647916544453,0.023001038812842052,0.019914506942001146,0.004344638384271658,0.00892546839604631,0.014884530708861117,0.05059738798678989,-0.026360034084131758,0.10196704686624813,-0.010869768951134886,0.15213933525895548,0.008118707873546996,0.04476891917021919,-0.026545469438827646,-0.10324981880543525,-0.06069923932068966,-0.04758379439039645,-0.07528694651909572,0.055448561879373505,-0.11785732502142082,0.1294971785693827,0.0774509303658285,-0.04748291572934279,-0.07044588858840421,0.06236030640674731,0.14001396668781005,-0.0015667308229082326,0.007662535786446613,-0.019295936712860052,0.001149510347429156,-0.15677034992923353,0.016442140332090453,0.03721382265607663,-0.0018159561225255688,0.09869229139632316,-0.15803521572517987
Gd,0.019819552216496047,0.10267032333771202,-0.10852892314985396,-0.0541841441645391,-0.019038041751364195,-0.07694360718413114,-0.05641908102457738,-0.023173190265830305,0.030550318159266197,-0.03462973309536983,0.057890658293271814,-0.06401600914677408,-0.07979356026566987,-0.1616880441034537,-0.028499545406005557,-0.0039199461625903835,-0.1377575504374249,-0.012286446246806427,0.052727375868879406,-0.0811989348544958,0.0779597761016367,-0.007546438341414957,0.07595715048300775,-0.0072957961963451565,-0.06654236475582942,0.07829888266321891,0.0831237380678238,-0.08327140655788458,0.07491605133020206,0.05380658199043383,-0.0175342840969349,0.02230594964406014,0.03125562666378222,0.007359042891016691,0.04495498778747095,-0.07957684756103693,0.08204107135934337,-0.014378498015588709,0.13842892867516704,0.047770745407445823,0.05815484079170842,-0.04187950011459191,-0.03279912130390353,0.030713941173096945,-0.10909994983934179,-0.055646138610622425,-0.0008610025744405561,-0.09629428394042205,0.08575711335369744,-0.018608584907588033,-0.037270377747776015,-0.08452434817489213,-0.02364740934866985,0.11969284428029785,0.007319039251749665,-0.04631757415701075,-0.0598640014843544,-0.07493434026309542,-0.1457921614101551,-0.09024994219257859,0.06743879936831541,0.0008113521644322717,0.13684662362545774,-0.1287273108112957
Tb,0.08887155356736794,0.11306937044418017,-0.05658686825898783,-0.07972067460658175,-0.004961687151193716,-0.06492940783890362,0.011635008216425834,0.04342426745974094,0.043518411757826954,0.012429453868987191,0.005675924937585399,-0.09080934070264157,-0.06427332678001567,-0.15951140429935434,-0.019317351901080138,-0.07438377333389502,-0.08844610515527879,-0.040076123858752935,0.027390350875327856,-0.05061768369934904,0.043447369815542126,-0.02304316130775915,0.10708003866275688,0.009919474930155329,-0.027163917825265713,0.040966991638864664,0.03754190204449298,-0.07668738463931181,0.09971565798643445,0.02497270865566295,-0.029044270535085005,0.01788643065120507,0.0998782495737931,-0.033354820021452694,0.04731478294466316,-0.04670376122266712,0.05331269865119072,-0.012809871276868709,0.09049937785862076,-0.004722077279556206,0.1308544405918091,-0.029620324622243597,-0.059868816933327844,0.10181768990841814,-0.07510859290982876,0.002028264561645139,-0.040684955840730674,-0.032643638209036735,0.10581783442740511,-0.06417693851733447,-0.03134329052920989,-0.10951508400596208,0.038242431215947774,0.11386004609362674,0.05912881994658388,-0.11981068578210796,-0.06542231645363225,-0.08342976653204216,-0.07989314033560566,-0.03278157760805799,0.11890630813803046,0.04354221897089418,0.2013303995055569,-0.1499665853359986
Dy,0.0032798494327722187,0.12041851607787962,-0.05818948975270605,-0.027223392357366837,-0.06003017070590855,-0.0745291643416461,0.06278881883637297,0.02313822156062776,-0.040453481580645066,0.041074321484393515,0.007307070896653495,-0.07135175100092934,-0.07744278545687697,-0.11634377502793124,-0.07111704395385991,-0.04652026482710849,-0.1294426334332283,0.051344149673393874,0.06531235286927813,-0.08055293630647697,0.025331320557566872,0.1031352923963384,0.13283513732599528,0.01753874367844982,-0.035876185479826864,0.08582675285819197,0.07304948611440609,-0.056943757384949716,0.029425955884214032,0.05281263517067043,0.0033371025392556018,0.12138548048089925,0.06332223736348888,0.04983406415313196,0.016633879770184566,-0.06305055026663389,0.0811634516742892,-0.09221878484937496,0.05945353270406183,0.013445943860279875,0.1280954054486669,-0.02540546213244053,-0.14746277367050192,0.09064312510171652,-0.09330590318682597,-0.03398273085735293,0.014421646280072685,-0.1152282021663205,0.06958271954478952,0.0057333235254870656,-0.06512407399647442,-0.08805282389085017,-0.004550137065249739,0.046058685221657174,0.02447347974524308,-0.06283964692703124,-0.12391124422562853,-0.019339059429201347,-0.11008613885024213,-0.05878344403623413,0.018476572719582855,-0.026367707051844474,0.1257528034504394,-0.17138103375199068
Ho,0.05355400123360646,0.08640402862549913,-0.020566759096312736,-0.07736308203633299,-0.05267455069853671,-0.029077658417581087,0.019282561492784588,0.014430716854396026,0.004024315164828181,0.0010006528049020561,-0.006261803097221699,-0.053915130124993535,-0.145642676346444,-0.15485311896768988,-0.07263382070883254,-0.0969273461093176,-0.11078854044183163,0.055346311918380686,0.028858169751564054,-0.07042591874847251,0.014946937078515953,0.0642062436164862,0.09793943021224455,-0.0006709033781674494,-0.015384404700414368,0.07415973571039812,0.07249349911883289,-0.14151761389119974,0.02976145364929997,0.005910289810720576,-0.0011861596121482826,0.03057624609627291,0.041670227476107075,0.021848888115517866,-0.009923779199981825,-0.040123831891110774,0.1399062051702092,-0.07690279150284017,0.07612290322116802,0.017964563854127803,0.1442936117048325,-0.04439191942234445,-0.10356186367055266,0.07764611478441093,-0.1603903255610377,-0.08398369388337397,0.01586755095478027,-0.07637362390881944,0.049827884229105925,-0.028829604640163764,-0.10639875450483587,-0.07128171087567287,0.04422144049566704,0.06627950323613693,0.009878936771917483,-0.10282989830709963,-0.07246892843363499,-0.006494516884402866,-0.11469817278035656,-0.043149023700281175,0.05387970336968321,0.016307008784909073,0.18279376539960618,-0.14831769101220205
Er,0.04190058711266313,0.11036409000029715,-0.02127428442937216,-0.07367931048780267,-0.0721067660029505,-0.03335700259438568,0.060644110923621423,0.026665349526035394,0.007597203841780199,-0.0024998066253989143,-0.003379148857774333,-0.03347184768465672,-0.15105785103965222,-0.11014320495745833,-0.03092220347647237,-0.06909817974486462,-0.13561474289790712,0.04117523362082255,0.021370887187065556,-0.09699149940495926,0.022591893277198172,0.07891607181702508,0.11557648179586216,-0.010892305138600247,-0.04818644886731972,0.10780277420108675,0.0530801003866612,-0.10927818587935642,0.03963496156681398,0.01086721331009457,0.013162096851078407,0.039827734966053845,0.06584508880875363,0.026176735005686864,-0.004841463796377405,-0.045313518199495806,0.122212577545125,-0.07861190490957025,0.08096843814106869,0.047381982599406555,0.11453999306410767,-0.03105612556239729,-0.11488862861203086,0.11512360775351035,-0.167114274404771,-0.0991548866255131,0.015626815695849085,-0.07869438805785246,0.053545738109908904,-0.04699111919783258,-0.07658276480463955,-0.07290805794959801,0.05193122523333092,0.08399747667720991,0.030037722090198716,-0.09356473539973373,-0.08230727546618169,0.005450993850407211,-0.13294016747452533,-0.03646342201032458,0.035094653101181345,-0.020254107528988995,0.16101510014807993,-0.13332294540133233
Tm,0.13765975880179435,0.04669168520793684,-0.07991011265790783,-0.1094117312286498,-0.0866846545044999,-0.007816510448166851,0.0719536831439797,-0.010923775857166976,0.045557143382084206,0.10458527701524756,-0.07065793578728365,-0.08450326582230575,-0.13105779245609286,-0.054361274004834766,-0.006976001832966994,-0.01977155039773328,-0.13418940930379808,0.0020154239438858607,-0.01853008744036812,-0.03695677415233419,-0.0002514927968534932,-0.018043298850287114,0.14256538176852257,-0.0389262891567614,-0.006358511960899992,0.005810639618101322,0.016577464837184454,-0.12126346114386287,0.02021959350585674,0.02757494117974653,0.07251846086613885,0.13751248374579872,0.027241271952925562,0.07581769043636977,-0.04173671357658649,-0.048549914589048074,0.02451637683504747,-0.012136317211270231,0.13418889973900028,0.07818789516780363,0.06039367237892254,-0.03008566161737626,-0.1593769277612561,0.12226066175425214,-0.13856572683774054,0.001639324371216329,-0.06756218729706595,-0.10489716827853729,0.0724675453320739,-0.04965255866100642,-0.10950008889223083,-0.029490688734964944,-0.02404120990823146,0.10637635509911633,0.0059368445893068725,-0.09441245679228702,-0.05121078890850404,-0.035409196548032124,-0.03341872747247108,0.04991813353580411,0.11694962076641677,0.040948093635252474,0.08893615525614917,-0.12444736822771521
Yb,0.14622287324441302,0.11720772485084163,-0.006217121817805208,0.050763585081581915,0.05447718537372276,-0.15668442289990586,-0.05837357969602534,0.035243191022949774,-0.04181273598088577,-0.023884726315110526,0.0628517464657257,-0.09181794708493152,-0.0671930828148603,-0.1370614721231444,0.05147399585428609,0.06964576964337163,-0.1381467529360913,-0.07128064494780724,0.08754644894384299,0.03886845297927686,-0.010131705788391544,0.11040275443928989,0.1427708792600995,0.040921658656390046,-0.01804497082927695,0.019410760773161017,0.020802673396996454,-0.09010594949212747,0.03266309408586588,-0.04306658312984238,-0.061675341590828964,-0.01586108802550262,0.01426819655879971,0.016843930487903815,0.08549547518227596,-0.017793013896242955,0.09134256571470727,0.033948513945152366,0.0716075572779603,0.07403972071729023,0.019087699146663584,-0.04853586624178038,-0.14051687877169983,0.025850023557756115,-0.04910620616312564,0.03635918193542496,0.10445177929884798,-0.10800871452539469,0.10630642436712864,0.02211940247237326,-0.03872409028441139,-0.04163338320696147,0.12482017822310214,0.11288720297189754,-0.050853169069036495,-0.04642059019033288,-0.07881995951826336,0.036714744661268,-0.105002882786286,0.10298859750845708,0.0659840793002762,0.014413219454832238,0.15521965514662428,-0.1619103171738191
Lu,-0.041640022897711855,0.07101336601541283,-0.11098157965785346,-0.13618305325119678,-0.07905592738953064,-0.05129437265370085,0.11506830314138376,-0.06886165854337138,0.09851962381234855,-0.027602289849574854,-0.014168336947395289,-0.031438089938169836,0.016448422575226836,-0.1917678262748349,-0.018872506296621364,-0.026552475089605877,-0.15217555443605094,0.11201032151893375,-0.059643464231523044,-0.0452493404825038,0.0011626376599126052,0.09443440505113837,0.05968806482210854,0.07311099787235413,0.03719436918135932,-0.006617879779871783,-0.04490233285172003,-0.12116284574556639,0.10325336920127792,-0.11559655402347963,-0.06038177772970632,0.09953471896109861,0.05782320888057976,-0.022069872593586448,0.04342173547890389,-0.0776383805721739,0.07741168856198409,0.0740160046373806,0.1317528436720442,-0.065394595924941,0.07050078738123773,-0.001452037552435542,-0.1612712228832812,0.04038858814439203,-0.15768692140854998,0.08904605835916872,0.05563484937842122,-0.09239598674117573,-0.10525438302483602,-0.03160601422511598,-0.021252179628556356,0.049301093979171845,-0.015028156257318986,0.10644918704921827,-0.1043612003497836,0.08197050386669313,0.029774195963412395,0.013273544746219,0.03309866483771034,-0.0696776701806215,-0.0163097109452153,0.0632020114690396,0.013902375665391382,0.0034566222564109735
Hf,0.12420062360551383,-0.1451607557877774,-0.14154062020057262,0.05487648250366505,-0.06356086891116629,0.07673247048955996,0.1432421242675839,-0.16825080328543707,0.05358744829185563,0.0715804448811827,-0.04469647206455554,-0.1049402867043996,0.007340942062992193,0.06776154293763707,-0.07878700481938289,-0.08795565597862864,0.0687590762658547,0.02016403986002306,0.007891346788626283,0.011043688772447794,-0.03315897532809377,0.052593125205859396,0.060092344489390874,0.08475309177794328,0.008024392318792803,0.13058280107207637,0.059568421166716075,-0.156444095570548,-0.009659585155374257,-0.05583681332105251,0.0837496554943973,0.10647591681394708,-0.11678723631019801,0.09625969663994006,-0.10167900068836702,0.07836306558919565,0.08440201625567005,0.006584622829323109,-0.09559100512169601,-0.030609542767244036,0.0588235929422119,-0.007643312976487643,-0.10959608509083445,-0.04090545367594638,-0.04883721977019179,0.0060689245756175075,0.05927753203438414,-0.07387644202012783,-0.040264187753169776,-0.13129736196709213,0.10992178665326269,0.14081608882890786,0.07057598271055858,0.09766785111094746,0.05226419714875253,0.05629752288525783,-0.04874438051137916,0.011313635442265322,-0.08050927311627432,-0.034582496152813585,0.051133682240215216,-0.009678971204163165,-0.03805269930652406,0.018018543072752115
Ta,0.13578636049682002,-0.1444305478040102,-0.15624582537677692,-0.07350380333695039,0.03157617733902797,-0.08192091987936555,0.1632109049552078,-0.1322883931899017,-0.07022657297667877,0.0023605111122350997,-0.0799097152480967,-0.016453213313836635,-0.0016583979453615796,0.041174813286993114,-0.15004722507172294,-0.03710387862074978,0.05911794911761893,0.029385349201606768,0.030116818998799394,-0.08027948914549844,0.06212252977889296,0.0009439323591776866,-0.08272784536605399,0.1286174519576418,0.16530097244298614,0.10246148140581762,-0.06301752096578822,-0.10642502661182668,0.014126419047921423,0.07700115756458475,-0.01587774073733188,0.06462317182676314,-0.06664903074309354,0.07527818112482262,0.047518127528432146,-0.03823954191310324,0.06979370099823935,0.0627239697844061,0.0008877075760094522,0.03228973262628147,0.09573927313932253,-0.04141115515793766,-0.0028380621013035226,0.00041356931841772217,0.07869906917816788,-0.03372273368166173,0.09309428336120106,-0.05238478088577057,-0.07704982394029095,-0.07367684473352618,0.1304729323261541,0.08854275257064671,0.1192712661806737,0.012467159555419513,0.045282801739327375,-0.011227864012421356,-0.1322802190397287,0.006465373243971467,-0.009903846091509926,-0.033663734439363525,0.009279411378818509,0.09937343773806928,-0.04853736991977235,0.07401869462842235
W,-0.10894534321822,-0.04027429570385316,-0.02888282352326117,-0.059197652196719866,0.059242559865333604,-0.007380628391448245,0.07586127327006859,-0.1626626194993056,0.016051380712677806,0.0694178869749236,-0.18731245999356325,-0.01751430452538279,0.03745486139040543,0.12873646518237855,-0.15135463704882562,0.00576414497899592,0.06711415296575718,0.08571519339716646,0.031761775675811496,0.0675086078491873,0.042228578240508255,0.0478205797525237,-0.056573868977544656,-0.00023511001101046228,0.11288471653725937,-0.017575940500789818,0.004244792499094375,-0.006840050995646387,-0.07957811167117808,0.04962777628056401,0.0013323043498633083,-0.04323106386073054,0.0918726657787108,0.03390211302880343,0.014426323583104254,0.01500667241401268,0.02154161537249763,0.08979829220653256,-0.03483546680263669,0.06307917480481191,-0.013412143516976381,0.1324372846963495,-0.22192975975526064,0.1017094248707474,0.04026988760707469,-0.034153555698166145,0.09738853634064142,-0.03485274357307114,-0.05939254851418433,-0.005854901771891878,0.1566360190691709,0.04050768839986072,0.04503309332504033,0.06827674987837169,0.0627994010393385,-0.03483971253102288,-0.041050698467084056,0.08704756012156849,-0.04090809260712089,-0.17803532595103025,0.016822887317326105,0.07312307895079141,-0.12493709349168312,-0.015884495361027737
Re,0.010586112484215579,-0.0032985769364462683,-0.04154226348689497,0.09284342229253982,0.07135963728544552,0.08338530057910341,0.06168434535975714,-0.1210127506590907,-0.0314962472599134,0.06461344378276375,-0.1645782251941522,0.04415785765699032,0.07712274664985054,-0.004259415810630632,-0.05196076807884191,0.09359303852885395,-0.02497917550813835,0.09368930982683503,-0.055935268297767626,-0.08081308130960357,-0.07239538469862081,0.016552452623574295,-0.04395169099309705,0.08246109036034428,0.08674921723198752,-0.09026975853116659,0.004629072068119512,-0.09143321508296696,-0.03341481232693145,-0.087103085619088,-0.03649938376028064,0.05353616495901703,0.06387947926640339,0.010334843071655029,0.0658862172503551,-0.014755211018573935,0.0595370556353826,0.09614989956909138,-0.13621414565052012,-0.0011926868175014228,0.010366873237283412,0.03368590228626698,-0.18482427160813775,0.06147951038783961,0.1990373872300276,-0.09763237653926973,0.038432608650520825,0.04881759166045115,-0.057900335256053065,-0.0805119288057907,0.09286828772177197,0.08328793180573836,-0.04119269927205805,-0.09889388711845554,-0.02599561248434754,-0.1688206089000035,0.0506227897771727,-0.027136087220288853,0.027515762160972786,-0.1037727413548551,0.06393505568254572,0.16476384593217255,-0.15752985327574,0.009781822653591486
Os,0.03303135079923509,-0.1576686887241916,0.06599425917963757,-0.0629554558488926,0.03368630461453745,0.07020739352285105,-0.0003815691731946954,-0.12689576920203724,0.06255052951399687,0.0485631454047681,-0.026467487056850463,-0.0978408547469232,-0.12832676382374925,-0.03689817382977186,-0.055002739118070784,0.13009825461733168,0.05053841486356271,0.0069872340719967976,0.03926591651135785,-0.015850087226473377,-0.02453438722555131,-0.13566373934633744,-0.0035396644675736535,0.02903663568471232,-0.076449569139009,-0.12504760113481558,-0.01618820044747084,-0.002564438435643988,-0.11103324231781939,-0.06522227965983528,-0.05617204882091842,-0.13109546984487971,0.06705936519058843,-0.09312594119246985,-0.05732503588962921,0.015787141187376393,0.06727549871968037,0.006178636170689454,-0.0999736937708483,0.039830453088536284,-0.011652546518669529,0.11480706130668653,-0.06944435549894205,0.09266727237299084,0.16717587791087005,0.0628496663844298,0.019841573991272957,0.042218669236311485,-0.008995803947733123,0.003741204523741117,0.22584692025031525,0.013614872236435037,0.07972340470331543,-0.020124062639844682,0.04763754209667584,-0.16799672158802478,-0.031612155894430845,0.022547806883467574,-0.001204376220769751,-0.06623604621896001,0.059869138224593124,0.05049357814711411,-0.17427578808841546,0.1595797531424619
Ir,-0.10574585477885441,-0.1392614321398883,0.007020080650295553,0.06759665765167075,0.06040002461115824,0.10057008162136674,0.016492116033552762,-0.11758898935214014,0.09677210221550543,0.030443177124800262,0.03248424946926592,-0.0602953713811901,-0.12078447484069814,0.07191672609152198,0.012475839745759557,0.1572939556309265,-0.08327316571333383,-0.0027716385418515,0.06698643984069948,-0.02263630572324307,0.07378072347894438,-0.13280797224882626,0.09799416235045506,0.0695214682664049,0.02672229012274228,-0.08397100960707576,-0.027798879722625316,0.10879180382049483,-0.0554603779031312,0.05298061189065022,0.06530892668995478,-0.04052273045182319,0.054033583217105524,-0.08217467720206145,-0.13343769880706485,-0.0027989530692915593,0.009219338671919947,0.014658824925129897,-0.07229554405176102,-0.03779712727039761,-0.01759925013532327,-0.001439759146738243,-0.09409913195735901,0.03373705486228031,0.11258779077571808,-0.02225789481750823,0.025407386590362194,0.09805167117376758,-0.057391325825669026,-0.019285976780800015,0.17512454716223516,0.06228587382853301,0.019707462501741366,0.04032702739128437,-0.0025858148568633508,-0.09015069732538313,0.09445334374750283,-0.04123093885318934,0.10485771751152427,-0.07469645297249777,0.15452258911270073,0.09196850635169831,-0.18354023395190405,0.12133771171575475
Pt,0.016267225857763638,-0.09675990342853155,-0.04648613133875025,0.10502763632458907,-0.007428613564488622,0.012944693754451926,0.07500112633232109,0.05241467939717665,0.0006762138333369562,0.12435882066899441,-0.03501779479777219,-0.042553273414923855,0.007892708581960098,0.13948105299566577,-0.12833123976208796,0.022151651280958595,-0.14902752909397737,0.022608185287968593,-0.022161071742802445,-0.11221043442285086,-0.019497795469051966,-0.12458389805789746,-0.0697417726622354,0.155780156031269,-0.09424070358129252,-0.10723550351029892,0.03615069327933695,0.12604898270000633,-0.1413291059079318,-0.06527335889878583,-0.009707625666403286,-0.15654751102788694,0.08367120975988339,-0.03590409825313658,-0.09439375905647737,0.002022736015285259,0.10589011395689038,0.05521002357249701,-0.09267828090847671,-0.032535102436359466,-0.1213967022667181,0.0316418859664167,0.06329353861237016,-0.02939603353430946,0.1364598902913104,0.015666749353156727,0.08883463965822348,0.045710236661503915,-0.11183993589152696,-0.06839069555006146,0.10111956083960236,-0.041923652643684806,0.03457555854492168,0.027657737119854617,0.11616339618950837,-0.1368721217485129,0.09638507969157292,0.04610208101308042,0.06958240660169211,-0.12713823961186982,0.07397955223456082,0.04600490033056398,-0.09112314018524387,0.10658063073913975
Au,-0.09962085585068982,0.05824488968134121,0.02932034296006159,0.1493742806496662,0.051784019324162545,0.148872445104452,-0.07941196902019038,0.05816366747385929,-0.07621371917797334,0.07513021361508351,0.004667797348156691,-0.03453735176206378,0.032890687717125826,0.16667926433187988,-0.14590872456735848,0.06160058215329586,-0.016874033673592928,-0.03425820128673094,0.07856585793577466,-0.07671202365508444,0.09953078821824864,-0.1321297355877851,-0.034503909487217016,0.090469994739569,-0.0697909252305485,-0.09426192925829878,0.013103856057254054,0.14427580729145878,-0.0729472635058218,0.03477373260481625,-0.1557519224291548,-0.16970523437063997,0.052811318634782875,-0.09903780092866935,0.05855168953312545,0.11949822512873019,0.09676157437399757,0.0349634375920124,0.042930862684119914,-0.0632353954564415,-0.02352504528171735,0.1387807232013979,0.07057810601996845,-0.12898986420034425,0.08065094467651755,0.14436129043476856,0.04240286049581811,0.06254976454758818,-0.002472773688349325,0.09598068613268981,-0.02998623541531313,0.09990093396899943,-0.028533741845019514,0.030557828243896804,0.029428992839373967,-0.11593668368890936,0.0006345199640289293,0.012134684402463418,-0.034076741778294686,-0.06449240719707668,0.06605673586035977,-0.02221463322258145,-0.07981092466099894,0.21559513959351737
Hg,-0.1563804253330815,0.05639887575895048,0.11929213940284947,0.09924054056201602,0.04665059688779594,0.02613072802007943,-0.026599772533883192,-0.11532436465330405,0.1560605246181369,-0.01142834550329709,-0.15025603707304533,0.11156702719733375,-0.05536214495214589,0.07137827879475943,-0.17343232391890742,-0.060653875055167554,-0.10599417201059272,-0.1305749718207872,0.050773535170829935,0.06344880473743411,-0.0077867062402694216,0.0160196709889274,-0.15698260902189365,-0.001006124666047206,-0.10637967385201326,-0.03016186378352132,-0.07290842417175239,0.09049079970090858,0.08737455130679482,0.02025600146974047,0.011725099821199776,0.03915885822213589,-0.0036918516429698474,-0.012390051867443708,0.07532901009285171,0.06566951602719583,-0.04549518303288512,-0.0072631178643112896,-0.08708396794853869,-0.04925325629320724,-0.10904004768301052,0.13840102053446895,0.09151067356454372,-0.03797728244267243,0.07240968802469153,0.22087154634425085,-0.07029553062628527,0.0050763526995323376,-0.06913338506953802,0.07969563730839632,-0.11803465674581474,0.1135879463164387,0.019404365917402983,0.016037251585693368,-0.05582407992679892,-0.1673360073314727,0.10969222302604419,0.03442384181107446,-0.004644724264470294,0.11567514552353583,0.05202068220427071,0.0019455490985887346,0.016802565147983797,0.07535391737870976
Tl,-0.030749420160430835,0.08660017542760126,-0.009381271303792866,-0.0534119338924509,-0.02541287737595322,-0.13316336724638203,-0.04058370391541051,0.04627085189075058,-0.035628254154010594,-0.062069062830201804,0.03672931098049177,0.0737926279044161,0.012425078281734062,0.003570329749289895,-0.0769961081515058,-0.15613708730653428,-0.07077664455015643,-0.0642834134820951,-0.06553531036029339,-0.023939481883730476,-0.10246919928459026,-0.11969143964940711,-0.01969131429851509,0.05487808009838865,0.04625921532679769,-0.06884209011574408,0.0020153418821806336,-0.05264009408110995,0.033917885232101874,0.06573050246224152,0.150305603564799,0.08745083751813712,0.09453646685204686,0.003880102759113166,-0.039769199546140915,0.12619971520863474,-0.11440345930509561,0.0642719670058351,-0.10821434281249279,-0.034506154690515614,-0.01871706764866845,-0.040914604016625666,-0.0718796790021315,-0.026218412025351762,-0.020045915593109375,0.17484594381903762,0.15447167731154637,0.09073325562815307,-0.1413646919913421,0.09525155264583687,-0.14366728403639498,-0.004070830453704996,-0.03574866872634471,0.1084499738890487,-0.08984658430424383,-0.006699551297754784,-0.055629851700520754,-0.04553477563041684,0.037450180694848734,-0.00877331749873791,0.007174690125337839,-0.1831877257020682,-0.06270060198537217,0.09511003445081101
Pb,0.08264172072672864,-0.05648218485791389,-0.1433841252125786,0.06674371804337041,-0.006049920875189926,0.03800450129971421,-0.05481469685773254,-0.11565928430206034,-0.06560488433613729,-0.1060847236991624,-0.01631433367325515,0.006665842479840574,0.03821352404328672,0.11292124203179224,-0.041316461759511494,-0.06727286874574213,0.046522248458936266,-0.03875176965767489,-0.0502261846235949,-0.049109637976017625,-0.13154881489874634,-0.08685557604793787,-0.09175934147640763,0.0821503086274479,0.01887960251300228,0.08070957118784598,0.12255183746508015,0.11539708152142404,0.18902417478830336,-0.056822053271826996,0.05928168033693977,-0.06830860320702029,0.07297585512659041,0.10182115951156395,0.05538222376059497,0.0065044734875774075,0.010853575446445586,-0.10068923424983257,-0.12419073759821786,0.008516161470462247,0.02581835514559888,0.04563253669617551,-0.05565470368169974,0.09664138190774332,-0.0018155423222812259,0.09234332762631117,0.10032135666002935,0.14753041531375535,-0.0708583890420137,0.1085560784859561,-0.0919623796716582,-0.05506826717882758,-0.04154059705719941,0.12173430413490337,-0.005259789082897691,0.06613081469130348,-0.0169397828415126,-0.03635195504465953,0.0627316057955569,-0.04242958506238437,0.0592917506555834,-0.11726554215922681,0.04430989755305562,-0.023715058532311945
Bi,-0.018763969020057183,-0.0022021271519198932,-0.005225571359984879,-0.030923491499367784,0.10596887811629843,0.051477009874872276,-0.08301407871048198,-0.05710161003490396,-0.06252122831028081,-0.060516191270215895,0.09111873006419238,-0.020413809680659603,0.04977747348840969,0.11858320226697598,-0.10382610070832772,-0.04096468904116278,0.0065419623328909545,-0.04527946410336246,-0.10170241772035787,-0.03714896477109831,-0.11722048781471828,-0.11708310179256373,-0.12185309279905891,0.05530552247704018,0.15209325817788213,0.020362388243129546,0.09857198650040358,0.07309807214469725,0.1603728957657804,-0.0631213222292424,0.1226353511650084,-0.08895151843924673,0.07426232713206098,0.00828688119314436,-0.05002934015232784,0.014700534160401747,-0.10699336365323565,-0.05670812445792336,-0.09367670205672131,-0.030596510900654617,0.1186517656880728,-0.03508872469105023,0.08590814679307426,0.048845132195152255,0.023095310483115132,0.16689341056298002,0.13296788286632225,0.12349880657689276,-0.0609301524269229,0.04312954002335905,0.027673681923544607,0.010672221424549109,-0.04083634492387352,0.12891881792144091,0.1079047022433599,-0.061136506724632,-0.10633221164155865,0.056425587582125576,-0.04275731010532736,0.014342639665998936,-0.11613030209194337,-0.05750461037548056,0.1000008815355085,-0.04205246031026893
Po,0.0,0.0,0.0,0.0,0.0,0.0,0.0,0.0,0.0,0.0,0.0,0.0,0.0,0.0,0.0,0.0,0.0,0.0,0.0,0.0,0.0,0.0,0.0,0.0,0.0,0.0,0.0,0.0,0.0,0.0,0.0,0.0,0.0,0.0,0.0,0.0,0.0,0.0,0.0,0.0,0.0,0.0,0.0,0.0,0.0,0.0,0.0,0.0,0.0,0.0,0.0,0.0,0.0,0.0,0.0,0.0,0.0,0.0,0.0,0.0,0.0,0.0,0.0,0.0
At,0.0,0.0,0.0,0.0,0.0,0.0,0.0,0.0,0.0,0.0,0.0,0.0,0.0,0.0,0.0,0.0,0.0,0.0,0.0,0.0,0.0,0.0,0.0,0.0,0.0,0.0,0.0,0.0,0.0,0.0,0.0,0.0,0.0,0.0,0.0,0.0,0.0,0.0,0.0,0.0,0.0,0.0,0.0,0.0,0.0,0.0,0.0,0.0,0.0,0.0,0.0,0.0,0.0,0.0,0.0,0.0,0.0,0.0,0.0,0.0,0.0,0.0,0.0,0.0
Rn,0.0,0.0,0.0,0.0,0.0,0.0,0.0,0.0,0.0,0.0,0.0,0.0,0.0,0.0,0.0,0.0,0.0,0.0,0.0,0.0,0.0,0.0,0.0,0.0,0.0,0.0,0.0,0.0,0.0,0.0,0.0,0.0,0.0,0.0,0.0,0.0,0.0,0.0,0.0,0.0,0.0,0.0,0.0,0.0,0.0,0.0,0.0,0.0,0.0,0.0,0.0,0.0,0.0,0.0,0.0,0.0,0.0,0.0,0.0,0.0,0.0,0.0,0.0,0.0
Fr,0.0,0.0,0.0,0.0,0.0,0.0,0.0,0.0,0.0,0.0,0.0,0.0,0.0,0.0,0.0,0.0,0.0,0.0,0.0,0.0,0.0,0.0,0.0,0.0,0.0,0.0,0.0,0.0,0.0,0.0,0.0,0.0,0.0,0.0,0.0,0.0,0.0,0.0,0.0,0.0,0.0,0.0,0.0,0.0,0.0,0.0,0.0,0.0,0.0,0.0,0.0,0.0,0.0,0.0,0.0,0.0,0.0,0.0,0.0,0.0,0.0,0.0,0.0,0.0
Ra,0.0,0.0,0.0,0.0,0.0,0.0,0.0,0.0,0.0,0.0,0.0,0.0,0.0,0.0,0.0,0.0,0.0,0.0,0.0,0.0,0.0,0.0,0.0,0.0,0.0,0.0,0.0,0.0,0.0,0.0,0.0,0.0,0.0,0.0,0.0,0.0,0.0,0.0,0.0,0.0,0.0,0.0,0.0,0.0,0.0,0.0,0.0,0.0,0.0,0.0,0.0,0.0,0.0,0.0,0.0,0.0,0.0,0.0,0.0,0.0,0.0,0.0,0.0,0.0
Ac,-0.015446765691996767,-0.023205169358720138,-0.06699884352405659,0.01065478456527863,-0.05348151470161569,-0.03620351869448957,-0.15418532301042523,0.0024695136214150626,0.03930697107138781,-0.14485655228046856,0.11693680582127669,-0.1103766287209225,0.02785006073675636,-0.10634380503651641,0.02166209196619023,-0.05609209436692304,-0.09391998514400451,-0.06141200625253708,-0.009883653342828582,-0.13844705180927427,0.08308508078480537,0.04697324059777606,0.09084861135052537,-0.015217168875918072,-0.03745338296451189,0.062450663689363035,0.07980636989599017,-0.09858242124356359,0.10075946544529765,0.004934335647027727,-0.048846547739666415,-0.015366080417029759,-0.046974952961181836,0.03889231129492449,0.04962008186007593,-0.15381486769761635,-0.03780722363580271,-0.04710678887237433,0.15500142763932687,-0.04731841298681122,0.05350938626864251,-0.004144120648953196,-0.028151426510377768,-0.08024751572362648,-0.06724113219843678,-0.1363868327961178,-0.0036047920580216364,-0.1112385071284488,0.10262779173908329,0.12474448142524591,0.021160376561199828,-0.0792651066156343,-0.08774358423870439,0.1024055245299952,-0.006257083100020803,-0.038675878355718854,0.009804581223546435,-0.07566286981385767,-0.15480030990152677,-0.10219939818276039,0.08631625949549895,-0.02677508772867407,0.05775722464754013,-0.11060975854302413
Th,0.05129389275149575,0.09054047336949203,0.03886717540442025,0.02305225136489046,-0.10799340595123116,0.024802069445855824,0.03658073844470693,0.010737696475133398,0.008970788640490128,-0.0646182569844854,0.07321441347416556,-0.029864651475533667,-0.019863342287802777,-0.11325045240850334,-0.011595660623164613,-0.08153840860277235,-0.01690039229576122,0.011101777518908139,-0.0029086718964447997,-0.1394587696721535,0.09483430890464256,-0.026006054222442152,0.15880836250806,-0.0026266576301709104,-0.0018712068313982107,0.09763458749317616,0.04725318714568609,-0.11788231606924572,-0.010627855613614338,0.08821565560350299,0.055655309050037564,0.027849537527456135,-0.05397103842154382,-0.06233523299695679,-0.050852338542772366,-0.10114047760518731,0.05277008231130992,-0.1102639359931581,0.12791043906387986,-0.009563227398553137,0.12939296505919032,-0.006751245257865852,-0.113570511638691,0.1033321800184568,-0.1494105129604272,-0.10022814071670803,0.01813112872764306,-0.11869076882887697,0.125011890126671,0.03401217661374453,-0.043348253968592626,-0.11499251998224409,-0.02139611702413338,-0.01669615042635562,0.028415732779513977,-0.08691249056583326,-0.10071363885249104,0.042281522490647906,-0.0377607554550461,-0.041509048087412764,0.09928337966217606,0.02154803150598328,0.19893118967811724,-0.04065043168684237
Pa,0.08999187877759601,-0.0006472435043558806,-0.04443939403553255,-0.02034095701458367,-0.14589285105544836,-0.03033866517548826,0.026273690104597378,0.0003164824862492384,0.016750315934448392,-0.019802989512865275,0.06403319983676393,-0.05915376908891047,-0.00963981063695052,-0.09803858628067816,0.012611880286162249,-0.06315296397587158,-0.057806683629744254,-0.015407246288014483,0.02524132649035863,-0.14117909537109058,0.0967061862526793,0.022344473139252457,0.0862234201737682,-0.024218832450826223,-0.020359282110099287,0.083740064456943,0.030603606385260208,-0.17120467045802748,-0.02723598086489339,0.06471444142397025,0.06002429679219107,0.024495421640546702,-0.06708782599090543,-0.044371791740091364,-0.07382569753360214,-0.10220823261652547,0.0040704798614426075,-0.0678302746991434,0.17859939494533414,0.05794345721372683,0.11679857951373623,0.0030279274489481245,-0.09087069245707956,0.08988500115333353,-0.1103036925871078,-0.12363622196091423,-0.03267865885240126,-0.12608512591507406,0.05762712405733831,0.024853368692734794,-0.05335729062181897,-0.08797559525967957,-0.03802717829329618,0.051512950633037784,0.025642328556466875,-0.03513507653679199,-0.04799477669233567,0.03644474886390227,-0.06213171175821088,-0.045678309928889035,0.12009178261585464,0.056289149285329555,0.07023966208605231,-0.002364730429299663
U,0.07585019733609052,0.03376318316950193,0.003622931607230786,0.07909182841332288,-0.1281719797592072,-0.059585045283126706,-0.002268477887873772,-0.10378568820797061,-0.042083785654466264,0.033499426101396904,-0.05357002152093419,-0.05485113570703709,0.05905948137612015,-0.10983496431583771,0.02674889361154497,-0.06570008150259267,-0.01875460213992688,0.06177590263814046,-0.08687127771808861,-0.040758217377416917,0.12853510552664785,-0.020707931674865843,0.09653045368784118,-0.03573862830735131,0.04722928119463691,0.11504685870155022,-0.12546922167590324,-0.13263872611787667,-0.07343298953149185,0.012844675357306856,0.025611984849157627,-0.018564656897376523,-0.09018229464941763,-0.09082895365376868,0.0422298708500037,-0.053274036189198126,0.007439731575951815,-0.03719515044530167,0.13152868829192121,0.08781365380592014,0.17044701568726253,-0.054172356799043475,-0.0913104774963203,0.08838887729776884,-0.11281030918589492,-0.04888539408671074,0.07460630657440896,-0.003639411538180786,0.08116156383707646,0.033140474937042676,-0.09201745594298083,-0.09362576335657082,-0.08955902636588375,0.10289961057648724,-0.027318245993815066,-0.07985042196237227,-0.11126345836208551,-0.007953589769877523,-0.10108167054546051,-0.09109739723173613,0.14702675667724155,-0.006804894895182891,0.05765057201566178,-0.06055099257485598
Np,0.04155068270329544,0.08793055167178283,0.02197724746288192,0.024300059692228055,-0.11141978542299578,0.015051762452239974,0.02350695700192935,0.03513403451169218,-0.010323132652629746,-0.06488835102494148,0.08326685252179815,-0.07606393982881554,-0.042730392034296176,-0.086059192670375,0.01578705675316036,-0.06591094841200702,-0.041252188757715906,0.015745390847892185,0.016700727300542006,-0.12781814369117836,0.10764410502181428,0.015841155256846536,0.16060340227520556,-0.03600405379337986,-0.004065969853222074,0.11369565549955293,0.020038409197262463,-0.11725501412480303,0.01386531049358992,0.06269737167108796,0.04660230809516436,0.027248609221285934,-0.04959727489812979,-0.060831893857445814,-0.04146556777422375,-0.1132047879265734,0.03766328183042577,-0.10591007474876264,0.09938605613410119,-0.004858922668022568,0.14083239428132532,-0.03707795938214917,-0.08052523553078865,0.12226759998918851,-0.176856598378982,-0.07543074075544197,-0.010210834492416372,-0.12999645782646355,0.1248417100914611,0.026784231151675546,-0.05035591512272345,-0.07512032018526588,-0.03875107931492425,-0.02265755429321106,0.005104643277010879,-0.08062175900655,-0.0884610889738042,0.046472102179057236,-0.08165611075470577,-0.05384351812927077,0.0967787270261097,0.04557117914878362,0.19890070993683062,-0.03455144948477119
Pu,0.11455286863695296,0.055498796354936215,-0.0039824057774633,0.035223497711718725,-0.14381694215875937,-0.011672724865516279,0.06927655587835292,-0.03188790702793585,0.002992460606834495,-0.027297813878340606,0.06141487177555574,-0.07946460985540113,-0.013193692208511078,-0.10824304252353802,-0.01583263510659383,-0.07802811755186699,-0.0721198653932046,0.02091038924938481,0.0015359347377311926,-0.0766903939789217,0.09440259649909277,0.06154283628610194,0.1468534729508156,-0.05484551088844407,0.014494461172747903,0.12142167610784307,-0.03340420518316652,-0.17182735615537678,-0.03551150431503368,0.04375304075437866,0.040907924778975625,0.019426568449359836,-0.02735957682215566,-0.06169197608571509,-0.0492459682375035,-0.04495922396724323,0.036227607004407726,-0.0973276927776312,0.17428157102358618,0.08343134267211491,0.13653553560194215,-0.05265727380949014,-0.12048291668110035,0.12971709798410602,-0.1324695187318128,-0.0968307050310207,-0.045790231891067616,-0.1344349567071925,0.13142399425714332,0.01205006485036016,-0.06447147323647805,-0.09636819034686474,0.0062435808629727795,-0.030661440807120785,0.015942828222974766,-0.06017119206882726,-0.05219027402849056,0.008929753803944411,-0.01483837380776818,-0.07149721587906752,0.11462389078514244,0.017835120197882418,0.14894458140994188,0.0018002714759761086
Am,0.0,0.0,0.0,0.0,0.0,0.0,0.0,0.0,0.0,0.0,0.0,0.0,0.0,0.0,0.0,0.0,0.0,0.0,0.0,0.0,0.0,0.0,0.0,0.0,0.0,0.0,0.0,0.0,0.0,0.0,0.0,0.0,0.0,0.0,0.0,0.0,0.0,0.0,0.0,0.0,0.0,0.0,0.0,0.0,0.0,0.0,0.0,0.0,0.0,0.0,0.0,0.0,0.0,0.0,0.0,0.0,0.0,0.0,0.0,0.0,0.0,0.0,0.0,0.0
Cm,0.0,0.0,0.0,0.0,0.0,0.0,0.0,0.0,0.0,0.0,0.0,0.0,0.0,0.0,0.0,0.0,0.0,0.0,0.0,0.0,0.0,0.0,0.0,0.0,0.0,0.0,0.0,0.0,0.0,0.0,0.0,0.0,0.0,0.0,0.0,0.0,0.0,0.0,0.0,0.0,0.0,0.0,0.0,0.0,0.0,0.0,0.0,0.0,0.0,0.0,0.0,0.0,0.0,0.0,0.0,0.0,0.0,0.0,0.0,0.0,0.0,0.0,0.0,0.0
Bk,0.0,0.0,0.0,0.0,0.0,0.0,0.0,0.0,0.0,0.0,0.0,0.0,0.0,0.0,0.0,0.0,0.0,0.0,0.0,0.0,0.0,0.0,0.0,0.0,0.0,0.0,0.0,0.0,0.0,0.0,0.0,0.0,0.0,0.0,0.0,0.0,0.0,0.0,0.0,0.0,0.0,0.0,0.0,0.0,0.0,0.0,0.0,0.0,0.0,0.0,0.0,0.0,0.0,0.0,0.0,0.0,0.0,0.0,0.0,0.0,0.0,0.0,0.0,0.0
Cf,0.0,0.0,0.0,0.0,0.0,0.0,0.0,0.0,0.0,0.0,0.0,0.0,0.0,0.0,0.0,0.0,0.0,0.0,0.0,0.0,0.0,0.0,0.0,0.0,0.0,0.0,0.0,0.0,0.0,0.0,0.0,0.0,0.0,0.0,0.0,0.0,0.0,0.0,0.0,0.0,0.0,0.0,0.0,0.0,0.0,0.0,0.0,0.0,0.0,0.0,0.0,0.0,0.0,0.0,0.0,0.0,0.0,0.0,0.0,0.0,0.0,0.0,0.0,0.0
Es,0.0,0.0,0.0,0.0,0.0,0.0,0.0,0.0,0.0,0.0,0.0,0.0,0.0,0.0,0.0,0.0,0.0,0.0,0.0,0.0,0.0,0.0,0.0,0.0,0.0,0.0,0.0,0.0,0.0,0.0,0.0,0.0,0.0,0.0,0.0,0.0,0.0,0.0,0.0,0.0,0.0,0.0,0.0,0.0,0.0,0.0,0.0,0.0,0.0,0.0,0.0,0.0,0.0,0.0,0.0,0.0,0.0,0.0,0.0,0.0,0.0,0.0,0.0,0.0
Fm,0.0,0.0,0.0,0.0,0.0,0.0,0.0,0.0,0.0,0.0,0.0,0.0,0.0,0.0,0.0,0.0,0.0,0.0,0.0,0.0,0.0,0.0,0.0,0.0,0.0,0.0,0.0,0.0,0.0,0.0,0.0,0.0,0.0,0.0,0.0,0.0,0.0,0.0,0.0,0.0,0.0,0.0,0.0,0.0,0.0,0.0,0.0,0.0,0.0,0.0,0.0,0.0,0.0,0.0,0.0,0.0,0.0,0.0,0.0,0.0,0.0,0.0,0.0,0.0
Md,0.0,0.0,0.0,0.0,0.0,0.0,0.0,0.0,0.0,0.0,0.0,0.0,0.0,0.0,0.0,0.0,0.0,0.0,0.0,0.0,0.0,0.0,0.0,0.0,0.0,0.0,0.0,0.0,0.0,0.0,0.0,0.0,0.0,0.0,0.0,0.0,0.0,0.0,0.0,0.0,0.0,0.0,0.0,0.0,0.0,0.0,0.0,0.0,0.0,0.0,0.0,0.0,0.0,0.0,0.0,0.0,0.0,0.0,0.0,0.0,0.0,0.0,0.0,0.0
No,0.0,0.0,0.0,0.0,0.0,0.0,0.0,0.0,0.0,0.0,0.0,0.0,0.0,0.0,0.0,0.0,0.0,0.0,0.0,0.0,0.0,0.0,0.0,0.0,0.0,0.0,0.0,0.0,0.0,0.0,0.0,0.0,0.0,0.0,0.0,0.0,0.0,0.0,0.0,0.0,0.0,0.0,0.0,0.0,0.0,0.0,0.0,0.0,0.0,0.0,0.0,0.0,0.0,0.0,0.0,0.0,0.0,0.0,0.0,0.0,0.0,0.0,0.0,0.0
Lr,0.0,0.0,0.0,0.0,0.0,0.0,0.0,0.0,0.0,0.0,0.0,0.0,0.0,0.0,0.0,0.0,0.0,0.0,0.0,0.0,0.0,0.0,0.0,0.0,0.0,0.0,0.0,0.0,0.0,0.0,0.0,0.0,0.0,0.0,0.0,0.0,0.0,0.0,0.0,0.0,0.0,0.0,0.0,0.0,0.0,0.0,0.0,0.0,0.0,0.0,0.0,0.0,0.0,0.0,0.0,0.0,0.0,0.0,0.0,0.0,0.0,0.0,0.0,0.0
