element,0,1,2,3,4,5,6,7,8,9,10,11,12,13,14,15,16,17,18,19,20,21,22,23,24,25,26,27,28,29,30,31,32,33,34,35,36,37,38,39,40,41,42,43,44,45,46,47,48,49,50,51,52,53,54,55,56,57,58,59,60,61,62,63
H,0.3701144896040678,0.34407035110047396,-0.3545904149680097,0.2613702068025788,0.013417830214943336,-0.23955653806242336,0.1597624628028026,-0.20704259715886508,-0.014543353572279257,0.1364253721490262,0.018405184572050932,-0.08339957982207942,-0.10525462742637787,0.08461739291838245,-0.044428177445068315,0.007181622551969032,-0.10848241875073007,-0.1196936662776297,-0.0022914451960016394,0.1796516960719589,0.07404154717599097,0.020679906006225157,0.004740088448217099,0.10903630950334557,-0.10696188638610273,0.12640894974451716,0.059265590072162776,-0.19152157028819525,-0.0849298901409914,-0.0768731860671082,0.03207699915302757,-0.003174517844770202,0.011416541427527653,0.15576924438767834,-0.021453968839477772,0.06623287690137737,0.005753448727088242,-0.007877822445091102,0.023603459316602973,0.030542728382520423,0.0013224347681775465,-0.042525070172795575,-0.004251725656660197,-0.005528289686321322,-0.051704207690105475,-0.01625386158165792,0.01605705827047886,0.003118982748392159,-0.02172288937316123,-0.06342385064800107,0.010342488821135632,0.002075852780288026,-0.0049043811895358655,0.003938324438864932,-0.020543609785939554,-0.015517242777034902,0.005305107463888983,-0.008572086400033709,-0.004836649033597244,0.006248674617888812,-0.0013594777082506448,0.0008687611048834955,-0.005708547838343338,0.018383136141664425
He,0.0,0.0,0.0,0.0,0.0,0.0,0.0,0.0,0.0,0.0,0.0,0.0,0.0,0.0,0.0,0.0,0.0,0.0,0.0,0.0,0.0,0.0,0.0,0.0,0.0,0.0,0.0,0.0,0.0,0.0,0.0,0.0,0.0,0.0,0.0,0.0,0.0,0.0,0.0,0.0,0.0,0.0,0.0,0.0,0.0,0.0,0.0,0.0,0.0,0.0,0.0,0.0,0.0,0.0,0.0,0.0,0.0,0.0,0.0,0.0,0.0,0.0,0.0,0.0
Li,-0.20300975154985976,-0.01704388108990027,-0.016414844487365455,0.2698286439608789,-0.07323388873888587,-0.13232002901360737,0.27205418810359416,-0.22117625946314154,-0.12136142864969793,-0.025845215881180397,0.013415934964084088,-0.18565730107972123,-0.14877579445458067,0.038390553568564835,0.07411290215342901,-0.01912948649637121,-0.010994884599369911,0.0473310076695948,-0.09836681340815628,-0.07366475285882215,0.03180500185217771,0.0953922439512301,0.025956732448470455,0.025111286213508936,0.008190589207981826,-0.07123595305170155,0.037499761513936615,0.18043460838961398,-0.11519071512597907,0.023357216899090465,0.026822111964100337,-0.08952720687318662,0.05063112541165662,0.021815992679061917,-0.009631766640331387,-0.014026001094990238,0.08030623887917593,0.03306134860123601,0.04150891878300226,-0.08516634329656689,0.018604394608396926,0.02659778641526267,0.030862859580638616,-0.1232544265816414,0.009365034715133945,-0.04174602033283637,-0.005945016745491506,-0.04143495700074206,0.011564716047978938,0.04422108060814992,-0.004321706478270286,0.02200561621715737,-0.003687878007349147,0.04039323863887494,0.008179663020735662,-0.012352415364460766,0.02532606678717904,0.00023382668483842568,-0.04174815100102692,-0.006586918464304046,0.02087579393790557,0.030156780596409232,0.03561149111913908,-0.027561119500817924
Be,0.0,0.0,0.0,0.0,0.0,0.0,0.0,0.0,0.0,0.0,0.0,0.0,0.0,0.0,0.0,0.0,0.0,0.0,0.0,0.0,0.0,0.0,0.0,0.0,0.0,0.0,0.0,0.0,0.0,0.0,0.0,0.0,0.0,0.0,0.0,0.0,0.0,0.0,0.0,0.0,0.0,0.0,0.0,0.0,0.0,0.0,0.0,0.0,0.0,0.0,0.0,0.0,0.0,0.0,0.0,0.0,0.0,0.0,0.0,0.0,0.0,0.0,0.0,0.0
B,0.16915520465465525,0.24817383643337923,-0.3322703363525924,0.18799573186281798,-0.042401094851731186,-0.25889618513414087,-0.10076168839902216,-0.06567993396892666,-0.23109018197318146,-0.2215639253575156,-0.3112057688623428,0.15747092293054307,0.014187843422782493,-0.28651271282987983,-0.11256177705351927,0.04640315404152965,-0.016138272411293595,-0.01319513491186175,0.005705289103049239,0.07250683786094099,-0.17154245796869827,0.019834028649923875,0.0099394807193716,-0.011486510314822661,0.03492439924841865,0.01340357849450244,-0.009470722953824506,-0.020073268194647793,-0.02755605120657837,-0.06368354230567258,-0.061679789289327575,0.11072954418470196,0.015015924228951266,-0.04217720336831549,0.017510116011950475,-0.0422451660772751,-0.0006290987512343046,-0.013112385418963582,0.0021554043458683844,0.027515529071679982,-0.049502692337512935,0.02165207337697405,-0.016237164507537045,-0.05622906359986829,0.008541331315445357,0.03861526614725667,-0.003268966700532151,0.037227755262388494,0.06437284372793702,0.024698927172394355,-0.022253489490081386,-0.038793388168595115,-0.010095718779595173,-0.006931018239945518,0.004836997289638626,-0.025102762109093832,0.009399068967587377,0.023883257152009587,-0.03707109643671692,-0.015410117375003437,0.019967017544822004,-0.016872600586222117,0.02354420784909474,0.015728604360351877
C,-0.033844218498855,0.1399621539730416,-0.3965531961495308,0.007706512428431934,0.12027650377625053,0.05463488543675375,-0.07161741740231953,-0.11635986124558438,-0.2789430711267228,-0.2224686075247681,-0.030371748998234326,0.04708953598568079,0.008834097112106904,-0.17036612094172143,0.23366776553378865,0.18508684630290198,-0.04269808271250372,0.10833806003754959,-0.05581978113312647,0.03038643481953133,0.07965309747624079,-0.1471890720819118,-0.10645864402226024,-0.19519252947886992,0.005363918843157164,0.07313543104147617,-0.03215589889368459,0.01898095803619829,0.0488473839818218,0.030879835897691835,-0.023774885879877132,-0.08586473722895259,0.07676277827451304,0.047043407206138595,0.10327791240784667,0.015975988666884617,0.02421011232142112,0.023340672314071016,-0.03896499951102376,-0.018426949880342092,0.05181343422413095,-0.06993419669085991,0.036186528672639766,0.031196414593892705,-0.009760270000681538,-0.02446241048007161,-0.01835600594343169,-0.029356971357039883,-0.03464921001574363,-0.002129855366920985,0.005343483770521199,0.005759877773987284,0.011863868759673907,-0.015553681303728846,-0.0038723804026990637,0.016888263416071254,0.010180456517768508,-0.0022678262396250777,0.024856721672290395,-0.0038770366553839493,-0.017770132536959426,0.008709320413577854,-0.031378731995751294,-0.00888243707930021
N,-0.17204452042368115,0.03329953235140638,-0.4578428852073175,0.07715991132904577,0.029752018457308255,0.004563563425523231,-0.019567388782338793,-0.046728265670537436,-0.01911285810442776,-0.13651962909669343,-0.19238987014411943,0.033537968096297964,0.14686128998050654,0.14391440510652356,0.09957272258784049,-0.19676648139733469,0.061666733473221776,0.11034938428646882,-0.001894874713897039,0.07663299128680537,0.01976814932871007,-0.16752550269407,0.12181535522519216,0.015535979013484354,-0.04490785048219214,-0.24506117461057358,-0.0802148347308592,-0.11680315709816588,-0.08771089939833042,0.1061442856717888,-0.02137077914387513,-0.06704758815916995,0.004716224761296824,-0.08492206970568368,-0.06410246579255927,0.013693315600149105,0.020390676836191574,-0.09038058797896859,0.025481084845395404,0.011562778890129338,0.008328972576037921,0.020459044353679522,-0.03161758903719115,-0.004354509509078067,-0.029973035630849566,0.010470254511850163,0.010841352945495038,-0.019488835071925645,0.007341132895591592,-0.023875321433486765,-0.013738352955952994,0.02915798869763933,-0.00836625221092362,-0.00677987790201555,0.008368039360074906,-0.0015648419611998306,-0.021803283235547064,0.005847611381703322,0.022278188327097038,0.017937645880800587,-0.021888025590845496,0.009204258172593521,0.008951704084260974,0.0025739231142381277
O,0.15636631533206508,0.3198752998369488,-0.5282782097069716,0.017743122550960957,0.15465204775990649,-0.16820921227207847,-0.024564030795570298,-0.04680985003382513,-0.02431351354055095,0.12769260303542299,0.25496410163258043,0.0971033435720399,0.02650567414630126,0.04710652089703072,0.12892168594033485,-0.0003226772109578615,0.18788651243028462,-0.02355568366432472,0.08326915746283085,-0.02685967962646467,-0.09490315974820573,0.1651024392240099,0.19330292221871512,0.07959902233742112,-0.012960208205513801,-0.10027750207949473,0.022972713706162315,0.06713348272250444,0.14126916365236755,0.09268225653418445,-0.06482492373267582,0.06310234849257756,0.07044121348676294,0.06273832921921604,0.015117401210862785,0.0073414314105965835,-0.048132010613426104,0.04368545889001323,-0.03521261248209224,-0.004426947880396134,-0.037802764289745945,-0.018900072725471725,0.015540830565154016,0.03543864530930938,0.04068609676412896,-0.03319272651508621,-0.03246969986980503,0.014106784014136689,0.00576113529791817,0.023773731906103344,0.05617808147794181,0.01321600177204117,-0.009716991431788344,-0.023839697293074166,0.004461949749558065,0.03533451305942716,0.003306950892563617,-0.007457789807511944,-0.014943106462946538,0.0006348544417225066,0.0072672841844518745,0.004461349580162124,-0.006966822680337718,-0.009146727890303812
F,0.19033341610155743,0.30119296062866796,-0.5629876681092914,-0.10610759977521594,0.004255747810898596,-0.035624653963624915,0.020044721285760736,-0.0774642732469425,0.2243540907058945,-0.12525212132119964,-0.01738515549262283,0.017145122711451122,-0.061692199310953766,0.009000340754721049,0.08427773366624976,-0.12540361936490294,0.008216755581696164,-0.2886957733752487,-0.008663204668747666,-0.12814217885662335,-0.04293227926432229,-0.0442996984582649,-0.09113602009108361,-0.12343241943401241,-0.01070319193113783,0.010819622572189425,0.0574482303868124,0.1304865023395518,0.04685098518880151,-0.042637608599549716,0.13935595652386465,0.016840245838729444,-0.07745601038304353,-0.03781338240761929,-0.05976299193461037,0.031984506399641364,-0.0046239369611932885,0.012358996675601749,0.024520216490421562,-0.022687934263387152,-0.0014451999771065058,0.012707877624508092,-0.07796982997738151,0.05129510736557881,0.04776732301205411,-0.02588239719796254,0.03494552888517683,0.003775272002308131,0.010179224996869086,-0.0016667046455994127,-0.03457839062112121,-0.011117942383855169,0.029584071421221374,0.06076217615853861,0.006312699840934334,-0.00912158257554929,-0.007490439672474175,0.0004707834133654992,0.033028018740822895,0.024350480431258897,0.02185946452320786,-0.007228878475633048,-0.005506918369985063,0.009756142755904307
Ne,0.0,0.0,0.0,0.0,0.0,0.0,0.0,0.0,0.0,0.0,0.0,0.0,0.0,0.0,0.0,0.0,0.0,0.0,0.0,0.0,0.0,0.0,0.0,0.0,0.0,0.0,0.0,0.0,0.0,0.0,0.0,0.0,0.0,0.0,0.0,0.0,0.0,0.0,0.0,0.0,0.0,0.0,0.0,0.0,0.0,0.0,0.0,0.0,0.0,0.0,0.0,0.0,0.0,0.0,0.0,0.0,0.0,0.0,0.0,0.0,0.0,0.0,0.0,0.0
Na,-0.28944709799477314,-0.2073652521830963,0.04305128223181959,0.2700167263365327,-0.05319918251085839,0.009494471546836594,0.18280766430411416,-0.138180625698142,0.018445081019671683,0.10580349270296203,0.009035606402416524,-0.06475529794597666,-0.0720248878003029,-0.005601785228841774,0.06939136246813901,0.014372460342173517,-0.0925011343562903,0.03608319387984712,0.007013350956631185,0.02747855099935798,-0.07359770280288341,0.09152968587642149,-0.073113675180331,-0.04341955951241755,0.03344718146544664,0.02274173508861797,0.09039815404261825,0.04288603615454291,-0.06005236879200751,0.14974015428696108,0.034093560233249796,-0.12375577042254063,-0.038690590366119236,-0.016204428289701055,0.05486781054295681,-0.023794820845971565,-0.09274825038625967,-0.01251499234844525,-0.009775632593669932,-0.036065237247543507,-0.05342044519747165,0.015011226536855953,-0.010150049499408283,0.013222504975867013,0.0035995002005289,0.040454093345902824,-0.010254000059266036,0.07516810628285965,0.04321673182103822,-0.05580927440956612,0.013681483901396924,-0.03353515944229014,0.02990154992105632,-0.03050719271609691,0.03606579734400526,0.015533255824091595,-0.05939122928043097,-0.0036693925467269177,0.04279496247665885,0.013475312320670615,-0.028530190995990447,-0.03421109678845343,-0.012014544729861102,0.044855707949644795
Mg,0.03497597884690548,-0.05077817406914424,0.020329317719476922,0.25794726142656355,0.12109785521198806,0.17849605339740876,-0.026935218299385836,-0.06546752488290189,-0.1127394133511075,0.08612491104982603,0.23530499956036044,0.14362211307512737,-0.048363874993221936,-0.04747188970552836,-0.10957424630644239,-0.29533359687186783,-0.15062532604066756,-0.054715791047124325,0.005001957936212502,0.04105711479085647,-0.23082615747433882,-0.1323427735323117,-0.05930878087969338,0.05788731062903808,0.09868649271503947,0.013693334995353428,0.0347313811156783,0.03299403775884965,-0.017860021701669036,-0.005296587329856198,-0.017075227480952346,-0.036145925057185994,-0.02071369322749431,0.0054906158641100326,0.032875579064804455,-0.0373403625664752,0.034446065239233034,0.009948736696914907,-0.03534149757069309,0.06558271335559071,0.06335990422005257,0.009762226112817223,0.05743621366170518,0.06778799298478487,-0.06067348597994213,-0.04043063419301885,-0.02453895843962587,-0.018811425871747424,0.024555882251584702,0.021420613264469937,-0.010070534242738769,-0.005376769570272274,-0.01787559033647509,-0.028593924331830237,-0.014348728357878562,0.027868443632712923,0.007190195499944745,-0.03351490192068443,0.010133445292311204,-0.008369792886628733,0.02810965798525137,0.023790415288929657,-0.002123811500237615,-0.03377178070894024
Al,-0.0984682722248601,0.01780305718764869,-0.06988348603633772,-0.0032874610233614068,-0.4325615566944709,-0.15670794291785967,-0.13418193564700753,0.11375342644538648,-0.1295038805522424,0.03719907187265207,-0.004450311093179675,0.0060990870942635176,-0.17503646113621668,0.06279186674614967,-0.08502564894650835,-0.06853172524813717,-0.09460641970885318,0.11580095444415324,0.08731149184490027,-0.10275662542232931,-0.08023886921301243,-0.018357703265670464,0.08410180254962653,-0.06217706515840036,-0.00518730450513268,0.07450362685479578,-0.009120549357110609,-0.009731991317391442,0.0777697248573445,0.05697299318487341,0.057500403394509673,0.019781434568627253,-0.020113265963759817,-0.004082281775938691,0.03459455792414089,0.0394873571169946,-0.06300734585621946,-0.05201161973108635,0.04844360367094788,-0.05389234831319454,0.0585795359489801,0.052703946531281506,-0.06006174189717917,-0.0355446496489056,0.00259883315765247,-0.02432006432979864,0.059356527487346454,0.005124103502519533,-0.029899357211696242,-0.02591750765467153,-0.03605985380818452,0.06952934407549319,0.01851655184637739,-0.042273844015846995,-0.00428725494425919,0.03243843191605501,-0.00719957663610838,0.005488766640497119,-0.032607114363794605,-0.07544653613333827,0.026731349821504016,-0.0008563196939835267,-0.03208511620751473,0.018203247885851412
Si,-0.1870493723954499,0.07572328701693422,-0.09304381262463665,-0.07154234544033951,-0.005908024843957039,0.2361635385192583,-0.11721960003035697,0.03193592760010988,-0.32677730386106096,-0.11068998490974477,0.20197072739811445,-0.10014546351778314,-0.16890541159405378,0.0911986354331381,-0.0822501314176437,0.08774892334027173,-0.06393957340128277,0.03734055442928063,-0.09310243277294362,-0.014458386309137365,-0.04269984985154546,0.03438379952296453,0.03348046343896901,0.0670126018873552,-0.04255468839564618,0.031023602904870006,-0.029822796705797596,-0.019384629345508865,0.06197520630336429,0.016511864208940994,0.014906460299445985,-0.04369617844542398,-0.061021037167480266,-0.06404748979141217,-0.04435079093830411,0.03903650995094296,-0.044726238087638,-0.07457036880723014,-0.02191685557579696,-0.03780050306476379,-0.09433685117763024,0.012815845058701893,-0.00956729706389903,0.01289646632643541,-0.021528893831792902,0.02803679669363292,-0.019488099108728174,0.0028649824834024395,0.02415915585099644,0.012607398418124027,-0.009286452517553882,-0.08514996049906283,0.012824606194008051,0.0187797022695924,-0.005496258135727622,-0.03373155101513641,0.0864770661279024,0.02144680171377259,-0.010651777991301146,0.027143786644124028,0.013058762845186303,0.025878192328477045,0.002923674051242397,0.004362752632988752
P,-0.2844008729056068,-0.05667790897148352,-0.22732353178308076,0.09574740243502464,-0.0172388547120489,0.053549978165605285,-0.14511461519147079,-0.165748210333359,-0.0060103928424032685,0.14044934959893313,0.02408521491649781,0.04050661147470501,0.15778449344784706,0.0008576915864093915,-0.18183146574160364,-0.10328961164810754,-0.011890883518857705,0.14419293538312355,-0.04049140096944815,0.0015432384422885167,0.21582701332592724,-0.0038106712717536433,-0.013336270223396594,0.05674302462232557,0.057798104031168716,0.0386464244046953,-0.07079813935493535,-0.03877341492695174,0.0019042327306967627,-0.026543398139792375,0.10981905639683057,0.011795004428947388,0.01442363194224912,-0.00014272109252550595,-0.04310236331133611,-0.04657123376590351,-0.07855529396058257,0.02791186041921942,-0.059303867991305825,-0.020468587407629905,-0.03999850262842074,0.005924716633791514,-0.0015392297508318759,0.005142542422302309,0.03712849790350461,-0.02053910477989296,-0.035633916163428474,0.020974391040652896,0.005658675816105849,0.08048420552641317,-0.005390370446184536,0.03788362154583611,0.03405340124755162,0.034841027817028705,0.012561535024976624,-0.06751457611573249,-0.00792642248311446,-0.0057996786620834176,0.012971600826896766,0.029393092453343674,0.021108689134515288,0.02866121460070853,-0.05018650875600615,0.009732920943443895
S,-0.2733425663887259,-0.03156852455284054,-0.3256067523352794,-0.05907457772850227,0.017430633250122483,-0.026918662985789838,-0.021169281253406336,0.00520971221658736,0.07281700556487852,0.10901275235022315,0.3602544243069317,0.046228933160350504,0.10800314135971756,-0.16849719465064966,-0.07411528310697424,0.03367767021891994,0.03578841495156996,0.22900611056127856,0.0007796058832461947,-0.09317672018668811,0.058204726904270074,-0.037941462013286624,-0.03995247896211114,0.014622389863049284,0.023152806132801258,0.13143278816569431,0.03155771573481208,-0.04028559368091287,-0.05763821360975021,0.008584244881033837,-0.012016026602123303,0.00817565364794694,0.011004769138682877,-0.038608525950919695,0.02552850236783647,-0.012893643621783898,-0.007453419419702336,-0.0352308675363103,0.08576661631063835,0.011823940906555119,-0.009999776757406032,0.051046356309829614,-0.009494129005804245,-0.029749946526075228,0.05499270569512798,-0.025140300964082672,0.09631195521483113,-0.03509997260697324,0.039555891188506644,-0.012070416285608333,0.013861106491906448,-0.0047683243571408265,-0.030586417706548463,0.005992556771066202,0.002785022552936449,0.004264320883146675,0.012517012748037935,0.005610598543835811,0.03734852258145218,0.001348865293968409,-0.015245531945379497,-0.030285895487988216,0.041944422381795445,-0.019083074258314427
Cl,-0.18899744097577162,-0.03507198694822301,-0.3990245799144637,-0.29110244892593684,0.023328228830536143,0.20509844273581915,0.09490869442786119,-0.056514252327604875,0.24655316148219258,-0.06350387992483401,-0.06542304754726025,-0.06024762191149255,-0.08710545697326105,0.006559111914850122,-0.06983916500332868,-0.028034230315619326,-0.1897677528486563,0.10427416399048267,-0.04940124571314014,-0.0753111986404953,-0.08989184868536451,0.09177392591505286,0.1680280199610179,0.0009890387512583316,-0.0018668605178133377,0.024967236874925396,-0.01680236044574935,-0.09321339067255469,0.021757566352562034,-0.024833856188201706,0.0043924648641802426,-0.04095863770108485,-0.06791905639638002,0.0326581002061473,0.02637577518231822,-0.11725811480221185,0.03933820131545088,0.011387960091124649,-0.010137194989022304,-0.0583942727227595,0.04626461835565244,-0.0290854809848532,0.034777961479345414,0.03393399729091398,-0.0107924330633414,0.02899885787016199,-0.05261579492272664,0.027324882133742855,-0.06656114996591397,-0.014802660055209003,-0.017023236833448068,-0.04378491206500211,-0.04248136182423237,-0.0019789709545794992,0.015106828506370351,0.019672029138956524,-0.023162230014414666,0.0059969590223848054,-0.014420292908572104,0.0065658167835808785,-0.011250400771729134,-0.02120825742115715,0.014249052292405742,-0.02310972338490464
Ar,0.0,0.0,0.0,0.0,0.0,0.0,0.0,0.0,0.0,0.0,0.0,0.0,0.0,0.0,0.0,0.0,0.0,0.0,0.0,0.0,0.0,0.0,0.0,0.0,0.0,0.0,0.0,0.0,0.0,0.0,0.0,0.0,0.0,0.0,0.0,0.0,0.0,0.0,0.0,0.0,0.0,0.0,0.0,0.0,0.0,0.0,0.0,0.0,0.0,0.0,0.0,0.0,0.0,0.0,0.0,0.0,0.0,0.0,0.0,0.0,0.0,0.0,0.0,0.0
K,-0.3675903297785294,-0.12191409215621365,0.022518221843215426,0.1901079550392344,0.04381338709325575,0.012652529004611737,0.29508618798773306,0.004731416049596292,-0.057260043122862536,0.15035094499409637,-0.02695381911454318,-0.11344189222121559,-0.005207726604958515,-0.04921980626155803,0.012373213410200857,-0.03278568548831132,0.0018161338878893514,-0.1059980384282351,0.0624798197373637,0.10818723098900461,0.1302171625667489,-0.015719453828598864,0.07612322386751795,-0.09223433025165757,-0.07475624608466788,0.04634315805138574,-0.010234822179274645,0.03228488695820102,0.03697457840996977,0.05731568020954273,-0.06679170697376316,0.12211805747149543,-0.024346802769355917,-0.09079145981871159,-0.0012570737197763321,-0.03931144677364569,-0.03192196621784838,-0.004417257862091599,0.02310446688459583,0.004393228089112624,-0.04275297766930849,-0.01210153861714348,0.1129247913120325,0.05775164157096255,0.0496264679613344,0.04355281977466713,0.05702806752139728,-0.0797650066372714,-0.013329796728551516,0.020579753344239192,-0.10851386425436624,-0.013626600005429196,0.0019525546998723918,-0.05084675238597799,-0.031055698207634954,0.0246064849080513,0.011023551501197772,0.02042453747999276,-0.02379419163369858,0.04341799896782057,0.02022078237954458,-0.00854853550119603,-0.01790293590212708,0.007830912407515996
Ca,-0.12961115156059205,-0.31856940564257213,0.14370620182267457,0.12213135597373684,0.1113507275490822,0.05060020961950239,0.2519461130407778,0.15108936775386592,-0.09219789035789437,0.012518292703042036,-0.011176616004646724,0.1934885501443792,-0.02695643331652238,-0.042029814513709685,-0.0552116981371642,-0.07104893856991004,0.01109446018241859,-0.05144855145414101,-0.010606774865045831,-0.09971517982666499,-0.04869706679360325,-0.07623243970942886,-0.010158217300229123,0.09664170620580197,-0.04223131206524491,-0.0036985843526723666,-0.09334509700838971,0.012518664244489627,0.017353338089813746,0.07683915408630448,-0.049793907339838885,0.024819680311444135,-0.0157905137340572,0.13223162872558497,0.037769630308839036,0.06409818361420347,-0.013778883697278166,-0.028170823691557673,0.05972129680599768,0.023442383215319336,0.01614154500938427,0.012518528051991763,-0.08927594872439423,0.014531950440615742,0.049626352421824116,-0.014566163981165073,-0.10237383076389758,-0.05529720457463417,-0.03143757285819132,0.006929867340346556,-0.01499610727131324,0.017373004428965173,0.02625627922820953,0.01644472105763121,0.05027031483102633,-0.03328335085326699,0.05402770441526886,0.03702189986321651,-0.00022299939981478893,0.01620273564451577,-0.05471256544685554,-0.04451032978390656,-0.010033834202244194,0.025297362889014793
Sc,0.538929456738945,0.20711668675476178,-0.05760552508883579,0.27028560906050664,0.04188143057592426,-0.022624225439819956,0.020151282606662543,0.3607488633264864,0.13376309315358464,0.025111882170332327,0.0010358076666661638,0.07024886022900559,0.056727323449036936,0.09596810810411156,-0.09588665887179068,-0.006066796797218296,-0.03660948378619327,0.060631879783919984,-0.032980390014084766,0.10375757027138081,0.0179839777867141,-0.0006026914242491922,-0.09570496230697509,-0.02850906921692156,-0.041681547291350124,-0.012216916659568164,0.0197601883086733,0.09602517130981245,-0.019049925687461926,0.03677410967222794,-0.09354195169631377,-0.04598831042050145,-0.07383182299574628,0.01396088767912762,0.07173717253685355,-0.0888781513931918,0.042994809668538476,0.0039007738301605845,-0.03266796059675125,0.009432856680225993,-0.0688688981601202,-0.024086357504955098,-0.01684126429114954,0.025597879694882874,0.01778844379372356,-0.041456984023017396,0.08047803795566473,0.0036653905590802575,-0.0178528132132294,0.021884029500914264,-0.0004892791470850924,0.011979491748985506,-0.038377776010073465,0.01946609774862789,0.048217058153051086,-0.04928779432797404,-0.052872859276214754,0.044837994071127464,0.004102998726105933,-0.037290275643895116,0.01076344034632051,0.029631988611382335,0.0018523665359441424,-0.00036335500135010817
Ti,0.3859411999405964,0.41803568124588086,0.013069783198240759,0.08493168115928947,0.2188355159408421,0.10372880559211296,0.21418721398479162,0.21327965237597993,-0.15507871808056733,-0.1692067092579292,0.003538640650831935,-0.22832240604498188,0.04749431760181803,-0.013706658690461407,-0.07026585392127348,0.07614434574674828,-0.0047265332075582915,-0.013984186758369136,0.11410391111125953,-0.09556820782339719,-0.006634330911770824,-0.05506660542686802,0.013502778454036588,-0.03072775413786066,0.037647006007900205,-0.04508493457896175,0.027351970121596406,-0.06387091624477356,-0.011435788862164644,0.032601007061628454,0.0381780413889305,-0.01184434538285805,-0.06729385018157175,0.038965363132563026,-0.04757206528734673,0.061196178806018145,-0.04798212244099576,0.08991287129450269,-0.031860543991537656,0.026275353238852106,-2.510989685576708e-05,0.11446730658570135,0.04898588817801018,0.005039020338604891,0.01938086096772705,0.011077890820711759,0.00600413804788698,0.03895199222509396,-0.01161181070637197,0.0646598485224377,0.011955652510219381,0.02199355034064287,-0.03530175986739059,-0.01814400446318128,-0.02798717944924438,-0.03904260864776838,0.004760993310785974,-0.05107580199339523,0.03242008258995698,-0.03299965166830159,-0.03120656237846962,-0.0014820602842093493,0.043403037705525456,0.013597669390126969
V,0.06555786389057223,0.34240435360181126,0.18945782693573363,-0.010453994343994015,-0.21722739963024107,0.07415709183262387,0.013107043738316346,-0.15040897290262814,-0.08800752493424446,0.008763236342834657,-0.05530876793305362,-0.08950142829130527,0.08185133427838545,0.09034072433583004,-0.03396407585121053,-0.15496240265153996,0.056896380745774994,0.082889715538419,0.03822333884248086,-0.0806131514347496,0.015411864573559326,-0.13883754237435655,-0.1251529856281986,-0.05348980888328304,-0.06915218036187976,-0.01954775564197957,0.0967508377035369,-0.006234631412954055,0.149196941718828,0.0708940237622468,0.01249935761146261,0.0886724003884424,-0.050373740419581606,0.07719524651436628,-0.021014521808862884,-0.032305849112288086,0.0162589136453715,0.033143372587024475,-0.026589194973475856,-0.01645707429417397,-0.015031405145228131,-0.06649055768580338,0.04705963639985316,-0.08283537006872066,-0.04812622287535985,0.06186988874530011,-0.05115658075802113,-0.03805955374124905,-0.023521065553776206,0.015169003699759558,0.034509295938972354,-0.017812992690583503,-0.03200848862189905,0.023144943835393086,0.0384494747306378,-0.01559316312332122,-0.02723567632529539,0.029116515995140774,-0.00809971270329999,-0.002588159561839312,0.036439357606326606,-0.02615132239989016,-0.011115262598727998,0.007449673000955371
Cr,0.3254995953372189,0.45720094108452836,0.08115234943738019,-0.15091520541202091,-0.2131290379545337,0.0485400419337703,0.20520531170125356,-0.06295689500921274,-0.036357344776448655,0.1944229707430166,0.06752553107399813,0.0065282528249225895,0.08580704513441356,-0.032034492527214485,-0.04198437824684598,0.11671106131386412,0.0923015204122942,-0.028431368738204527,0.032878059405605925,0.0415242501046312,-0.08882059083544236,-0.0017152457158136922,-0.022109625230495443,-0.06131564731747928,-0.06026734212187661,-0.022887592790607633,-0.10540790516834006,0.04195699622196827,-0.007570530666601016,0.0193715478650327,0.08801557328166554,-0.01656820316501706,0.01824733417213374,-0.017773682543504223,0.042087771529530346,-0.05664538885439791,0.012714549564894448,-0.08872093665568853,-0.045691635542596185,0.025485238539531118,-0.04857026230884826,0.024423339797705515,-0.06538930273669771,-0.01008170505831591,-0.047367278531603454,0.012327978062086254,-0.05304950428439472,-0.025393545322363233,0.013054482057603352,-0.026203109309327198,-0.011880065320918058,-0.03930496705604049,0.01886069101436187,-0.008514112784054027,-0.08162559953132222,-0.03204817505959348,-0.02243896702510583,0.01488186013682147,0.0450017944479664,0.00033909649106753136,0.005919444602090917,-0.023879318948116582,0.014408481880052738,-0.053665851192338875
Mn,0.20767319393109565,0.41796014875689436,0.06241871370847144,-0.2920869157153126,-0.1097698177663046,0.2023226102509748,0.17985454238835877,0.053682365777114986,0.03237551345531838,-0.028333324408439952,-0.05222121341443753,0.03759843919639065,-0.07207511256108687,-0.02093146354658741,-0.05782071760937748,-0.04876538741289081,0.10708173986424727,-0.06390158238974626,-0.07079456869147074,0.17296045037926658,0.0730420797682152,-0.002761414329616852,-0.02503289687127017,0.12039113978436748,0.08544839243354914,-0.07827715884129297,0.09562393875184268,0.03978245144269853,-0.028095268851573388,0.02473848936396108,-0.014120224138417405,-0.03332514080605104,0.08039108412364561,-0.03455450544583901,0.10593819815081297,0.029073211049740255,-0.04960163129414418,-0.0966012766451355,0.07115226547161241,0.01594455370796476,0.06699417709829245,0.022051642274098292,0.018573400722891743,-0.031991270425177985,0.050896012763257815,0.024529535747902585,-0.008129994976622852,0.030917256945122092,-0.059237492539085335,-0.001653398219076092,0.012621340293039554,-0.004193068388163669,0.003762987133656511,-0.020060021672542432,-0.012484660612096297,-0.002343767900044969,0.023470502882415062,-0.0016535153924252782,0.025938231039847562,-0.02036812129485185,0.055801596476337346,0.00893583660916772,-0.020015388397436395,-0.0024709216989113286
Fe,0.20239619574705706,0.434360434199309,0.15702526061667776,-0.1102464538757637,-0.06753516228136712,0.043255986774266404,0.24940806220687034,0.0817164518171296,-0.07205354885087124,-0.08164427388077487,-0.05301230764842063,0.09407954785146733,-0.01854831382350074,0.06958439947808313,0.19228708194735192,-0.041513402126794094,0.10308395984110107,0.09345099832553043,0.026170865457351422,0.02894218999518709,-0.07631227571216627,0.13828414675439551,-0.14490150396103785,0.09681096006823808,0.07788578992905804,0.12350611624563239,-0.10031876376733935,-0.0583451034994549,-0.059874498186501125,0.021591367499924814,0.009702598901064929,0.001208314243964487,-0.009011360589407314,-0.008581276863079886,-0.06820275373315102,-0.10430820368147836,0.04972306207996589,-0.012759083238840356,-0.039619848202706164,-0.08629961284346427,0.061705011538714175,-0.014750561254126712,-0.0039802572671570864,0.06840925919374556,0.023854810903259145,0.03162122158286997,0.030169185440150972,0.041624423939867566,0.013013801776450671,0.0487082424543637,-0.017299590571839846,0.055678794450493535,0.021620862916179907,0.012222136386488445,-0.025175305829130034,0.0038787188869600663,0.032278268524101754,-0.000398241607314031,-0.019560787205078884,0.01606134354543952,-0.014688878471589038,-0.003752360625198829,-0.020632831999242655,0.023652685474618698
Co,0.12512530176780562,0.3396016877634988,0.04791950307194839,-0.060302265690832996,-0.215844459475869,0.1530136508163952,0.10623857220033985,-0.016433970433045595,-0.09717913125647873,0.21271520293644963,-0.13777339115301046,0.1981431269860423,0.1748237075058209,-0.07158056135494259,0.07649061473669673,0.08246249535316491,-0.20496481051765403,-0.05799557201263622,0.14426204022924266,-0.13824305916194782,0.11855330375505978,0.04050450245852306,0.006691385601542129,0.10902718016179874,0.05041898212251134,-0.03639970158568494,0.037809027041202314,-0.018742440257017323,0.021938726772477032,-0.040531454192718475,-0.0014348915242616022,-0.08157705440299488,-0.01817707443098434,-0.02715001620030152,-0.11224406543557207,0.06512951320469842,-0.011942441844179452,-0.0027157379625913714,-0.0687817625521553,0.01927784233962704,0.021783624601182574,-0.07173838357856838,0.004733663405788593,-0.017956139516442433,0.03133659470801747,-0.03263877084335971,0.0015681631774680242,-0.017481680548902274,0.05782018888977029,0.0016882834102944183,-0.06495353374883962,0.0009915482436506167,-0.017998614833865355,-0.038811352576470955,0.03433728385054428,0.05285130724469304,-0.003152353640529924,0.02438046805194415,0.007620958906731243,-0.02926704663155505,-0.01088597576961915,0.016486984631211635,0.02149895902350273,-0.010518540226819176
Ni,0.07222191439502525,0.3456777663697972,0.07196188487568375,-0.1485753336812167,0.24731434374264225,0.08218263967717765,0.03885562060773485,-0.01938932186529436,-0.10347371010061845,0.19150756279807166,-0.17721811170317212,0.22561246596362564,0.21149293232490252,0.054560730355096204,-0.13395618722119823,-0.016863550323470172,0.04145337579934659,-0.1293087158221225,-0.12747037740850192,-0.07022064233359017,-0.004543435125869591,0.054868464972329514,0.04632407727585459,-0.13103817752365435,0.03806831568367587,0.12308048318183977,0.0724790130277226,-0.0275409038247674,0.030167330440843732,-0.023741233998605858,-0.027523324949190086,-0.06764776948557061,0.09797418089524593,-0.044484741132370983,-0.00461737611182048,-0.03403111939642711,0.0165316711300688,0.022288056651936217,0.0939116533178374,-0.058528177828924756,-0.028511529260074355,0.11020886258563756,0.019800052521913206,-0.04122831407992895,-0.06673247618852297,-0.016615929134162814,-0.001238175680642097,-0.020528380586101323,-0.017802851407282765,-0.02476538962217198,0.024457245526077157,0.030391834247877076,-0.011457848699277042,-0.008423989174574494,0.04131337649277123,0.008414728685075153,0.0069486111131152675,-0.025780735232907876,-0.014159722018607669,0.03145703423305582,-0.01851010371288598,-0.0010690206070935514,-0.020239969427248972,0.000546417396059415
Cu,-0.10058906042358758,0.18055442287598938,0.1584065083455571,-0.16246862712458024,0.005558872272314338,0.1760544889559608,0.12469307113677684,-0.018918520282466236,-0.07112335335356051,0.140670488714872,-0.01919108050374071,0.23997090197194673,0.05105234926480468,0.004502138769574492,0.12252913576063588,0.0712303640001042,-0.02368906354707076,0.1791988088492394,-0.18016948156068918,0.07186471356940013,-0.03262168945139733,-0.023883102657364246,0.17057429032446125,-0.05014013738624922,0.017986509226785675,0.014239711881023565,0.0687190637448618,0.10490796861739456,-0.07623529703269431,-0.026295654661267456,0.033536289980844305,0.13362995283314189,-0.08357564286368331,0.05505236844082179,-0.01912043529499885,0.09363238237713259,0.002530900946119744,-0.00832527105915387,-0.05225370986658485,0.037906612463700466,0.0026053089143251813,-0.02308187502636593,-0.017611639053876253,0.0373712963913469,-0.005286901701922322,0.0013734356115717476,0.04935584062752619,-0.026437844050405276,-0.00635533523349033,-0.03021784944948144,0.0206539550600392,-0.03204581919292205,0.02309197750247613,0.0619262584228537,0.015209307148872296,-0.03335994704931032,-0.03288982038007418,-0.036688832638276755,-0.04067748515043623,-0.01750271321746361,-0.0020443247842614107,0.010727753970352286,0.014176512857638914,0.017716092210304565
Zn,-0.22227101882795536,0.11980433079479691,0.21533001775183322,-0.1254316619044902,-0.18874633910638106,-0.17024768131313334,0.06517045496138985,0.10473251290403421,-0.0313618932912569,-0.1182598629984161,0.05755051034814716,-0.06115040088150755,0.233323840926475,-0.06860399626767127,0.042126798238347814,-0.07796545651474023,-0.15975367705662075,-0.10085365744821045,-0.07904049783317264,0.06527328006945457,-0.08032907719498439,-0.004686560281947785,-0.043814492788654326,0.023237506925345725,-0.03169758290600124,-0.034960361867742304,-0.05897520817156498,-0.05408364252312881,0.017163203573325275,0.05336832258976113,-0.01930977778891586,0.11028508299359896,-0.07175485253756668,-0.01644384683018152,0.005998175058430185,-0.06227021650917023,-0.08441943315089778,0.0626084398136944,0.05841254953072711,-0.07756908313422604,-0.0075304461004811335,-0.05640330340465797,0.020347860266309966,-0.07423955062080077,0.007180079689824809,-0.05074181994664041,0.014756128690082127,-0.025069754026802026,0.018973241886404472,-0.03567955391720123,0.07542172175794133,-0.012133324980177959,0.05927619283002402,0.004463207901285786,-0.00906617159211482,0.02414808225579933,0.0074856781925415235,-0.05058528983707281,0.023495577849346753,0.013043845115323914,-0.04579381345931083,0.026944837434351363,0.014286205032636612,-0.019144147694678735
Ga,-0.059638330994158446,0.025810542598309057,-0.08608248801881593,-0.017439570410299716,-0.4435764342868701,-0.06503404006099393,-0.05317221362318937,0.2029313076421506,-0.20616508773759903,0.010038881790562932,-0.09428660762776996,-0.0995266185636683,-0.061760242635387846,0.10671618517639368,-0.07975017771397887,0.0071801683309322215,0.028901527716699404,-0.017861118992043318,0.020336957624453884,-0.1335610683210614,-0.02048437526327769,-0.05495456550579774,0.05282068774549624,-0.010878027758485124,0.022853733557069156,0.096304184015143,-0.027507916045919945,0.053280363606304094,-0.08428848255435821,0.03127016279326265,-0.02156601158783583,-0.01658935784038911,0.08039914648509902,-0.038010797966598925,0.021734418218925012,0.028019239939652503,0.011315852668729807,0.08425478624335399,-0.019891031781272207,0.13073475971168383,0.05651877763336652,-0.02891076293458552,0.033623318187339865,0.04538027536104732,0.005145489173028922,-0.005216308549777969,0.007491145673493804,0.035804378176988665,-0.013005616848641743,-0.018088414991607158,0.04605511670277213,0.018621062525881332,-0.0014460010549482549,0.029763965176443162,-0.020004284870434444,-0.0056837353368350265,-0.026297680320633905,-0.011630843669278504,-0.017609538843851982,0.08634997580808272,0.0031935821354025407,-0.025335183813000775,-0.004360645142703373,-0.004879585823932823
Ge,-0.285225635897619,0.020974790482547915,-0.03213900063809008,-0.07588012304663962,0.14587322635548544,0.16524332335397252,-0.060433320384787104,0.08291500200965392,-0.3049604075622437,-0.03684715915993319,0.04012883358246722,-0.10303716758231182,-0.0812750846799012,0.15685266075906684,-0.15571206040652386,0.09267920475059638,0.00424616625074814,-0.09510231312107731,-0.12216531099080381,-0.039230486218053,0.03617359682846367,0.06833820730298615,-0.08050773211133548,-0.025183521860819423,-0.07130613934552121,-0.07938826768878719,-0.01708600124523072,-0.002698111571121494,0.003312774723066324,-0.030760860511764177,-0.0021780978361193694,0.05688718110450685,0.007327681217287137,0.012155655919236721,0.02927350443978271,0.005591961438784486,0.07795754475118616,-0.03383940748879184,0.0020381640197603967,0.004235157718712345,-0.02331430119026061,-0.0047437547388026295,-0.03612501609857557,0.03250651756695233,0.027521478309868733,0.01652402524659574,-0.0011002359127490913,0.006056873029324001,-0.0020905798998987458,-0.039813299536157566,-0.037185493685375264,0.037836875224723544,0.016144166003529633,-0.0225024837919357,0.05378159952934588,0.06569256852689302,-0.06517129829317338,-0.0056826994779439,0.0018730172235668033,0.006249658643712808,-0.009127460792909164,0.047009186530434656,0.03996325754409886,0.011549763331171477
As,-0.38463580001873593,-0.05375495702457599,-0.04820043331073732,0.03843504915498832,-0.04079939595976821,-0.03277951186215853,-0.03352348789657611,-0.016573898538266962,-0.10494238639192362,-0.001974705659328655,-0.17609753098793574,-0.15821813892232464,0.17339069708702876,0.05259029727433346,-0.14612593122866088,-0.00014861107888029167,0.06989363186184942,0.018666103663853406,0.01284529465355641,0.019735786217389487,0.1263824037600481,0.033371094073060256,-0.0332797172006678,0.07460108661177045,0.01540290246113855,-0.06035961430447331,-0.08085830038763758,0.13085790331165806,-0.0422562170460818,-0.042436622325685215,0.12171818519220282,0.043403090755901604,-0.00762018287496853,0.043070585134590465,0.054442028574123204,-0.012984399763937669,0.007858465200977412,0.007770469150372285,0.06028678746029262,-0.0004633586826035581,0.008673866977133283,-0.04863000853824617,0.0010955738634445406,0.11148156149146682,-0.01250247035582511,-0.05028657093097781,-0.011405136520659899,0.01673529554667352,0.04891135930552139,-0.03114193051980709,0.018192704799094725,-0.025056214426352544,-0.027518877387078384,-0.011225853299375315,-0.01817066397472819,0.025434622975103488,0.01862153789116119,-0.026465723089752646,-0.007189792961285968,-0.0473031724175811,-0.02178975595432892,-0.04663851257388183,-0.005958441266213335,-0.03392609812556622
Se,-0.36931977873201205,-0.040552900328878407,-0.21452472193140715,-0.08634344469835234,-0.03749777238865201,-0.13268395525722915,0.08142435230992394,0.08988723532490314,-0.01507679871196149,0.037849579474103355,0.2375551323178064,-0.0283636511227983,0.15121907393416356,-0.0527299079511563,-0.05914347325427898,0.104085598265419,0.12338207623518979,0.026478066778709654,0.05917338416596575,-0.011923807610130052,-0.01981927110151473,-0.08103493403978676,-0.15002318499966075,0.06857750499290963,0.039463198425311055,-0.05032129971601078,0.10152048318747056,-0.001650306494293186,-0.04712044375396683,-0.03828927868745539,-0.05585188315237622,0.053361405483330654,-0.058386540297769206,-0.04039332390360581,-0.04026305958159958,-0.008058839473695015,0.08259520725796751,0.013476772835300348,0.011715319273184569,-0.035615180633894204,-0.0020407335991799876,-0.022061274775558897,-0.05401816000364669,-0.03419755740622989,-0.02574773391584661,0.011578696729883858,-0.04320418656191765,0.048047367496328604,-0.0789451122293893,-0.03254559044440385,-0.05320391340033348,-0.013498613993316345,-0.06960217910888794,0.029810931519300855,-0.04079687487303339,0.04987745018480915,0.0022432507261130777,-0.022211397447020324,-0.03601039873315802,0.009261245402827717,-0.018851888619917937,0.024878777427302413,-0.04113462135880902,0.03340012139071895
Br,-0.2930873619308828,-0.09518383568650635,-0.3157261013176536,-0.3072732479928597,0.020689810143115033,0.22083228485523354,0.14894766192922887,0.03365093829606342,0.23713392527290808,-0.01673107940260733,-0.11227454450467034,-0.015342512172048068,-0.0009386949994583567,-0.03380058387095259,-0.05288440424426068,-0.03552471790632135,-0.1351450989918275,0.009889867472465569,0.01226769504609566,-0.061299891532068766,0.031092190411912815,0.06310463906371702,-0.014481991390438945,-0.019436431308252608,-0.04047827261363371,0.01672748350664095,-0.05443912733012629,0.029638612943442517,-0.08930249309543077,0.02043659514816912,-0.10601729027545923,0.04426714721393386,-0.027834427918860476,0.010716508486334429,0.04510280805227023,0.072235860861015,0.052948527233700755,0.08617370845347821,0.040424359727525366,0.04735025974329793,-0.08605957857889157,-0.04851311366628527,0.0105726436039239,-0.029349961799384434,-0.022970928997897183,0.05129406074229607,-0.0002525218014191032,0.04184123560810372,0.006545479176726183,0.03450601996706177,0.05990162442933947,0.04847499110780733,0.034692694389999515,-0.0323539340967066,-0.031112867444076462,-0.0007064003420052852,0.04309120559567003,0.03532650809078183,0.017408214332128115,-0.023335892823244584,0.03720352688196717,0.004657425573948448,-0.004351593275685078,0.003105418000445453
Kr,-0.3926129305709427,-0.11414505743828518,-0.11619340962195425,-0.07292443173851701,-0.008628883061385184,-0.040310563341657044,0.22465627805684202,0.20139515140823233,0.04549493441403656,-0.027920888492510936,-0.058608441945892056,-0.10167347314603849,0.021619448123460738,0.25249744197705654,-0.014271678129677265,0.018408162762702743,0.1573923202532168,0.015133934062178979,0.10501188955499983,0.003498700946857301,-0.02226983736915357,-0.055278706107250525,0.03215512248533791,-0.04533668279339373,0.011387146281048945,0.027373597574474745,0.002112700176348483,-0.0751823532990359,0.0365791662747481,-0.15253294024455566,-0.09282513393196008,-0.05325380841000859,0.03303102205168932,0.0485054724358893,0.04311285473223048,-0.03544422099744546,-0.08473718788393453,0.0293909335948451,-0.12320179888158346,-0.03585997791032285,0.04939928393638985,0.033737401953138645,-0.015555304401542144,-0.025369480920636765,0.0008565098238674468,-0.025338788659136247,0.04565716932308213,-0.053787621695638894,0.048710947559809675,-0.0440312499835735,0.018921144305573786,-0.060015834004496775,0.025560577893364213,0.007134131118767731,0.025276249557845274,-0.005105979363570597,0.020440334610074065,0.0193041530467686,0.013549693754081823,-0.012110290100844632,0.024640107176618256,0.013649535540487942,-0.0022547229797282224,-0.01087708422441384
Rb,-0.4020138492403103,-0.1500799550860613,0.01815785990262936,0.18975655214065093,0.047111972396506385,-0.014630737814509447,0.13986303826989355,0.01176566279857518,0.04078865068825164,0.14157766466410823,-0.056269719690115544,-0.14183405160626117,-0.09163561101189681,-0.11266198339106494,0.07653957611503139,0.04278771447232271,-0.015760051459492417,-0.06050011324267377,0.03203667189157307,0.06550420218502256,0.08197710268680225,0.0009332362666556511,0.06627115555684578,-0.025281348192888745,-0.07451040143517873,0.09821013496891508,0.052624608794994886,-0.03968385055233732,0.04957353817116436,0.03826057310996613,-0.03840789544530664,0.09884283615422547,-0.01933074265267281,-0.18422270919286213,-0.01017094794436088,0.006082634218174517,0.06260033165616698,-0.020121339044066114,-0.055655852965035,0.013952080450688336,0.10534209904220776,0.05607167598318545,-0.09713934471157898,0.025715321227255904,-0.052334154572029584,-0.0008387172665041447,-0.06392366858592764,0.032401472094561255,0.002002471250807902,0.04435554846188521,0.06626617624350968,0.013248053544738606,-0.01962793630127367,0.038528263759750464,0.052439500000689115,-0.018841501927479822,0.004940037958896044,-0.022265313621058016,0.0179952716263131,-0.04369626208061408,-0.013885639121133254,0.006530633767909685,-0.00812699033135319,-0.035099812972785006
Sr,-0.255331935438087,-0.24283644537902,0.1542930053018291,0.1770321405783348,0.13148972285576585,-0.002588828039134958,0.18871630471030534,0.15335006279033253,0.022411661640440915,0.056266144326632184,-0.022874465580728323,0.08552781707321086,-0.10454359018528521,-0.10800734832673212,0.008634705344124922,-0.025548170882826973,0.08016804896127502,0.0019866457276477485,-0.03236075830820438,-0.043473261735997415,-0.05962887772673595,-0.10532490721744082,0.0629965836377364,0.02537913506099711,0.004198454418429311,-0.0028095299434612525,-0.07674833441316381,-0.09177161007036737,0.08379793098596457,-0.09420712729686531,0.07133256118831739,-0.07666970051193102,0.027870035909920543,-0.03637727166357588,0.032729680248830356,0.013558923934032975,0.042146080149439005,0.04149288726156818,0.015482188857514387,-0.03836324771620209,-0.07353046808896964,-0.11912244157765145,-0.08153481236140694,-0.02089607251692602,-0.0031848872393817206,0.008865641476981885,0.015331948049601304,0.010795177083719906,0.01402331911980885,0.027839852604837904,0.0063268939228800945,0.0371095315329267,0.050351209446419826,-0.009525156680251126,-0.05409776569089534,0.009389909143311757,-0.04882349507955912,-0.041896551622305586,-0.028915658163603978,0.009001444455044798,0.04446012813549601,0.01993744895802319,0.016071943903903676,-0.019077784402930665
Y,0.5319153637183978,0.08849680692237953,-0.01809715463447114,0.10526690872904587,0.06734343897586884,-0.0910103593329996,-0.003112775880686892,0.2814453369802054,0.2324394004748394,0.06194280397429139,-0.14094314920281953,-0.06662224787743164,-0.040622208691400555,0.03126687763821821,-0.014927554769279809,0.15153902234248962,-0.09863744793267072,0.19397802581206458,-0.07871429940928583,0.07874504022087113,-0.04062347503129764,0.012388718030388447,-0.0593622606824208,0.03889113196281981,-0.09021538686374622,-0.0009516459940092217,0.0016405197050480913,0.02703779785204258,0.1390838100645772,0.06408297799476047,0.08259650970401433,-0.033726372091921974,0.06569663314017705,-0.051353974608127004,-0.07112828253024008,-0.006635701810735086,0.02269894435401173,-0.00929377684192138,0.045003191439959046,0.06438900721201174,-0.01875460999249896,-0.050867300050581016,-0.0015253749494126441,-0.020158061350115546,0.019323328687847478,-0.06100624917299462,-0.033109786495138536,-0.006401698447757945,-0.001064294380383174,-0.004664940583965575,0.002526377387500921,-0.02444874305969406,-0.010260066050222167,-0.024795905872831446,0.03326155160395362,0.027971616263090828,0.051769095024770416,-0.05597449660413961,-0.00025297851010418947,0.03145367429136422,0.02220350951755621,-0.007580115183863916,-0.009014365687617674,0.013392585940468799
Zr,0.27051341659401545,0.20311058689910932,0.016705350560672065,0.25162248197632425,0.04694295572655592,0.052342353668303566,-0.13748652580643533,0.1923767026343805,0.1968746808580347,0.1516716042032115,0.047614347686212664,-0.18482225073710815,0.07395814465569744,0.0018767360878851572,0.12380291083154808,0.06206741080871904,-0.043221936484313064,-0.060605802446753634,-0.03651711668637159,-0.09428477379157378,0.08370232344977957,-0.1126103999560753,0.08024722821509614,-0.03593636835810225,0.2433449225844036,-0.022178008016905944,-0.027765135347473498,-0.008633604838722414,-0.0012955353777457915,0.008342217949218569,-0.012234169322013107,0.020027537294091128,-0.04713956503807915,0.06014050164055902,0.08874840027869915,0.05719265682015971,0.04099388492191527,-0.07928099628325577,0.015586755725007907,-0.04293276006475599,-0.00016686494043283303,0.001209527908370322,-0.020291229659760792,-0.047188043326474534,-0.0835401282461044,0.033076501250970655,0.007959425730312381,0.006925846601346816,0.03918337235710479,0.03176738179114388,-0.000955017460663272,-0.02358703941671355,0.012198844057059404,-0.00845749044787304,-0.029244972634282492,0.022131708142599897,0.016623864018347628,0.021503936315756908,-0.022322794846494035,0.04545077160435425,-0.0002533080857671065,-0.014512034250468299,-0.003642608803155416,0.019000720045721096
Nb,0.04244629261173903,0.23523389819877388,0.16445048637610132,0.1846687865632535,-0.07952732802446405,0.21283148780067898,-0.18256277246709984,-0.17307727130807174,0.09135529893703563,0.030000525246133843,-0.10000444256781625,-0.14726109374423635,0.050989983499656714,-0.008582832053602647,0.1244495796804864,-0.07172146971659074,0.12672779756061503,0.05000460091369618,-0.0732283522539582,-0.11305695552546917,-0.055356291814774514,-0.07882193588062084,0.014664639325474052,0.07979939269500674,-0.11591922635018581,0.08453548792985002,0.08136636980778654,-0.0083343199357214,0.07740342016489535,-0.06127007515957099,-0.10099736894571808,-0.030581937793483203,-0.032556965575861976,0.02633437200959466,-0.007136429286925499,0.00010587594695533039,0.03040460448332095,-0.04879047033534184,0.06702194031224219,0.040959123907484116,0.00645580366681365,0.004294662006579198,0.021074985002514014,0.0029469714927088265,0.13264245091201257,0.07347658616349498,0.013289162976893648,0.050492763841976,0.03865635140020894,-0.04468820787874136,-0.004735503124694191,0.001078703211766788,-0.0015663541235329944,-0.01519997659382337,-0.027741181611037415,-0.03178934219980452,-0.004771912115947569,-0.050317706124135615,-0.01100496649549801,-0.004715527221296947,-0.025090372517977497,0.020067572873410447,-0.0009990218324032916,-0.025310863202860114
Mo,0.10961409835927315,0.28946278894455396,0.1966825184380074,0.05625356303027273,0.056299747025819295,-0.04680526891918322,-0.19624723428429927,-0.15514130186702413,0.159423191712673,0.2469480878058591,-0.018320098222914107,-0.017410373283865438,-0.033353775861777055,-0.11824527556984898,-0.039341697307443274,0.06809924761899047,0.07225598913831313,-0.03113921047890397,0.028648456337215703,-0.08499564314777983,-0.08529917327379241,-0.005329309916497604,-0.04428515031094745,-0.09026865839284122,-0.1080439873738066,-0.042283031214697446,-0.16955288805890603,-0.03783016688180327,-0.18637262243432792,0.031494187787911916,-0.025706550314984894,-0.04759340163247377,-0.033258696255178424,-0.025841358130671663,0.05468672843042929,0.0035283330355148795,-0.10328810202373255,0.05642089742436696,-0.03614608397577751,-0.00039735850454329435,0.05761427882203985,-0.022215501749785538,-0.03239504236027811,0.0002292621300003441,0.06956608754154842,0.01325885259017629,-0.0324863161142698,-0.027438517182490255,-0.04995445164780476,-0.009563137755133493,0.004625793104648963,-0.014258624985652649,-0.038873730128571614,0.006165423135170566,0.02254975714906272,0.01363632012813912,0.020127571333352058,0.012359457796209967,-0.030391372277213124,0.01947095851616476,0.018092847744130714,0.04483981089179313,0.01634663563968824,0.012234296854812358
Tc,0.038000929186661286,0.386191799794462,0.130346350573128,-0.09574442849057936,0.07060680775895803,-0.05002492798828167,-0.10873332428188479,-0.1426411182254655,0.08964542855430532,0.06624311439338167,-0.09214708601008173,-0.08242721333988455,-0.25523519676919043,-0.13773582657666758,-0.16391572481685288,-0.0295389985134794,0.058879960262696374,0.043173454659950865,-0.05647692846588404,0.03490567921147909,0.07313085887224006,-0.08305855386871332,0.009095357961553335,0.051440109037393336,0.11167546074023071,-0.08803468280639551,0.060936776833842625,-0.030380597470744838,0.023524548200052956,-0.023275920483335755,-0.06510703002606337,0.03712243431731287,-0.006364842596524804,-0.04742467786596627,0.02752385398771488,0.004312659369594323,0.023551318328568785,0.018799346352309065,-0.10504619664092038,-0.05238635430693562,0.0018383728144601476,-0.005204954491275082,0.03199788259674695,-0.007054772087693889,0.05746335114509959,-0.09881477790804316,-0.01873019624006203,0.007346904021064268,-0.032000281945184283,-0.0015263492731571581,-0.007675331239105758,-0.014757427255263241,0.08955163306399597,0.007884557369737224,-0.004424234296857869,0.029505451540139303,-0.013485815042027694,-0.00045674778937909954,0.010005690344819672,-0.009522704548225123,-0.030892345358787588,-0.047156178212594706,0.022302189874880776,0.029009302878078857
Ru,-0.06174034278170467,0.2901184137061994,0.16488563211182303,-0.14090713568233593,0.2845340063632622,-0.21836828048367204,-0.10278412779340908,-0.0431958231836811,0.007839931306339079,0.09029370429023473,-0.0767033412185131,-0.014655123265013304,-0.18180528306763286,0.21898166612656692,0.13918938960238333,-0.1357679385749827,-0.0018154913272976207,0.06298664687473417,-0.03663166590362738,-0.0278628773515104,-0.0013451327364335545,-0.046796305067512804,-0.11921133889896177,0.012616704956101074,0.06709020615670978,0.11356489402317989,-0.08890736480778297,-0.025430634049710656,-0.02584404296105848,0.010622243620553268,0.02701984088788544,0.09258805188263587,0.023802335864488256,-0.05649282295148853,-0.005669095034891998,0.05961907825348737,-0.004312084903252237,-0.027891061790922725,-0.0011972004304993868,0.015563071777624764,-0.09624440318946886,0.03280256325564632,0.037004403629691304,0.022947097549188965,-0.00835618638360372,-0.010741712070528356,-0.024167587574413785,0.011396457971543627,0.028614767331642286,-0.011870110352668358,0.05618928641591502,-0.008001929779217425,-0.034705119776797085,-0.014266106039608654,-0.010600398460239559,0.04595752581845648,-0.01111555954177483,0.06130619965205275,-0.0002967779760348788,-0.024274350236332846,-0.020617971783795257,0.0310198878933782,0.005080325612309836,-0.009846093858854325
Rh,-0.20458452402879396,0.1841530423015076,0.15558202568649454,-0.1767422991998881,0.1451358457224944,-0.062337825118587396,-0.10846307601561923,0.04907162773082893,-0.09354158524544426,0.07415263456329356,0.024533891534249504,0.07717282198958446,-0.14591764611214927,-0.029103495159955018,0.15737363849981917,0.039319800191399155,-0.19330991752899715,0.0010977477857714597,0.200726931826107,-0.1150987969163392,0.09943672961200992,-0.09259356623532239,-0.08857767127429543,0.11759360858349681,-0.11713636554504114,-0.11940440185906274,0.0610835036600354,-0.014441299237800246,-0.024725106635943257,-0.028132832178969617,-0.0643278396931371,-0.02182095376326117,0.10536709457125058,-0.002856496709563939,-0.004898922971050597,-0.07303350513565109,-0.010359669646125516,0.02587744031265909,0.08328561219087177,-0.015566417745842089,-0.04716186742297346,0.058348439534285645,-0.021810371339942198,0.05688533731519997,-0.0298173609035416,-0.0033786563479752483,0.02843414759719034,0.0038101226873540313,-0.030128140824969486,0.01537909570036388,0.021354277539422987,-0.047059722452867284,0.039057546560732494,0.03069760281713121,-0.00946355192798894,-0.037819479387884214,-0.03448987028977726,-0.008745657140713358,-0.019325003347891525,0.003441383316803827,0.028035824105906847,-0.028693750808233706,0.0028903113479220813,-0.009687358419741573
Pd,-0.30852228962520994,0.07910227055466511,0.2092196356261042,0.003262421246213187,0.05931314102144323,-0.2028986908803152,-0.12490665044266873,-0.02107043919678874,0.04067884774572062,0.0406191302186839,-0.09623512948703869,-0.09322930688544664,0.07686030947584957,-0.10765429502059747,-0.053124878171966206,0.012840202813927334,-0.044614611439955515,-0.023728147247729744,-0.06636540454102038,0.04071442972383989,0.00513415371758727,-0.004970599800031716,0.05539080972547067,0.026440492296096203,0.08695768433474345,0.011753178650331556,-0.0754818718619795,0.057232992992742135,0.09921501080778353,0.07704686408042266,-0.09016253410830453,-0.08231421255806132,0.017507958758033928,0.0699805445825605,-0.08543332341094534,0.007321943676699591,0.035817791943384705,0.06571479130463,0.037287376172081436,-0.06367865696945266,0.023908759653630044,0.01822497261120052,-0.02945633153234202,0.10267191992817702,-0.014116792074813951,0.05331758861195375,0.015301849744466085,-0.023039238957818703,0.004106458798117363,-0.08034320380904396,-0.02285393501938443,-0.008636349872279075,-0.02537357525144109,0.05328204372616607,-0.03857807574246782,-0.01990461440502133,0.03522404194308797,0.030585266786406,0.03651012363657297,-0.05805741972426477,0.0384432528315984,0.022990780380444175,0.0022353384750614922,0.012858328795034775
Ag,-0.2768592547987926,0.0932922444569487,0.2253736629084387,-0.10354439323975097,0.17646064064017858,-0.08680907898829981,-0.06547655802569513,0.020338740270645587,-0.030471734274786434,0.10542664706051115,-0.01331263337761728,0.03724605388745052,-0.14990623693900318,0.05659383857882408,-0.001931251953408024,0.04200499742343281,-0.024826258116847206,0.06872252038408463,-0.12211768362868058,0.07006979348218982,-0.03744998799137009,-0.055637345558291286,0.08775504899723285,-0.09916143074901661,-0.04294680528625135,-0.09136946017921874,0.051120240641422975,0.029052633534943532,-0.03152588962575408,-0.017746586494359767,0.0684496161574116,0.038697175813923644,0.01772121170789562,0.09810640335713944,-0.09708421323332672,-0.08019375287921929,-0.03978517183849409,0.0942494606044041,0.022275953290416053,0.06458953599691881,0.0593319141198444,0.026513162239746042,-0.06270916307970735,-0.05876219859588872,-0.0014447771636841751,0.04015732093210996,0.036623533654137085,0.04506239153698065,0.013954615026804968,0.0728399458896825,-0.04925310906744695,-0.00930175142896128,-0.030478942467862976,-0.03727723729051093,-0.047339321324174635,0.0389851511196378,0.006203676188704921,0.03088401857631143,0.055321371855453945,0.01356235355637627,-0.024220582903053303,-0.007814421230191906,-0.033614169952511014,-0.014223361188480459
Cd,-0.15768146134114083,0.1261709855617084,0.20977952746197887,-0.05729207940557061,-0.14374761799795663,-0.14078994628610603,-0.060844278470743626,0.05835865024415241,0.027146730425312335,-0.14754239923660573,0.060458610643445126,-0.184250760889769,0.16241601784560933,-0.1451522838098325,0.11432870124070928,-0.0002880146212046109,-0.0805862415300509,-0.09559616847522875,-0.24143334031373134,-0.037074009117141773,-0.07160099898965701,0.004700694973677056,0.062026243526569026,0.15784641840121064,-0.0743310266815535,-0.0037373637685346726,0.006217942757553456,0.0021831210031325048,-0.004136467819957813,-0.07253249828490525,0.00150682081862902,-0.012555492651100961,0.02753774159378674,-0.012016554813414586,0.01917436864560935,0.026664214071116545,-0.05920844543204826,-0.06054630716105944,-0.060479113804653595,0.005782638620270253,-0.0001021330313602209,0.015268972400638136,0.013482989112420518,0.039370587142908246,-0.03730208323327627,-0.0468769898848095,0.06311578838958884,0.001916048199893722,-0.06678876283326342,0.05645303096066416,-0.0015012422550917059,0.031831328832700886,-0.042477844831286755,-0.005090389310541846,0.036855682379914566,0.002723328367644957,-0.01764751277303527,0.05944114595446811,0.014370264781521877,0.03503314280274646,0.009448104997451925,-0.014070695165373221,-0.015378626709768665,-0.009058874051819949
In,-0.08444522070877288,-0.09791621604609291,-0.05930734870273008,0.16298876194643536,-0.27785601263159887,0.007580573874958583,-0.23796478390446468,0.297833443743508,0.1036199893529766,0.031474063418116115,-0.05456969645696446,0.17176237880761341,-0.1598704478322422,-0.04981756380210481,0.05535678000453799,0.0005510044526768685,0.07077028143205875,-0.027880496058848524,-0.02775994440331093,0.013470461547404741,0.004364091051224052,0.016600008215869353,0.03139517951503151,0.02903969070465068,-0.026168978227823676,-0.035395885096393596,0.07038852222590912,-0.0224661618126131,-0.09992708089549628,-0.012322134111233252,0.044848439158285285,0.011269347660585651,0.02042496668273402,0.018498060487102213,-0.012915180992218916,-0.023757902245458262,0.020339101308626723,0.024788189803700067,-0.06895522577404448,-0.06127916311662884,-0.09708817167992059,0.0466499005064301,0.08875876794369751,0.022292084793013308,-0.026385644302181453,0.08872706830387575,-0.03456930045239142,-0.0677366499923042,0.002677158140492037,-0.03488907204278161,-0.015983651484727628,0.04771396624025754,-0.009954777456635762,0.06057510997427843,0.009048446008287938,0.03789231704418032,0.038776092093819575,-0.051977958186239376,0.04464613092871137,-0.002712307072209733,-0.007606208119308899,-0.029197331882303203,0.010220986002037703,-0.010785736358843171
Sn,-0.29732901708811543,-0.042533131814892516,-0.07760851329095743,0.08460458467024855,0.18261053284138296,0.20535564862799338,-0.25109170620855636,0.05753101739197375,-0.0451648023132618,0.0901322653144184,0.06289019773924874,0.060873917263490215,-0.06980507709294657,0.08401247645255577,0.01217102426760034,0.07402421608931672,0.024699490871938446,-0.1516754198546896,-0.11420979244024422,0.0016908862774331942,0.013432506951541287,0.06623616152702731,-0.09666738596577441,-0.03553518744011106,-0.02594216553212869,-0.055789636036886504,-0.046642004494456116,-0.039391708925870746,-0.012566957157371163,0.015439920020134308,-0.03811763567375273,0.033960583341305285,-0.015374869026754626,-0.012016908113190245,-0.046624300833329316,-0.006441059174492105,-0.04208407832574769,-0.024635655768886464,-0.012458408962650418,-0.08164006153226164,0.09575527432797543,-0.08724847972287834,0.010388352873390735,-0.03123460018548766,-0.008437855919554687,-0.01336521206947836,0.03723305095494264,0.006732998982923711,0.03618925912957106,-0.003764738553853286,0.029356980857283763,0.036776754903509824,-0.04795209623481837,-0.053479314990133385,-0.011561848516314,-0.07282007290949152,0.0038195079417009566,-0.04480857316814631,0.0017528491546255334,-0.015019717041433279,0.04144317857263749,-0.06455188090934277,0.00940619188674168,0.01699535049197124
Sb,-0.40086041614881424,-0.1535068918960039,-0.05284289147581027,0.05686285772371727,0.14010303913551056,0.029293224352626285,-0.1608769146101774,0.006159163242959405,0.04932033410104952,0.04287911584814573,-0.19286410081498373,0.02780313769663707,0.0738074919983017,0.018857678050336685,0.07904309483034286,0.051068624859207566,0.05937210004593762,-0.014293843294657906,0.037306303899679996,0.07958651552969893,-0.04131611196586398,0.03205998344099181,-0.10509718128519634,0.08312197881466919,-0.03310834655543017,-0.008806875013015438,0.06078776826364743,-0.0010217328617957305,0.05111378103597378,-0.04368886592904351,0.09556862209560395,-0.05111963347350847,-0.12721792756168557,0.02683488590078121,0.12169758245819559,0.040051701020579984,-0.025686987970004013,0.05474244627785536,-0.025988595455276365,0.009631887539039987,-0.024104148382396676,0.07441408702701853,0.0048749975102587145,-0.030456696477546508,0.00426776305646253,0.0036299830375167512,0.013118806959127422,0.026002892248861705,-0.023969370205760565,0.00905640797156668,-0.03814134785618413,0.025644130798868257,0.020082219585284732,-0.018209926438397524,0.018403732451452777,0.010539928654139852,0.04327364054404301,0.02433101849755529,-0.04503459991769416,0.003783337451685647,-0.023541008650234462,-0.006102625348955978,-0.014743321691658911,-0.06279565884334244
Te,-0.38941510941761154,-0.10585421747888146,-0.09944735136923098,-0.10738359355940826,0.06458810002693238,-0.15225993514763944,-0.047374266542969654,0.042391172324739795,0.07486825722009445,0.08073238252387134,0.03502870748844504,-0.07193938207040676,0.04533901541720835,-0.09618643060409315,-0.0570971987851346,0.15132742110142747,0.10763860934740531,0.02195736998747114,0.035165969866536896,0.004188696697151438,-0.17067690451101486,0.05280965527450911,-0.05276778527534613,0.10983457816961376,0.023608523622285858,-0.016285282635246583,0.01155572560495988,0.008823126696130773,0.009607416970850342,-0.0007702097252558317,0.05869632609360455,-0.01198802697692767,0.015649552979474405,-0.005764179733017046,-0.053185894618991675,0.07567844602599305,0.06413344135841506,0.00824110662778397,0.03443000231716075,0.01344267723752071,0.07351093141975407,0.0005751763199564238,0.0977287372971027,-0.001310548481595794,-0.0434580659507265,0.07426235837607156,-0.013780383485613674,-0.049722092780559314,0.03759433034005297,0.013933882322006918,0.006851584246875199,0.008896230385691192,0.07740672015469864,-0.04145531972588602,0.04076522555999567,-0.052996033241477745,-0.08343970311080517,0.04401343908990983,0.02972677504330303,0.001059521308511392,-0.0004812230531326173,0.018590301794179014,-0.018560629031374603,0.015780274945181725
I,-0.36502029964207156,-0.09182554574306599,-0.19053144813128017,-0.21886268870391454,0.06045134586237128,0.08575898519202658,0.03431275204169355,0.047959701615092325,0.2522336940031042,-0.058046462008311275,-0.04051703999169331,-0.07900679631412252,-0.1520099971447785,-0.11540894353841141,-0.007942477766088864,-0.03724715581212232,0.00949602268428724,-0.08437127513262052,-0.007293558597503307,-0.015079774241036861,0.02001453968166049,-0.04459924637760823,-0.0796811383214475,0.03441159790050393,0.010506288753090459,0.05723115733585426,-0.09256493485981447,0.1029189199967904,0.03573748982998055,0.0280882526130593,-0.002955203390420151,-0.014125567138782024,0.09274723586800213,0.059793995622178416,-0.060359498614004956,-0.06953277690346567,-0.0781581339020097,-0.08466484397973376,-0.055419036849757325,0.10597036034602243,-0.00028790456538992727,0.01567653931611402,0.028865520723458733,-0.06550888440844424,-0.05574454187373427,-0.013377711391314205,0.011634769976403865,-0.05397274450331171,0.027453659506499424,-0.0068632530413474824,-0.03306210793484992,0.005371064581072659,-0.01683284248369684,0.00986833504643681,-0.009335470032339591,-0.01638466292854235,-0.015377796613979667,-0.04877357951870867,-0.06332649842145224,-0.030931241742754054,-0.06246951203125362,0.029158247080525397,0.004382390758763624,0.024268073700735006
Xe,0.0,0.0,0.0,0.0,0.0,0.0,0.0,0.0,0.0,0.0,0.0,0.0,0.0,0.0,0.0,0.0,0.0,0.0,0.0,0.0,0.0,0.0,0.0,0.0,0.0,0.0,0.0,0.0,0.0,0.0,0.0,0.0,0.0,0.0,0.0,0.0,0.0,0.0,0.0,0.0,0.0,0.0,0.0,0.0,0.0,0.0,0.0,0.0,0.0,0.0,0.0,0.0,0.0,0.0,0.0,0.0,0.0,0.0,0.0,0.0,0.0,0.0,0.0,0.0
Cs,0.0,0.0,0.0,0.0,0.0,0.0,0.0,0.0,0.0,0.0,0.0,0.0,0.0,0.0,0.0,0.0,0.0,0.0,0.0,0.0,0.0,0.0,0.0,0.0,0.0,0.0,0.0,0.0,0.0,0.0,0.0,0.0,0.0,0.0,0.0,0.0,0.0,0.0,0.0,0.0,0.0,0.0,0.0,0.0,0.0,0.0,0.0,0.0,0.0,0.0,0.0,0.0,0.0,0.0,0.0,0.0,0.0,0.0,0.0,0.0,0.0,0.0,0.0,0.0
Ba,-0.2896735670924614,-0.2471469759910102,0.16887521448521303,0.22175484232556167,0.09217942513111968,0.0266375597023608,0.2244766393273062,0.01071491254168026,-0.00922382997360551,-0.047084509343047594,0.03678914714821259,0.14185976875214534,-0.037152358497770585,-0.052217725838917955,0.009797857101176588,-0.06056798236386133,0.03585826014077445,-0.0028035912150472155,0.030118616926856995,-0.03661535839246648,-0.03477717047532346,-0.030120531906008417,0.044506605323854406,-0.03559824288470679,0.009706371025548709,-0.03971466169666515,-0.08954699614193008,0.030994220158377682,0.06404812379461311,-0.15332449619128394,0.09083422601812169,-0.030745716818011016,0.06900033952028069,-0.061786944814463236,-0.015235366519330867,0.04405146832893336,-0.015175415454142737,-0.006228168319137467,0.017248334370595548,-0.011395040542197176,-0.027365960408119647,-0.04269834736287675,0.09039420649090626,-0.0329380142191584,0.035417879878881536,0.000770172066568472,0.031236670360696814,0.07961294793844217,-0.059794305640299514,-0.04486478127580353,0.04030942830366282,-0.039422586880650284,-0.07721024177995504,0.02692810905453192,0.005804559578025093,-0.01016679522623929,-0.0005530526426930602,0.03661873933311448,0.031304663445969466,-0.01933568556637171,-0.022969892281582093,-0.017333516791463745,-0.007308171010699401,0.03453003347399178
La,0.0,0.0,0.0,0.0,0.0,0.0,0.0,0.0,0.0,0.0,0.0,0.0,0.0,0.0,0.0,0.0,0.0,0.0,0.0,0.0,0.0,0.0,0.0,0.0,0.0,0.0,0.0,0.0,0.0,0.0,0.0,0.0,0.0,0.0,0.0,0.0,0.0,0.0,0.0,0.0,0.0,0.0,0.0,0.0,0.0,0.0,0.0,0.0,0.0,0.0,0.0,0.0,0.0,0.0,0.0,0.0,0.0,0.0,0.0,0.0,0.0,0.0,0.0,0.0
Ce,0.28684614760631233,-0.3899735976289624,0.095872970083977,-0.01151601552268502,-0.11040175701789443,-0.04362316168586417,0.04224880835741536,-0.20880937399631988,0.05324469338633536,0.00580994191529016,-0.0572626852098462,0.023649643197765503,0.02663092987392813,0.038753775278768665,-0.026095689689092913,0.1146759300605287,0.054982365648489,-0.049803584433529426,-0.012537098615320104,-0.0744160731284117,0.021623192687458853,-0.008202542576209207,0.02824445279486142,0.011944038245837254,0.07021623652455036,-0.020679149875792748,0.01889748166645997,-0.05053546930817083,0.060740505024363886,0.0708831141269265,0.002180548788257646,0.04141651284314538,0.06671086924722669,0.04432075819514053,0.06961007957609461,-0.0682064574696037,-0.0741686586825224,-0.03526182103133908,0.022925925180748218,-0.018237699518773083,-0.04731319248678868,-0.028671797977198182,-0.011696981923548852,0.0722405279014663,-0.06437494603815201,0.02956532899304944,0.034433012075605014,0.06372364172475646,-0.01823795783853915,0.05721378322770907,-0.022619697549528407,0.02485479251699582,-0.028374443502615063,0.010546919060985614,0.00372587349369861,-0.018627446611738017,-0.02462823542950133,-0.01667127320819674,-0.032619073902430726,-0.013786308536156408,-0.029234591178948693,0.01408017520609496,0.04361049121962616,0.0004855254904240541
Pr,0.10675589438899878,-0.37307042694068454,0.07287127555342433,0.0944035545517253,-0.09284554844152339,-0.03526196107151423,0.09832895259061919,-0.31371082849239484,0.01684171051892078,-0.06465721380798323,0.007101830916522073,0.030503868897771035,-0.041437211259709894,0.05005902568577056,-0.009113152780350783,0.08482026031049185,-0.0658781599005379,0.011249920320284794,-0.03593739165182993,-0.07918335475521247,-0.015285634143890387,0.05791610348874358,-0.08827091060857357,0.019019838443636403,0.12771532333070792,-0.12335371666258581,-0.02926361105968616,0.010788044241706606,0.03307100555445081,-0.02652471568366891,-0.07316067621735982,0.033650979562485236,-0.018382647601522126,-0.015339288079959417,-0.045696694641002365,-0.016338968394978157,0.04209301111147752,0.00653992030593547,-0.10163245604979326,0.08461653824115205,-0.06463939997533572,0.05302235580164637,-0.06754770529481695,-0.010725328463646681,0.0020085737728156826,0.03427827193562744,0.09253610299904613,-0.04200818995315161,-0.051836395537853006,-0.06227212200948196,0.05682570407217327,0.03254202225133465,0.00344503316980411,-0.05852916071934928,0.0036302296068660912,-0.011000952406361269,0.036988527384013176,-0.03658105003030308,0.011372280842471867,0.015072090344689548,0.005304005591113474,-0.014634905000071426,-0.04866580609456582,-0.014754379775228324
Nd,0.12389145947156995,-0.47326021733992546,0.09370408795077916,-0.09625151833791824,-0.03488673623770144,-0.04531044660277388,0.05567721231988401,-0.06190160581305561,0.07194961450465075,-0.05595871167139193,-0.008062130111219375,0.04860509040800722,-0.023822111149943946,0.03534909740854069,0.02503962188803206,0.05283209941668722,0.08477952565500044,-0.035348623107791334,-0.05516750928740828,-0.10280256917375416,-0.03015190309992687,-0.046778282403931525,-0.03997957894837493,-0.026596385467403942,-0.0032938785530630173,0.00745862236064737,0.12347009373851879,-0.13897787042388848,-0.04458526791273485,0.06008611639182266,0.10200169002476882,0.0587356054326903,0.024716968333995698,0.01833227051234517,-0.012392686680030476,-0.05516936917562644,0.09121807958617432,-0.025287483714505177,-0.00034619038032994507,0.015033090872367594,0.02062441230923652,-0.029842466470594894,0.013931370395545737,0.03033713797363951,0.0407015735708801,-0.059974401683179204,0.0058632927956297366,-0.05474704141439498,0.029684160311181994,0.00605281869845202,0.006536535834580597,-0.007093607790841327,-0.02909590332932702,-0.032348542750797564,0.0042832162698101875,-0.013677762424725062,0.040355566205745104,0.06752824833501046,-0.008753691309672235,-0.015344983946382519,0.02003215081818425,-0.021342217473303386,0.036457483600022,-0.005278604517161224
Pm,0.0,0.0,0.0,0.0,0.0,0.0,0.0,0.0,0.0,0.0,0.0,0.0,0.0,0.0,0.0,0.0,0.0,0.0,0.0,0.0,0.0,0.0,0.0,0.0,0.0,0.0,0.0,0.0,0.0,0.0,0.0,0.0,0.0,0.0,0.0,0.0,0.0,0.0,0.0,0.0,0.0,0.0,0.0,0.0,0.0,0.0,0.0,0.0,0.0,0.0,0.0,0.0,0.0,0.0,0.0,0.0,0.0,0.0,0.0,0.0,0.0,0.0,0.0,0.0
Sm,0.27438855519220207,-0.4584023202218642,0.09448637981946685,-0.08977938325043792,-0.03181400034414377,-0.02621515266783429,0.05579425538388225,-0.09673836835995632,0.0519490336276707,-0.065891609697855,-0.046403174585087484,0.05429382572205881,-0.00754421157910377,0.06932322524363878,-0.026320485323169968,0.10711365534790632,0.05551562946479491,-0.04875741313950537,-0.0442118158190369,-0.08713794718578834,-0.043322433112570814,-0.05530646258089563,0.0007832741071591816,0.014446968781658378,0.018683227370159174,-0.03149198532475696,0.06391007147442569,-0.10782524992245462,-0.05305204763870072,0.08629993926028212,-0.0034916125487882,0.023900417619248965,0.0239544051585755,-0.024288319681683896,0.057248214596140545,0.036606282408961084,-0.04677954674445699,0.03290883390218369,0.03949082777852281,0.025766937010474066,6.634882676113481e-05,-0.03737340170631654,0.042118625894735785,0.017592306728559146,-0.012733078604966211,-0.023088039035134594,0.023085701030319095,0.025207444501098516,0.05247388064466195,0.03031939710527211,-0.05070084853346346,-0.056342176390411884,0.01679107803857458,0.06346455178837059,0.02754024832630921,0.015032552574896198,0.027386067977712553,-0.043958118306292954,0.0426885587672972,-0.028479692828897007,0.023318545519601754,0.055292951374062184,-0.04850940144849737,0.00029779838926242004
Eu,0.0,0.0,0.0,0.0,0.0,0.0,0.0,0.0,0.0,0.0,0.0,0.0,0.0,0.0,0.0,0.0,0.0,0.0,0.0,0.0,0.0,0.0,0.0,0.0,0.0,0.0,0.0,0.0,0.0,0.0,0.0,0.0,0.0,0.0,0.0,0.0,0.0,0.0,0.0,0.0,0.0,0.0,0.0,0.0,0.0,0.0,0.0,0.0,0.0,0.0,0.0,0.0,0.0,0.0,0.0,0.0,0.0,0.0,0.0,0.0,0.0,0.0,0.0,0.0
Gd,0.0,0.0,0.0,0.0,0.0,0.0,0.0,0.0,0.0,0.0,0.0,0.0,0.0,0.0,0.0,0.0,0.0,0.0,0.0,0.0,0.0,0.0,0.0,0.0,0.0,0.0,0.0,0.0,0.0,0.0,0.0,0.0,0.0,0.0,0.0,0.0,0.0,0.0,0.0,0.0,0.0,0.0,0.0,0.0,0.0,0.0,0.0,0.0,0.0,0.0,0.0,0.0,0.0,0.0,0.0,0.0,0.0,0.0,0.0,0.0,0.0,0.0,0.0,0.0
Tb,0.3087627888157092,-0.4055697346944138,0.03893849855675048,-0.17798301370264075,0.07533587600795733,-0.015151340622917696,-0.0806284879541674,-0.06729971473715082,-0.03241870857755399,0.0025701941016955743,-0.012754465978645048,0.08114435612261212,0.019523769969893717,0.10482493274249924,0.053088867555049886,0.08458421800433709,0.0013021071543806847,-0.03745156047761977,-0.002962828443949449,0.025164282016244804,-0.001059717561582683,-0.06988266497395212,0.08653501327565659,0.09471263565926015,-0.0499240269345176,0.06544359150694655,0.007907840749261466,0.04635335367336514,0.03254297725829425,0.08150274836809514,0.0081848514640631,-0.03063181483771491,-0.09159692782102458,-0.09315044067775599,0.03146501090830368,-0.0029666959647574325,0.01564819617367519,0.07642026830804308,-0.03526666022710213,-0.005339388981170837,-0.014776308949807911,0.02931863974060882,0.04883305661158076,-0.049141924466729964,-0.020479067637769,-0.09852099931285027,-0.03253598765485131,0.009551561925088303,-0.022781680396835112,-0.0714759169819899,-0.04595686122979654,0.05860672182035044,-0.010486555848993674,-0.007529513844267023,-0.0955324025364796,-0.06598437546752256,-0.01601033046792915,0.024021252720947,0.005323973382404499,0.001598304382783624,-0.00691674463579895,0.003669171814991724,0.015174931148108833,0.021120952556192455
Dy,0.5213644264515755,-0.3055419974564294,0.019797296912863055,-0.037236093979501624,-0.03098339079925684,0.0035001856289166157,-0.03562362951889454,-0.13392271804255462,0.009785652096796322,0.041077503745160567,-0.01511322192615457,-0.10732042613558525,0.04103264353682082,0.04987057160572913,-0.08322439582279832,0.06460801256461242,-0.0792262626419802,-0.013843118683906502,0.04726139570572336,0.06985697506356814,-0.024817504373427623,-0.08668205599259306,0.03603535717177337,0.019476605871689787,0.042721812172823705,0.04216621405255769,-0.0187960017407203,0.06915395638574949,0.06942778093828686,-0.0728146224026414,-0.02409355371946371,0.011526889047669379,0.054871395475515373,0.006842560036823433,-0.011750384658519393,-0.05302692087998563,0.029623970263782426,-0.012620627902480116,-0.008913990861923479,-0.02280554202518408,0.011005861427702268,0.007576482313836764,-0.03132276181268785,0.001600076050465316,0.06065862692327429,0.037119451120440114,-0.02570476236210668,-0.006797088167145201,0.018618921517039737,0.005312742787631979,0.027420095704002563,0.06126936187640614,0.0009437310117884605,0.017796553933340634,0.015633829676021806,0.02994839461453163,0.01711012517795794,0.01962599173984038,0.06110029395439391,0.04572051137827753,-0.007212801595451657,0.019558916174854384,0.04394962288616451,0.016064013081066888
Ho,0.5338469974129688,-0.35975705554065585,0.019754452100051917,-0.1224584394022015,0.06355883569531978,0.03084039969124133,-0.020909882132820034,-0.04255631402065409,0.007948659973950355,-0.0702179101287814,0.00720831180281435,-0.05331609690685651,0.03938567124312617,0.04170993245914629,-0.02387300981858049,0.019373638936824224,-0.07480234994547427,0.02608195623815848,0.06514906572036029,0.08928962548440017,-0.0558590657528878,-0.08124617106197445,0.03203405957058013,0.02759322638616375,-0.04473223219169618,0.05002029726171457,-0.009851272521219747,0.036896694336425444,-0.05378851437408281,-0.05672191783294355,-0.000747378931924853,-9.90447971441895e-05,0.0397602094804506,0.019575382776520746,-0.0025987882820087,0.03067450544839789,0.01766213045743411,0.018890764434748082,0.00545035625573312,-0.11214270389991988,-0.0096562319697764,0.05041024927497921,-0.024804470550986127,0.0238113658838302,0.048006111830605415,0.026376670224536554,-0.0026103623304294873,-0.06402336630196034,-0.009881187444954635,0.036537615559434605,-0.009072039205399793,-0.03124333266926219,0.007230437108758323,-0.033221611338872546,0.006954322656635841,-0.011039493298061042,-0.04334420359522349,-0.027425415888477394,-0.03370850576901073,0.004071429821745591,-0.013937815347843751,-0.01638658008287307,-0.03452964780616167,-0.005253278528192061
Er,0.5479923877238803,-0.350858313418265,0.010136433142068793,-0.13460295486613513,0.058966844341267186,0.03996685870864158,-0.029211070666384467,-0.05991625807914079,0.022052214011984008,-0.025380400044988052,-0.01238892070971004,-0.06494679028722951,0.06980297866186763,0.0456026046157703,-0.02401331050296707,0.01896914049530621,-0.054410221214967955,-0.009563596594547542,0.06491686046684397,0.04402818366350858,-0.05206984087912859,-0.06572683659050477,0.013894156340072086,0.016998377755774282,-0.0487377142067613,0.012742904495927567,-0.022427543369574626,0.07675594428096334,-0.0812471121390801,-0.029556247210151633,0.018473307355325125,0.01290033164830967,0.020273731235145063,-0.03958172968925459,-0.012052733177584742,0.08596673659211589,-0.028733673563162917,-0.03640643259313002,-0.02603788058083554,-0.08354206187039631,-0.015991279393762416,-0.004252645994686138,0.0031307041241693864,-0.007544529364546342,0.027189014885376846,0.03338981764256041,-0.016049281225385636,-0.04064883092638907,0.028399790902360247,0.04486101834424207,0.050818097019924485,0.00497874712404263,-0.06284501333694317,-0.009111915093088467,-0.012317034228642458,0.04098486562858286,-0.019699657016755263,-0.02802982005599888,-0.017407594112739455,-0.033087251634073805,0.008839253856585943,-0.02245409045310937,-0.030076993000363605,0.008944033989942446
Tm,0.5933336442018934,-0.1360288710043056,-0.08376590811279941,-0.022286729040888992,0.1335789054813789,-0.058277974289535794,-0.08757130514805239,0.009813415539421869,-0.0724985536182217,-0.0005934914921709115,0.1992199877190292,0.04401212325874046,0.03705939138176473,0.12539314697571372,0.009545500431019783,-0.0009923172157607397,0.0009730695518837489,-0.07649606779313534,-0.017128948646483965,0.06070294889226652,0.07957822057331379,-0.09526444466697807,0.054267864697252484,0.06050334262919963,0.022649870388920045,0.01426179567702237,-0.020497447232757395,0.06838146835065399,-0.021599307951413217,-0.013836790334109624,0.023280110902104384,-0.04581443710937351,-0.02397476430192735,-0.09579835641671057,-0.023181107871364744,-0.08480981867977462,-0.02589980236368469,0.06048482299684458,0.022604367706487116,0.054570916031182075,0.07400434446063203,-0.068305845752447,0.006668191545200999,-0.036961788318971095,-0.017342791019092568,0.11386769780201288,0.03439624803067259,0.03840225555964126,-0.0010412115521129198,-0.02465990091927291,0.01141561528579096,-0.012303306949689376,0.08059795302014605,0.021040448416913743,0.051692959197409016,0.015990623163434404,0.03921105341927402,0.03991414652459477,-0.05363658436728473,-0.03564312314849763,-0.03053203096710662,-0.03173611790176176,0.016061782658466806,-0.007782707780644031
Yb,0.3094429485311706,-0.3703472873734861,0.07657256869742098,-0.011703909279299048,0.09093896149456672,-0.01368241117760393,0.0015337707218965309,0.017905173241291684,-0.04320614520378059,-0.1363109227909366,-0.030361791222643437,0.1571294716463441,-0.08370221419674578,-0.15266738189150053,-0.022349063249013083,0.024509567977948836,0.12440266693022768,-0.042953961639341245,0.04262162324647383,-0.02214384754391783,0.16467304849085548,-0.020021725039138773,0.0310518926442265,0.06966533745596548,-0.06071830249719167,0.0945666265385736,-0.14264363995798846,0.03462448921302125,-0.007196759311818802,0.08514056288110833,-0.025182559172007908,0.0182314058871426,-0.11306119858347166,0.11875125200099104,-0.07852209987129057,-0.010873439392279319,0.030722268091809068,-0.058847995480693756,-0.018106987876760065,-0.022710680460132162,0.03154830565092643,0.07106459697145331,0.03726783257675371,-0.05678970274535775,-0.015653726302005,-0.025231361849593525,0.027965177931137033,0.080506414835933,0.002307276797366714,-0.02231284067118017,0.02364499685075882,-0.039897277820390244,0.00573602690002424,-0.0005634127125135485,0.027500657532887555,0.06366498453843177,-0.047839313917322566,-0.009895622973514208,0.025338466788323306,0.035879860074696394,0.05855252780003701,0.0022395556625509827,-0.0033843159359487783,-0.036586090652180735
Lu,0.35030180293082386,0.0537909510933761,0.017674965370433032,0.2997385837928456,-0.0605279955813519,-0.1499588193122051,0.1053205691830596,-0.026688851503961844,0.21710631132504848,-0.19671480664032703,0.05259094550786338,0.23166268098355305,-0.024617776515635067,0.12964303514607745,-0.10203625880651086,0.05621695594061387,-0.0525527946510948,0.11355911534888537,-0.13546220501801684,-0.11508652348053257,0.10328946532919023,0.11416590296927981,-0.09904967074106893,-0.041323137615514365,-0.04969620015134569,-0.07188304017197292,-0.010104420212469512,0.004778981745194243,0.06158937113728945,-0.08399084616835463,-0.0835477352197574,0.026892991731116686,-0.030040844189437053,-0.05984912125074458,-0.005010885761730952,0.06598019093461699,-0.07679543752262928,-0.005919416952628863,0.03658863387729856,-0.009094468495429756,0.10304855584140132,0.050120452684754145,0.04100550117050722,0.043416502686508845,-0.03988894829936163,0.02614580700786017,-0.06443362559927876,-0.029896475301381505,0.019377268525076825,0.007410875814620078,-0.007565617902486163,-0.012490642790739543,0.02207512729334057,0.0074232693796471814,-0.07316420380485324,0.014062873316487489,-0.03250869516473848,0.01811375223535439,-0.01907880601012042,0.013592832933979174,-0.015683535056201157,0.00044908142553619227,0.005566576260456276,-0.022839671639880377
Hf,0.2505677868517046,0.223607859545331,0.1681595880730425,0.24732415142715167,0.23084622375615965,0.24982101818048874,-0.06890490487022734,0.07217245261226699,0.04977258412088549,-0.2114905220941668,0.06634135719673083,-0.15234537329976952,0.049420394432231285,-0.06321806713323407,0.045600618126384725,0.06010214510910065,-0.04324755080023697,0.00043245238365356096,0.09847748349453671,-0.056104149456599396,-0.010386885671537357,0.0943965335860571,0.09495323392079622,-0.03431373345456439,0.13160659170037786,-0.016839058679611465,-0.016719856356193212,-0.0696740007145124,-0.07002716937698752,0.014575201900766173,0.09672742018771627,0.10289607407054681,0.045084194550429814,-0.011733552143716604,-0.0362121654071215,-0.07036008588291082,-0.011700618467723982,0.006636627527826178,0.0449157389540144,0.043080137774602546,-0.0115469817261295,0.012101788888302783,0.003560797783269332,-0.008060177925094386,0.03912635254250134,-0.03297772937542391,-0.04241769678623896,-0.032703515078830674,-0.0332183675492583,-0.09743727243646028,-0.007488640304942975,0.014873342883716736,0.027888941742577077,0.014686096455129648,0.015666149028643606,-0.016052423490434033,-0.02801524952033635,0.026113749596930604,-0.02941636627501333,-0.01620733920381405,0.029433043330010317,0.011474750297055247,-0.04702676675322165,-0.02455360470554958
Ta,0.049543851605819256,0.07298090628023178,0.2199212110063644,0.22772492036254635,0.16250152170405366,0.24958256105621424,-0.1375565619325039,-0.07179180804837007,0.08431800491261048,-0.1886087989387601,-0.004614841222415467,-0.03373339707360029,0.12969122550779924,-0.018759697247483505,-0.06647583237733455,-0.08439159477619738,0.09843803729955274,0.0695601017084946,0.10333777935809847,-0.08257362359506688,-0.027458644874670098,0.09378813563486256,0.04828221458153464,0.01665590091689572,-0.18191057585601833,0.08258873816345878,0.102406370585751,0.08057889697519328,-0.07036630478941225,-0.007416141484769875,-0.032293858834199496,0.028953545126651204,0.0981979527426154,-0.0041963094555729505,-0.006643883053274147,0.002740266088016795,-0.0019201406584021855,-0.016273362910480278,-0.0523401418407812,-0.01774881792418832,-0.0024146323003483247,-0.05713003665162839,-0.05373040497266879,-0.010793080242218473,-0.10529260176546813,-0.03651601475240008,0.032825986536478745,0.011595433393185826,-0.006303291888877102,0.0006185346665502285,-0.02290331402884976,0.0061955818741966425,0.06311397058190431,-0.008758121098877327,-0.036389225448694176,0.04122990284935719,0.030280410794332607,0.0245079239617699,0.04004938243443892,-0.011752869906617421,-0.0166338287407485,-0.0015375418898742536,0.0005373953911189789,0.03222030559742761
W,0.1869226924541028,0.3499001974531806,0.2188394534691703,-0.09553730929377412,-0.2051355030029747,-0.02495136358725505,-0.028597903758203747,-0.17995546713944882,0.08179107511874008,0.04034662700870482,0.1843808551830758,-0.01794009553368736,-0.06317327575178,0.004404619573163752,-0.02182960071163858,0.046092304955812444,0.04603927894435119,0.005037045412818817,0.12355785108234368,0.042841452124008535,-0.03338180419550816,0.004442214950908928,0.047153615229350306,-0.13502515090127695,-0.08564770654524803,-0.08172961109770621,-0.16755811580259936,-0.027847167619873627,0.03326940826031776,-0.076924587784743,-0.006725651252530467,-0.03046837119819092,-0.05755498791884325,-0.0003860722178522291,0.015102635349160886,0.02030659734445872,0.10055299082489594,-0.028270553463725385,0.05775679714710874,0.01715967928043967,-0.02501019605210399,0.01345345486456968,0.08403875372574432,0.01667824286984141,-0.06526293933593451,-0.04197656099873452,0.035564072643735005,0.027748673389099986,0.0027991297633196193,0.02788369385013867,-0.030328569373242676,0.03937802523962982,0.023041266260060863,0.01599761890268815,0.06605365900477217,-0.01433777597956576,0.042580523752867805,-0.025318166530098517,0.004348713377794198,-0.01869970241995331,-0.023324532668614045,-0.01160529523957797,-0.018553176400274787,0.0062327937970168305
Re,0.08440684348256389,0.30279052576607307,0.2376647834713926,-0.1391120051836501,-0.09418594526066103,0.09838959408772849,-0.01042633120343024,-0.036060821428541466,0.09176373069379118,-0.24842741075074945,0.09120796370181992,0.06434387117265283,-0.2275790917668142,-0.140299588721983,-0.07543512437944098,-0.07255614277573853,0.07769581800427176,0.028804448165898368,0.10389901249737152,0.1265806516356751,0.10849436457173543,0.027339463560531643,0.03187918539432219,0.024488839646010556,0.04030467103780892,-0.0074518327158753055,0.05895467964314835,-0.002798684111228252,0.03642727925467453,0.04075928818314924,0.031754924318379826,-0.01446671875673042,0.0005697225575525692,-0.02528025378319442,0.03195893382316123,0.07279861161416568,-0.015547318840184964,0.10945285952213163,0.027565467728215876,-0.039952841693410734,0.001357441657318954,-0.04983347678615512,-0.0733834033204388,0.020772245930022387,-0.04211970921259242,0.01914618550094162,0.03584377828740455,-0.03717379788410675,0.07568618276868447,-0.03969488690938216,0.003354168217157091,0.015522208340579638,-0.08503946574226848,-0.0360859757440707,0.037373876742412396,-0.03121683242503037,-0.008019500078260595,0.01645663170019531,-0.017076385986731564,0.06547397161060989,-0.03754245342594453,0.02211066473579096,1.351565508488366e-05,-0.021744023810948743
Os,-0.2589744040364984,0.12015959071731801,0.18198632889333927,-0.08418724440634599,0.18088014597620292,-0.28663289620841026,-0.0906314572703322,-0.05804990878152052,0.01336100201477941,-0.15196279928727507,0.02288593185763028,0.004785020350912988,0.03842636819160856,0.20105070433095082,0.07227962665510443,-0.07016467673039145,-0.008630968053796378,0.037858191918684246,0.06213560272775814,-0.006381928407170494,0.0036560306975296415,0.10507498340258357,0.027615151619511977,0.02182219252761663,0.1135705739554188,0.1227630089554426,-0.048600551019484156,0.024747400859970743,-0.0253014279171973,-0.017995735859118775,-0.05697679072682825,0.013000444723690737,-0.014835198112668988,-0.02306670365582731,0.04925769879601581,0.04479385610103603,0.007621852733250522,-0.005683757664880975,0.01650972784976854,0.0522636624901646,-0.012609401371101671,-0.06920893457144726,-0.034718641110080196,-0.05063415834774627,0.007041607802347027,0.01819613715030747,-0.032248384876745716,-0.033355440300128596,-0.055641668445361,0.0322824399223089,-0.11365103538316904,-0.0236943719869407,-0.014610914307348769,-0.007535986522851748,0.041383123325052625,-0.028786239762472875,-0.01993003869976466,-0.07506764926600738,0.06447500094295237,0.001723583167039982,0.023244919832442656,-0.03885872235315111,0.032622511572223636,-0.01673404249419312
Ir,-0.2877304832992701,0.04668160202750859,0.195455282541474,-0.09890657061342206,0.14976337201539378,-0.20143954988832036,-0.11153642894290079,0.03658909208579426,-0.04643105446415332,-0.06452832512135442,-0.016559412501074414,0.11646469460795525,0.026874513504766415,0.034365205980313354,-0.01967072079127587,-0.008621151144189378,-0.15360038547067906,-0.05463068826078625,0.1445641125217752,-0.04083031124937371,0.06942632680803822,0.12143827418798749,0.08157462921537476,-0.005160789108370327,-0.0495936256764565,-0.056528156054220825,0.051923508010736225,0.008031033597263537,0.02781052715591844,-0.011158382084874198,0.05635872755485259,-0.020459219697157978,-0.04262698277436701,0.014422620563769813,0.14929431508160265,-0.06842974350092536,0.0829625561644153,-0.10293864837659324,-0.047896588495265076,0.03976357886595609,0.05700995984835291,-0.008593996959318074,0.016942335637488416,-0.0396102746380083,0.053220797483468696,0.03063275456343003,-0.0056620291151719794,-0.015600641283852582,0.06941055656658132,0.005119164960640127,0.044413425131504834,0.001268090715259519,-0.03559425504097054,0.044633894526140624,-0.04327156640660589,-0.014521886308390892,0.00892432646184682,-0.010419031184881428,0.006771168236347165,0.029369040110608202,-0.009753000564999422,0.026416737747137105,-0.03319482164497267,0.043085334054186186
Pt,-0.31493346846989134,0.03279283030242261,0.21063233153537586,-0.07318037426279501,0.10082140561781457,-0.2043979707341857,-0.06263046072253511,-0.001368164547621968,0.037452022079670924,-0.10882705662900913,-0.005063890303636149,0.011328051493016848,0.10118119638574448,0.003085924452747496,-0.16993954545512563,-0.02476532033023402,0.04948453860360682,-0.06383220818746131,0.03142794107069518,0.032980623317006894,-0.008649038169357253,0.0396515962682822,0.02616514087066595,-0.12314378137082646,0.025363322141299192,0.030832415211656077,0.09381586162241151,-0.038895356642843604,-0.01907058644675004,0.11510294246801424,-0.009662131302445696,-0.1780431426731273,-0.04070511454806765,-0.0035332119509197003,-0.11268902448021183,0.054021605963803246,0.03060409563585978,-0.06585539803581601,-0.03988089764594266,0.030408732287748336,-0.04017626878460981,-0.04626750535080442,0.0019789511029474644,0.03264595939111839,0.03508955669753509,-0.0050305322659748245,0.02147358110945091,-0.009561277328884397,-0.042216311012777376,0.04605314052288579,0.05711349183891064,-0.030373174008197057,0.026489492438123444,0.007228429033247333,-0.028494919647365387,0.019186854618130605,0.0030943223252721365,-0.005316116894102286,-0.06266623247403884,0.00016925151348679853,-0.005937471845041016,-0.021580409757629947,-0.000242147519887456,-0.023028769364029977
Au,-0.39790055439789973,-0.09665190338339746,0.15744442814651394,-0.09095313514614067,0.016032593699956698,-0.1441662908116924,0.05397734163226856,0.0021254398685373547,0.07358812636259196,-0.1093687483098025,0.06562253568618395,0.02883874527405771,0.028668831185180207,-0.009798649812949237,0.052556312836850666,0.06743556529262426,-0.012884212856380771,0.06578051720517128,0.08962858454170755,0.08640860495123767,0.004754535947871147,-0.10930934596161376,0.010690897766077005,-0.11939772246073788,0.02413427622887211,-0.005402477663954471,0.11980795992999484,0.0644076656285004,-0.052032663932894505,-0.10649567484526039,-0.014442921764527869,-0.0012361776553993203,-0.06366028615938782,0.048420082347003846,-0.05867278820044274,-0.03549659361337875,-0.10190025974680147,-0.08563600557585577,0.036313833125798986,0.010539634191911819,-0.014567488273854703,-0.003207647357481613,0.02055300751014743,0.06048924208667346,-0.01219186397910753,-0.02180967115697373,-0.09212802866258846,0.04713095566354167,0.011900847769448464,-0.024409049620979725,0.02209196635670097,0.09314753065595933,0.02415627557737337,-0.04152943129362124,0.022818840359492,-0.008323704885162075,0.03272875266242798,-0.005599176279032795,-0.015255492273063625,0.023304151542150826,0.049224436860563235,0.01879109854928455,0.03726286308523474,0.008041112413956464
Hg,-0.16057820335141645,0.013707848432433986,0.14944912260185964,-0.0516529966152345,-0.19247191020962673,-0.039562691973530045,0.014842349357197094,0.029133943841076586,0.12280859003625565,-0.13895364960980983,0.2906985938230182,0.03436334436111532,0.1743973954274005,-0.004452091508947519,0.06626819109563654,-0.08997193089855307,-0.05974436571030549,-0.06687756101350514,-0.1478754556864843,0.07548168495652327,0.10510895867583524,-0.002414881291915787,-0.009229573102400497,-0.06570966625072604,-0.07041279587256134,0.006065401006582216,-0.046161128250067095,-0.0747501403226021,0.014296204978992833,0.03110735971457457,0.028369419408271385,-0.02337112577323458,0.12764269396222544,0.025575267529177124,0.03727927828273642,0.03358001474639338,0.06883734218414782,0.07823654594712548,-0.08632127993587917,0.03429339591550357,-0.025527277565405154,0.09299918629942162,-0.020877071658220225,-0.010015187669628861,0.056173459404514105,0.030469675984341523,-0.0629801776868015,0.06097839036097623,0.058401727331223875,-0.013255770536977227,-0.04349925602543394,-0.009182293653573011,0.011174305239008713,-0.02865910387056647,0.008283437232779318,0.009722013326791125,-0.013361054747439838,-0.005375009230934495,-0.039782050405748885,-0.03853534350246428,0.027247319807108192,-0.02049411301142846,0.009461380769952354,0.023897011080415215
Tl,-0.16126894432082697,-0.16128869568347703,-0.05951669336463848,0.15977578292813274,-0.37502000352128856,0.02801822062794401,-0.20768399624670295,0.11635114985384112,0.07029437763947315,0.014898323973588307,0.0036020729628651544,0.14218070538584532,-0.036662143770364,0.0914825746735275,0.03235026608928884,0.007140031500189433,-0.013201365368056463,-0.1095333393316715,0.061757775845214614,0.03792815174579559,0.04339537800060994,0.005473660620304266,0.024075196958384264,-0.059718735288426805,0.05412665503856756,0.03239332954601655,0.014352130196156106,0.04539135078410022,-0.04759146066900711,-0.009987415354504753,-0.014988812399351422,0.04553796027574499,0.059078539319060625,0.03137334030896592,-0.06014625594727966,-0.0003220503147780259,0.05304250966906552,-0.016616869242382124,0.01568820632244273,-0.05532828819121502,-0.009747990969791146,-0.020807940388917305,0.002537921506148359,-0.014829166300432612,0.031852330005787764,-0.022865796209271854,-0.034250733016512644,0.03817515430853421,-0.07698347779226748,0.030792849974953483,0.018901948667288462,-0.08166743120486784,0.01777138663487285,-0.08691652139792666,-0.0066677619908759485,-0.06023274048508181,0.008790051837450732,0.012479128914072322,0.024929756179562706,-0.009951997775553537,-0.05624344608587847,0.05810640525353179,0.005179344222695487,-0.023786852747928886
Pb,-0.2753165846873517,-0.13267633098631187,0.0027969177253270258,0.08316954950931829,-0.1369425022281655,0.28679396780574656,-0.10472479980665798,-0.05610092885944645,-0.008634093314115222,-0.0371279065905056,0.050034217199450316,0.010688514453970326,-0.043301513977454874,0.08280007556504933,0.022753303126310714,0.11929232915616204,-0.032570096744848454,-0.06581133676254773,0.06076591463769637,0.19060986935973545,-0.06691270562492403,0.06660851380330074,-0.044934895884194644,-0.03844463255040726,0.05689309591137775,0.017960081077029406,-0.0047518798534412566,-0.06640629644063421,0.04266834058816822,0.004689569587694499,-0.08050351826326985,-0.022168319701065097,0.018669958745110633,0.027706248072317145,-0.04119659937758327,0.030058113847779882,-0.04480620433980758,-0.012348067954453758,0.05969222689322894,0.044985273629265354,-0.025988220269929207,-0.019650992859427174,-0.006986096898105684,-0.05048675904019894,0.04600018847958895,-0.031004938969373615,-0.011011694287056601,-0.019727878640936034,0.007380291967872731,0.046404910601367644,0.003382077631565589,0.05180891789884226,-0.014153547468229739,0.12245000261031988,-0.03553902217820739,0.041561142192443855,-0.04938714985330938,0.04648930197262164,0.00817299861470493,-0.01407985719967658,-0.013743793429618689,-0.02986302239699135,-0.004414543927670202,-0.02862204965734749
Bi,-0.30923825747380473,-0.15304086878113388,0.013764124446025984,0.1114569290185233,-0.1545595727291326,0.24339497321025078,-0.12179214212598898,-0.12088961656005838,0.0603904975898677,-0.015117858814442485,-0.08353663376304939,0.0433257056361896,0.10447260130486703,0.05995333430315003,0.09875223941343637,0.002458170449894753,0.03803343060093927,0.026800651137714657,0.08791206516297582,0.13309360952234117,-0.027737103198923488,0.06580112675761753,-0.04869782799136438,0.03797763365496222,0.03236279705371276,-0.0032276330069420274,-0.05140156694954502,-0.008852919511716384,0.05913023942502065,-0.006561169925330499,0.05890491688857515,0.006050281360411797,-0.01516078895923339,-0.007342561523877625,0.015493659333923385,0.0012801827929772188,0.023523567377699135,0.06925305915334119,0.05498635527547957,0.045943710449771746,0.04895290687913182,0.09641777732673192,-0.022900211232836393,0.016078928540501837,-0.03344871138896399,-0.03507377202562446,0.033135858855592434,-0.0353606680917139,-0.04134795156878222,0.03524834454256399,0.03812849194312598,-0.07029861784228804,-0.0015815626723411367,-0.0035937797992371336,-0.006781001783861371,0.037787395856300775,0.002429282195159559,-0.01255615945975477,-0.02291444575275495,0.026518228129934554,0.039503393979084145,0.00728237188413018,0.06158068804763163,0.06962657573842253
Po,0.0,0.0,0.0,0.0,0.0,0.0,0.0,0.0,0.0,0.0,0.0,0.0,0.0,0.0,0.0,0.0,0.0,0.0,0.0,0.0,0.0,0.0,0.0,0.0,0.0,0.0,0.0,0.0,0.0,0.0,0.0,0.0,0.0,0.0,0.0,0.0,0.0,0.0,0.0,0.0,0.0,0.0,0.0,0.0,0.0,0.0,0.0,0.0,0.0,0.0,0.0,0.0,0.0,0.0,0.0,0.0,0.0,0.0,0.0,0.0,0.0,0.0,0.0,0.0
At,0.0,0.0,0.0,0.0,0.0,0.0,0.0,0.0,0.0,0.0,0.0,0.0,0.0,0.0,0.0,0.0,0.0,0.0,0.0,0.0,0.0,0.0,0.0,0.0,0.0,0.0,0.0,0.0,0.0,0.0,0.0,0.0,0.0,0.0,0.0,0.0,0.0,0.0,0.0,0.0,0.0,0.0,0.0,0.0,0.0,0.0,0.0,0.0,0.0,0.0,0.0,0.0,0.0,0.0,0.0,0.0,0.0,0.0,0.0,0.0,0.0,0.0,0.0,0.0
Rn,0.0,0.0,0.0,0.0,0.0,0.0,0.0,0.0,0.0,0.0,0.0,0.0,0.0,0.0,0.0,0.0,0.0,0.0,0.0,0.0,0.0,0.0,0.0,0.0,0.0,0.0,0.0,0.0,0.0,0.0,0.0,0.0,0.0,0.0,0.0,0.0,0.0,0.0,0.0,0.0,0.0,0.0,0.0,0.0,0.0,0.0,0.0,0.0,0.0,0.0,0.0,0.0,0.0,0.0,0.0,0.0,0.0,0.0,0.0,0.0,0.0,0.0,0.0,0.0
Fr,0.0,0.0,0.0,0.0,0.0,0.0,0.0,0.0,0.0,0.0,0.0,0.0,0.0,0.0,0.0,0.0,0.0,0.0,0.0,0.0,0.0,0.0,0.0,0.0,0.0,0.0,0.0,0.0,0.0,0.0,0.0,0.0,0.0,0.0,0.0,0.0,0.0,0.0,0.0,0.0,0.0,0.0,0.0,0.0,0.0,0.0,0.0,0.0,0.0,0.0,0.0,0.0,0.0,0.0,0.0,0.0,0.0,0.0,0.0,0.0,0.0,0.0,0.0,0.0
Ra,0.0,0.0,0.0,0.0,0.0,0.0,0.0,0.0,0.0,0.0,0.0,0.0,0.0,0.0,0.0,0.0,0.0,0.0,0.0,0.0,0.0,0.0,0.0,0.0,0.0,0.0,0.0,0.0,0.0,0.0,0.0,0.0,0.0,0.0,0.0,0.0,0.0,0.0,0.0,0.0,0.0,0.0,0.0,0.0,0.0,0.0,0.0,0.0,0.0,0.0,0.0,0.0,0.0,0.0,0.0,0.0,0.0,0.0,0.0,0.0,0.0,0.0,0.0,0.0
Ac,0.0,0.0,0.0,0.0,0.0,0.0,0.0,0.0,0.0,0.0,0.0,0.0,0.0,0.0,0.0,0.0,0.0,0.0,0.0,0.0,0.0,0.0,0.0,0.0,0.0,0.0,0.0,0.0,0.0,0.0,0.0,0.0,0.0,0.0,0.0,0.0,0.0,0.0,0.0,0.0,0.0,0.0,0.0,0.0,0.0,0.0,0.0,0.0,0.0,0.0,0.0,0.0,0.0,0.0,0.0,0.0,0.0,0.0,0.0,0.0,0.0,0.0,0.0,0.0
Th,0.3575529448287717,-0.4569535639223042,0.0015765697602084885,-0.14689727561983118,0.05286868066376706,-0.002615979163280095,-0.027233569476833974,0.09028341729739331,-0.06139002996336651,0.14278748988475254,-0.024856773679729605,-0.1219772237342148,-0.0011898518755198994,-0.06582643819425563,0.027110322991961065,-0.16011388649871558,-0.026781989943509478,0.06271055896957375,0.0013246884121479916,0.052398765602534154,-0.04435195552723033,0.10633981729445136,-0.04123170199636229,-0.11468793242866776,0.005526042425621708,-0.08356909416715047,0.011653743501001231,-0.0353503716260789,0.00818121553837128,-0.023558078042508184,-0.05707945752078534,0.03171977442346429,0.016271144449694963,0.04193371617005306,-0.006787810351448694,0.04280089793830141,0.05808655454108404,-0.01628778547981544,0.017117599610554726,-0.01044801815497532,0.03641325161148305,0.015547848110186991,0.011177773501938743,0.021708257750587677,0.03231855530820223,-0.06470049936258714,0.042907460336122145,0.03981672663755935,0.04244421625172036,-0.0020730586446237936,-0.024985462208451086,-0.013545564545168724,0.030867643817041896,0.0200003727994511,-0.019150817065462827,-0.029049310244015462,0.004530881579086739,0.0021981636673284915,-0.011741433908988245,0.030254055628386144,-0.029133126103971348,-0.0032945038980443917,-0.011519748183321354,-0.0036314111519273337
Pa,0.0,0.0,0.0,0.0,0.0,0.0,0.0,0.0,0.0,0.0,0.0,0.0,0.0,0.0,0.0,0.0,0.0,0.0,0.0,0.0,0.0,0.0,0.0,0.0,0.0,0.0,0.0,0.0,0.0,0.0,0.0,0.0,0.0,0.0,0.0,0.0,0.0,0.0,0.0,0.0,0.0,0.0,0.0,0.0,0.0,0.0,0.0,0.0,0.0,0.0,0.0,0.0,0.0,0.0,0.0,0.0,0.0,0.0,0.0,0.0,0.0,0.0,0.0,0.0
U,0.43248706968632666,-0.26222668922552944,-0.00565720474562987,-0.09264325486951076,-0.1649993183669373,-0.01119479233224936,-0.057414851404880264,0.05310743375666287,-0.16659895455351542,0.01798962408047044,0.0076034432937681145,-0.09716030067824903,-0.08098940876076223,-0.11031562556013312,0.12674086152278782,-0.08390591340269742,0.15870988574426545,-0.021147363030450943,-0.10910323980085594,-0.04022501120743131,0.10005345494389074,0.10550934732267274,0.058509641158451975,-0.012659373836442117,0.02097478163824786,0.012332342243568961,0.021789544663968426,-0.025480468564979136,-0.026295893496729447,-0.12250086751895603,-0.061095270010242786,-0.10864133044624855,-0.12941734016933173,-0.01614254998946694,-0.016443245725669037,-0.08580430842016379,-0.022421155425821064,0.037266202950404205,0.07739040260198575,0.07505154522988017,-0.05461236535775091,-0.009141398622903594,-0.03573629425625981,0.014106304527194519,-0.026334325048536653,-0.03977920021916457,-0.07486985493306554,-0.06667436338754668,0.02566848039640937,0.03519836419453258,0.029555034401755192,-0.021951293950864585,-0.014881638222491427,-0.03908437033274506,-0.002739928015428543,0.013535155426281894,-0.0287623948910799,0.004018538182759795,0.017263166355044057,-0.039629654493008294,-0.004284880640494237,-0.003600440635407772,-0.03211647548028919,0.04311411020924544
Np,0.358298928659949,-0.4543940364491884,0.006437037159953381,-0.15524290480905067,0.01674584632834912,0.005160151344796706,-0.039164356725808314,0.07849058383691418,-0.0877742191605169,0.1472753480072493,-0.04527516091386212,-0.12026328456903321,0.0597875228636805,-0.07255308139913796,0.06422252477799155,-0.12873645577026196,-0.007808461337097804,0.062394435456869776,0.043106270482543535,0.01004460231877244,-0.03036869131788039,0.11149991231676953,-0.07746105717784899,-0.07175752969564052,0.02384344768269962,-0.05776734867750674,0.02109281234432821,0.014696650916001799,-0.0005199450821935436,-0.025317650526507484,-0.057041719282850366,0.006364272007177094,0.06242469238529405,-0.005579173753155401,-0.037217372989786314,0.05161193817069862,-0.04404265472746648,-0.0021316794157919925,-0.03553257344258588,-0.009096538393513494,0.0002271989359313503,-0.01066694709708607,-0.0036574545430151767,-0.03002136522547445,-0.04951468498437274,-0.015256073571939059,-0.041002149083022355,0.06998689879285164,0.018314107671213758,-0.05277580731790555,-0.05355730472125855,-0.012112014369117062,-0.02833909605690186,0.02761099387630775,0.021253216638564602,-0.026010019081274125,0.00961106278267414,0.011940068735698108,-0.023424012132407666,0.030771175671695045,0.022352590374668177,-0.01128248468744309,0.011313655736904293,-0.02416736480217695
Pu,0.48111630242744646,-0.3669801484377264,-0.0635683365784917,-0.08501108702974537,0.07566433340702816,-0.07697247670230394,-0.04517416132909029,0.09581230806240201,-0.13901385533815652,0.07980134428991861,0.021778740943877484,-0.038794850253923874,0.009091556657117908,-0.16555865062792832,0.03251363266417061,-0.16187026756306241,0.007319932379414085,0.04015349877620332,0.014072851122951084,0.007885053221771235,0.08364992852404834,0.1405971319778654,-0.06467195225232586,-0.06382634534499139,-0.01620374245894638,-0.018840900474933076,0.028840163000244043,-0.05308228078215294,0.04991502144875583,-0.0005095795095791251,0.10103976920975409,0.002243273515681406,0.0028369131081873817,0.013291627808454462,0.025137024784571593,0.03565007653768166,-0.03572604964095677,-0.03194472497187419,-0.020032477939554677,0.022944548098812675,0.028484329696752075,-0.015902319787101684,0.0030719278536636106,-0.0004871833726536804,-0.004033822965416013,0.08997978097498215,0.029822905495800574,-0.04604677828145692,-0.09950572984238834,-0.0030260485039099953,0.01822923393885844,0.016798609917048846,0.023808184781237404,0.012672965984066656,-0.02999304945267528,0.002600123152824547,0.009370331804511165,-0.007838712532640532,0.02366521200287576,-0.019337471629513898,-0.006541686123637471,0.03045350537432845,0.04305106976158725,-0.006892243060947903
Am,0.0,0.0,0.0,0.0,0.0,0.0,0.0,0.0,0.0,0.0,0.0,0.0,0.0,0.0,0.0,0.0,0.0,0.0,0.0,0.0,0.0,0.0,0.0,0.0,0.0,0.0,0.0,0.0,0.0,0.0,0.0,0.0,0.0,0.0,0.0,0.0,0.0,0.0,0.0,0.0,0.0,0.0,0.0,0.0,0.0,0.0,0.0,0.0,0.0,0.0,0.0,0.0,0.0,0.0,0.0,0.0,0.0,0.0,0.0,0.0,0.0,0.0,0.0,0.0
Cm,0.0,0.0,0.0,0.0,0.0,0.0,0.0,0.0,0.0,0.0,0.0,0.0,0.0,0.0,0.0,0.0,0.0,0.0,0.0,0.0,0.0,0.0,0.0,0.0,0.0,0.0,0.0,0.0,0.0,0.0,0.0,0.0,0.0,0.0,0.0,0.0,0.0,0.0,0.0,0.0,0.0,0.0,0.0,0.0,0.0,0.0,0.0,0.0,0.0,0.0,0.0,0.0,0.0,0.0,0.0,0.0,0.0,0.0,0.0,0.0,0.0,0.0,0.0,0.0
Bk,0.0,0.0,0.0,0.0,0.0,0.0,0.0,0.0,0.0,0.0,0.0,0.0,0.0,0.0,0.0,0.0,0.0,0.0,0.0,0.0,0.0,0.0,0.0,0.0,0.0,0.0,0.0,0.0,0.0,0.0,0.0,0.0,0.0,0.0,0.0,0.0,0.0,0.0,0.0,0.0,0.0,0.0,0.0,0.0,0.0,0.0,0.0,0.0,0.0,0.0,0.0,0.0,0.0,0.0,0.0,0.0,0.0,0.0,0.0,0.0,0.0,0.0,0.0,0.0
Cf,0.0,0.0,0.0,0.0,0.0,0.0,0.0,0.0,0.0,0.0,0.0,0.0,0.0,0.0,0.0,0.0,0.0,0.0,0.0,0.0,0.0,0.0,0.0,0.0,0.0,0.0,0.0,0.0,0.0,0.0,0.0,0.0,0.0,0.0,0.0,0.0,0.0,0.0,0.0,0.0,0.0,0.0,0.0,0.0,0.0,0.0,0.0,0.0,0.0,0.0,0.0,0.0,0.0,0.0,0.0,0.0,0.0,0.0,0.0,0.0,0.0,0.0,0.0,0.0
Es,0.0,0.0,0.0,0.0,0.0,0.0,0.0,0.0,0.0,0.0,0.0,0.0,0.0,0.0,0.0,0.0,0.0,0.0,0.0,0.0,0.0,0.0,0.0,0.0,0.0,0.0,0.0,0.0,0.0,0.0,0.0,0.0,0.0,0.0,0.0,0.0,0.0,0.0,0.0,0.0,0.0,0.0,0.0,0.0,0.0,0.0,0.0,0.0,0.0,0.0,0.0,0.0,0.0,0.0,0.0,0.0,0.0,0.0,0.0,0.0,0.0,0.0,0.0,0.0
Fm,0.0,0.0,0.0,0.0,0.0,0.0,0.0,0.0,0.0,0.0,0.0,0.0,0.0,0.0,0.0,0.0,0.0,0.0,0.0,0.0,0.0,0.0,0.0,0.0,0.0,0.0,0.0,0.0,0.0,0.0,0.0,0.0,0.0,0.0,0.0,0.0,0.0,0.0,0.0,0.0,0.0,0.0,0.0,0.0,0.0,0.0,0.0,0.0,0.0,0.0,0.0,0.0,0.0,0.0,0.0,0.0,0.0,0.0,0.0,0.0,0.0,0.0,0.0,0.0
Md,0.0,0.0,0.0,0.0,0.0,0.0,0.0,0.0,0.0,0.0,0.0,0.0,0.0,0.0,0.0,0.0,0.0,0.0,0.0,0.0,0.0,0.0,0.0,0.0,0.0,0.0,0.0,0.0,0.0,0.0,0.0,0.0,0.0,0.0,0.0,0.0,0.0,0.0,0.0,0.0,0.0,0.0,0.0,0.0,0.0,0.0,0.0,0.0,0.0,0.0,0.0,0.0,0.0,0.0,0.0,0.0,0.0,0.0,0.0,0.0,0.0,0.0,0.0,0.0
No,0.0,0.0,0.0,0.0,0.0,0.0,0.0,0.0,0.0,0.0,0.0,0.0,0.0,0.0,0.0,0.0,0.0,0.0,0.0,0.0,0.0,0.0,0.0,0.0,0.0,0.0,0.0,0.0,0.0,0.0,0.0,0.0,0.0,0.0,0.0,0.0,0.0,0.0,0.0,0.0,0.0,0.0,0.0,0.0,0.0,0.0,0.0,0.0,0.0,0.0,0.0,0.0,0.0,0.0,0.0,0.0,0.0,0.0,0.0,0.0,0.0,0.0,0.0,0.0
Lr,0.0,0.0,0.0,0.0,0.0,0.0,0.0,0.0,0.0,0.0,0.0,0.0,0.0,0.0,0.0,0.0,0.0,0.0,0.0,0.0,0.0,0.0,0.0,0.0,0.0,0.0,0.0,0.0,0.0,0.0,0.0,0.0,0.0,0.0,0.0,0.0,0.0,0.0,0.0,0.0,0.0,0.0,0.0,0.0,0.0,0.0,0.0,0.0,0.0,0.0,0.0,0.0,0.0,0.0,0.0,0.0,0.0,0.0,0.0,0.0,0.0,0.0,0.0,0.0
