element,0,1,2,3,4,5,6,7,8,9,10,11,12,13,14,15,16,17,18,19,20,21,22,23,24,25,26,27,28,29,30,31,32,33,34,35,36,37,38,39,40,41,42,43,44,45,46,47,48,49,50,51,52,53,54,55,56,57,58,59,60,61,62,63
H,0.04454566767249738,-0.19458864430555206,-0.10054925345140481,0.07309192426758834,0.21659654539997145,0.14067113900796896,-0.20576257320375765,-0.04910374206101385,0.05867416987296792,0.09597953167866469,-0.10375068647339925,-0.06048210724423754,-0.11054320336019247,-0.07493066933787111,-0.007804191121509309,-0.18696018707084194,-0.11314159402039965,-0.08708824148086658,-0.10524357346275864,-0.18666916192356658,-0.11007125051084343,0.12764408868334615,-0.14314970405607397,0.023858742239824527,0.05115346037016444,-0.015059893675864007,-0.11953324753670978,-0.09183216124153155,-0.014726403807844225,0.053848124090532,-0.1927091725382987,0.04445714420106174,-0.011829699869454728,-0.09634832558091992,-0.020476749712153377,-0.09884972535160641,0.00789838012548325,-0.14272718123075545,0.12546029526238286,-0.04392091202552624,0.017870951822560488,-0.08574954471650732,0.09021037299362446,-0.100452388399564,-0.113921953176192,-0.1484410801082177,-0.12688760267344282,0.024022530973667366,0.19964062842240238,0.1341656988862361,0.16633962391211085,-0.1529498114291063,-0.05273144801923783,0.08136671472273006,0.21117120080349527,0.057076530636344096,-0.11602787509589388,-0.10813205636542367,-0.13026940954811878,-0.07192028779888562,0.013816320618444488,-0.1821514468410854,0.09702161241829878,0.02004733689561645
He,0.0,0.0,0.0,0.0,0.0,0.0,0.0,0.0,0.0,0.0,0.0,0.0,0.0,0.0,0.0,0.0,0.0,0.0,0.0,0.0,0.0,0.0,0.0,0.0,0.0,0.0,0.0,0.0,0.0,0.0,0.0,0.0,0.0,0.0,0.0,0.0,0.0,0.0,0.0,0.0,0.0,0.0,0.0,0.0,0.0,0.0,0.0,0.0,0.0,0.0,0.0,0.0,0.0,0.0,0.0,0.0,0.0,0.0,0.0,0.0,0.0,0.0,0.0,0.0
Li,0.11775396376905721,-0.11670428683769034,0.01761878935996468,-0.009596324734861609,0.05816584730817502,-0.12359686870220975,0.008168764395595126,0.10367032135759166,0.0034715403412545263,-0.09830269153114812,-0.021730620301837426,-0.0005122812541950264,0.1276538956887243,0.06497509867000054,0.04838471778272354,-0.0702326972711572,0.035685482446180444,-0.12440169298354284,-0.015164570618760032,0.0903581065910558,0.10378398171300106,-0.06358039342312329,0.03325554724410336,-0.15944572409923746,0.01687000938486383,-0.11533209184036924,-0.12925232645077675,0.057052036384074835,-0.01031549160989205,0.11458629431361986,-0.05723042985730023,-0.11689945382548561,-0.10366717521680556,0.001679713069844601,0.11856185510575366,-0.07693356507248446,0.1596838431711428,-0.03387889167456617,-0.030095717089444505,-0.07439027446695766,0.12244158031622511,-0.10404317229826343,0.12113804818128565,0.022330802767021096,-0.031650413690750126,0.04605298358277273,-0.11617903035493964,-0.0789116282523316,0.07177528413240006,-0.042988480978874574,-0.020305637922309064,-0.12872423882624748,-0.1238627027282135,0.06454167122126643,-0.030378565465404333,0.15310557862021693,-0.019663587282677294,0.052956572069217334,-0.0816482715301446,-0.12285139586660214,-0.12968584017390075,0.07282696710424316,0.1121630005682604,-0.022076614404306576
Be,0.0,0.0,0.0,0.0,0.0,0.0,0.0,0.0,0.0,0.0,0.0,0.0,0.0,0.0,0.0,0.0,0.0,0.0,0.0,0.0,0.0,0.0,0.0,0.0,0.0,0.0,0.0,0.0,0.0,0.0,0.0,0.0,0.0,0.0,0.0,0.0,0.0,0.0,0.0,0.0,0.0,0.0,0.0,0.0,0.0,0.0,0.0,0.0,0.0,0.0,0.0,0.0,0.0,0.0,0.0,0.0,0.0,0.0,0.0,0.0,0.0,0.0,0.0,0.0
B,-0.15029418042491652,-0.005512023701907345,0.04742483735815006,0.06198328617071456,0.2078207489770352,0.06862066938263625,-0.15299497363583853,0.15358846625941774,-0.1252742315064394,0.0035584207762920095,-0.13025593734884655,-0.15869373421563107,-0.08881434236596174,-0.05079731575692853,-0.14223579334804715,-0.016799487115841,-0.03996818872332862,0.08314050117851035,-0.17038905178781408,-0.12328112432529703,0.0038781226857222085,-0.010967303320213274,-0.07781858563588125,0.14396923980878584,-0.0902976261390773,0.026414514519393747,-0.07988799653985854,0.0618162425791414,-0.11606144656429064,0.15979220692347915,-0.11444471997143944,-0.07171879844824236,-0.033638043504851445,-0.0008045084305793727,-0.16938801213711394,-0.07697912222991021,0.1340356070952333,-0.18018105763910547,0.004127461783226988,0.013859872209334849,0.04351269681965556,-0.18345733452152346,0.08170321946624827,-0.1594774363049027,-0.07406768073471924,-0.05878299647999531,0.07366584955852229,-0.16708745226019187,-0.11763826629211467,0.03684878696804486,0.0381008328767491,0.08910225145862889,0.2002750458937918,0.1660672761820195,0.0323562196705471,0.06443768541352371,0.09485798930535712,-0.171366019019386,-0.04220799603975272,-0.04711225982911536,0.00216927570674925,0.1175193253329535,0.08113209025544092,-0.02205263986234097
C,-0.06687777053833573,-0.04087450673936911,0.0222281712154855,-0.08549598015464599,0.16285393133698145,-0.05005399523354295,-0.18313725924092716,0.08918702408239047,-0.1714412338089416,-0.1399402735272635,0.036638148429298724,0.018967642771538486,0.06220045471240036,0.07195856607665008,-0.14716524674606365,0.014245270574774446,0.01522559073277379,0.11763652579295948,-0.12281402251322962,-0.10106993075685415,0.10342669959287987,0.1625149775311116,0.05245671920239482,-0.08344856770541959,-0.0036528587293080945,-0.0368197630896227,0.10018522166064658,-0.12646338650750355,-0.17284845654237346,0.054243305272849256,-0.09525225673214761,0.061484715137328685,0.1266648495818399,0.012396547879440572,-0.06275157606564867,0.07927224031650731,-0.05771163810100439,-0.04952685382578059,-0.0017337710152543478,-0.14810231998428827,-0.16142891600737388,-0.0958215247151005,0.21745747254647244,0.08362593834152916,-0.014777981768162902,-0.11544734958068116,-0.0791356657567105,-0.07859522570237218,-0.07395192259025941,-0.1137945161061844,0.06789314071083657,0.09977526973441395,-0.09468727620539896,0.11638835833122926,0.06774692880688599,0.001820175917138453,-0.13429402247187525,0.10629228004956867,0.08494515136162062,-0.08903492605208287,0.06050909472043049,-0.015234532964527146,0.1002684742790982,0.0007539327013663984
N,-0.11744556195135832,-0.004352952303529737,-0.016764679711018922,-0.11722801526278724,0.06304248856331088,-0.020366383457572454,-0.2403110576886407,0.016351138646476564,0.03735984409494372,-0.082993663684605,0.019325581108692803,-0.11029342526349953,0.10857646332449777,0.12981417878685403,0.010057053600094498,-0.08682450636819751,-0.060431116009050705,-0.06008646613308363,-0.08305048525647893,0.000754299806574469,0.011780953118000584,-0.008673600207596366,0.10802013257489135,0.055574615545930316,-0.0930750479139245,-0.01503030065340832,0.151893163486809,-0.09594568745588879,-0.10608875307917436,0.06414363148078506,0.11716078062242034,-0.04947199258831368,-0.09161165480291775,0.06696688859804947,0.13194192331026966,0.07263422783724324,0.11850598552147934,0.058820780014465064,0.1299158785351597,0.03844774928380319,0.0404930265555268,-0.11962625242219861,0.13885294752429078,-0.13740501787531614,-0.13561012325763347,0.033977911022737305,-0.13085848775041903,-0.19958522027263143,0.09639320257068294,-0.008556658754434995,0.08002749946323946,0.2009004385772828,-0.011101195680055935,-0.05287625187276684,-0.07650816809515422,0.03973821333059673,0.04467305353154398,-0.04715991858686958,0.015591730519080438,-0.11699993610848361,0.13972084865196915,-0.16170521366807708,0.12133694812959477,-0.0412674510164284
O,-0.14990415447416314,-0.12925082287715828,0.10058028073383615,-0.04124600275607148,0.006279423101305488,0.06671564194316315,-0.3223199113022358,-0.04811408314263018,-0.061217151488869,-0.04378983411512342,-0.1344444505559857,-0.1150081415374208,-0.021215038759988997,0.10573863314733739,-0.038272685363406306,0.00012023133000727607,-0.13923173080618137,-0.1892845955666995,0.10069898320389094,-0.14452640919852736,-0.07815439499568366,0.14741662174560022,0.07329469762887704,0.08568127622973351,0.04749376839083577,-0.08351081875040638,0.15076428664463756,0.1297365113675808,-0.12925119412364036,0.10429386279572894,-0.1361388385557506,0.057142969881924986,-0.1327639960719497,-0.03404477458396645,-0.19318609751657673,0.002179693838696894,-0.08517604825428142,-0.06344064237066402,0.09872396851633186,0.09645855887429815,-0.11721669255498082,0.06727990710335346,0.028589314260006816,0.07108135024759879,-0.0012065371306846568,0.07708311138846831,0.0065428354315067985,-0.13287863305605951,0.012317881027919461,0.18505783869601097,0.1406856587632522,0.0048237633930595485,-0.06698941884251133,0.11445957118283764,0.2613989155244445,-0.0909305709620643,0.07360226900882748,-0.12872344350433645,0.08734504037492655,0.04222052308926456,0.024450387584990997,-0.15031086206356264,0.05266369956547405,-0.017760314312547893
F,-0.18626321646398347,-0.15401717324309572,0.01141323668053417,0.022073930442841866,0.06981826673146098,0.12056906492910024,-0.15386093512633547,0.10116300931713476,-0.056273040213324965,-0.022339145214148447,-0.2263273042673866,-0.1449397855932214,0.13308090467908668,-0.046118052823700136,-0.0778137605395327,-0.03541116333078298,-0.19326979435725394,0.022280211476516053,-0.05508927821156528,-0.05769632627399851,0.10339052307326982,0.1172068310589694,0.02537601152675326,0.043988793487989127,0.06676536081652687,0.12011156825087349,-0.08621183712219155,-0.03139510449516343,-0.12473682077786022,-0.09635455277114593,-0.16646503118284256,-0.14909365198963526,0.06379264051612006,0.0036354941011073655,-0.14669960861209827,0.022954839706282263,-0.036484645090455826,-0.029547713892295765,0.05605762621568072,-0.13657571358028367,-0.04012967342163236,-0.08621915574155535,0.006411498113259497,0.018140192059175084,0.023231592031565062,-0.014082626635738671,-0.060094837638954846,-0.23212277930070116,0.0761317236772025,0.1846229309385331,0.15491506100927976,0.16660105506425119,-0.07932266648217595,-0.04835281003252895,0.11273236301887644,-0.058646220874158085,-0.15766594065988926,-0.09591319980872838,-0.04677336534614061,-0.09998932578825771,0.2142278755485872,-0.1544562410393542,-0.07367323994530975,-0.13965392408568886
Ne,0.0,0.0,0.0,0.0,0.0,0.0,0.0,0.0,0.0,0.0,0.0,0.0,0.0,0.0,0.0,0.0,0.0,0.0,0.0,0.0,0.0,0.0,0.0,0.0,0.0,0.0,0.0,0.0,0.0,0.0,0.0,0.0,0.0,0.0,0.0,0.0,0.0,0.0,0.0,0.0,0.0,0.0,0.0,0.0,0.0,0.0,0.0,0.0,0.0,0.0,0.0,0.0,0.0,0.0,0.0,0.0,0.0,0.0,0.0,0.0,0.0,0.0,0.0,0.0
Na,-0.01700925577912085,-0.07122529077557986,0.02175118511490714,-0.03736193267611946,-0.12633921380791038,-0.05593384932449798,0.09499268801225728,0.07767036674023868,-0.005854388238895505,0.07029421686563085,-0.04582430130393504,-0.05590166145752333,0.02271414445755674,0.020342693673212252,0.1371647679128175,0.07665652422631805,-0.05587800402731519,-0.12837371630891461,-0.027873155354884077,0.02781703031343784,0.17075871900814024,0.08917360537943426,0.01706661357995698,-0.0704191202732205,0.13411405283656466,-0.13469110096198553,0.049180463836931906,-0.07248578308370081,-0.01330178457637415,-0.039359756090740695,0.04033537459734393,-0.011314199551299708,-0.0006462621311782083,0.09082622279421805,0.11334259904162391,-0.06591305889660908,0.18215943186427466,0.04072309271049758,-0.07767751766898442,0.028964435468320306,0.12393634719351938,-0.022234916036788118,-0.024822653904068695,0.012941162215222441,-0.00014310209267104647,0.09105993903464339,-0.08947897052924444,0.07668827464704905,0.022334541619282278,-0.13423993964585337,-0.02362658276400481,-0.0813680710554245,-0.0945126563145992,0.05728490830224714,-0.1863323654843318,0.14785053326325587,0.04578890340077942,0.08293504274624515,-0.07992417175580102,0.025303240661829506,-0.024373517606392357,0.009907851426372714,0.10439270758995647,0.04105930878602876
Mg,-0.008025257964358603,0.14289320948149906,-0.06974505551117301,-0.11578601762557494,0.0887466945018641,-0.0961783260543226,0.04028296687109443,0.03105785790544107,0.15847590675518136,0.08287818120787077,0.08587663448692438,-0.05845999281546304,-0.05160712787499421,0.12034726077138393,0.02971428378874244,0.022418721050900526,0.03897096720729664,-0.14416314385350007,-0.041552725896516235,-0.11422442568829087,0.02946309461885364,0.11349146650694764,-0.153010269521681,0.10924659797655424,0.06497189236709827,0.03164023617242543,0.010636941205917547,-0.06944627088602444,0.07895028896131004,-0.012633044669389935,0.06505254162301208,0.10825873173248639,0.0856560707794882,0.05875069171674344,0.04035335988489964,-0.13134607314906116,-0.049297046013649676,-0.10361511091389257,-0.1295205627738394,-0.11315396416849885,0.05244582790895849,-0.15714809603553884,0.0016187447029855013,0.10140075313781474,0.09167623054185628,0.14135005854071764,-0.015017232259786758,0.04045488646513026,-0.04488684742524195,0.01918791743317065,0.07360258021909263,-0.13887976313275588,-0.054028396863040264,0.004450131534077437,0.09442100063452186,0.005710872353066576,-0.06356912537348723,-0.0036387832553357647,-0.0860580780409739,0.15525494701298784,0.07854665110826575,-0.09722950763941098,-0.08669011610679164,0.007620809483673863
Al,0.07189253235994299,-0.013838572225873267,0.10103267941779832,0.04428417910799406,-0.026244669878595615,-0.09020697247221422,-0.054501384366260563,0.054977822791014784,0.09661076713840551,-0.06460027295263575,0.07260181667506448,-0.18993925329942754,0.09747640742040202,0.005791986255286485,0.008461655613214405,0.11202640818482752,0.03236738436890566,0.02355365210463252,-0.11597704102530426,-0.05323925616115923,0.15352011761133777,-0.16932475668379368,0.056092373757173464,0.002178018814847588,-0.06900781657318943,-0.15065277983471112,-0.10861670714024196,-0.0401177342187721,-0.0418439855220974,-0.07878093436735416,-0.07800690599945385,0.030447561454943126,-0.04119553850081562,0.08149680954210269,0.006152766548877569,0.0841238823261987,0.05202203713284927,0.17309093604592213,-0.04247850476727138,0.15850925233396698,0.02212356194346227,-0.050542265421718136,-0.12078039555868689,0.0343631963302402,-0.09334267710564269,-0.10303891828671041,-0.019262519704248304,0.07031223676802133,0.04329829719432958,0.11647144023514865,0.023053108079244277,-0.02253371323750222,0.07158074227169575,-0.013702917846297916,0.12354857686637095,0.07296622325404385,0.03521231852793515,-0.07140449693632718,0.09894643465166024,0.09828604333436697,0.01907982910894345,0.004605649864013706,0.08477595901009294,0.13248235966398814
Si,-0.019187170266244363,-0.07060257877432267,0.09697036218581595,-0.06189870970365683,0.021904288591545855,-0.03558110927121406,-0.06170957516717446,-0.06259390329919429,0.0425086099957763,-0.078331468274458,0.12350371966406082,-0.009331316979246393,-0.004832221253919842,0.06212222816957445,0.05004174187392655,0.0709216650762333,0.16914337591187387,-0.038275007910736965,0.1715748743436817,-0.012678224989318136,0.12716181071665017,-0.06919247227962766,-0.12282460202347398,-0.016808085440213776,-0.034805953495197814,0.08637450869654335,-0.08086777705499436,-0.11529108451308416,-0.1666472154092132,-0.028097682136961746,0.11355287687985158,-0.03372649137000346,-0.023280133850197286,-0.1137150187869565,-0.07684560124122208,-0.08466362218194973,0.02230353288447278,0.12866643357655178,0.05481671996936626,0.11150239144290121,0.029100864202464275,-0.0024199938559603816,0.044593025259207095,0.11292843427314794,0.03574415037584049,-0.04195080474268028,0.01890632306936668,0.1053114944850736,0.01532328267767471,-0.10070138408189239,0.09320187036639392,0.1382610178039299,-0.07171419084910646,0.09162774127212588,0.08565809672821754,-0.06935729411624156,-0.04791336864017056,-0.04353158580842297,0.0666056574918436,0.07946986507781957,0.01445419838072093,-0.030655010606750025,0.10229279546289201,0.15934836997062923
P,-0.057600929454372,0.03004600647917935,-0.02530534579928722,-0.06675033165539074,0.03001270326581051,-0.11416590782434803,-0.1250484953515162,0.09395590905581923,0.09876515294829834,0.047731013652400005,-0.009650654447692841,0.09829699451375139,0.08809782482304222,0.1508953913048331,0.04792109732582696,0.013258507696377491,-0.0895790537875701,0.0388612021645901,0.08745352538275364,-0.12335976064089307,0.15326873234205732,0.04169923835310925,0.05797113829234424,-0.005035425960164177,0.02264862063580753,-0.09794630822772266,0.040765706067400355,-0.02550375891469495,-0.17281119559736266,0.08478128344798404,0.033637017090320416,-0.0033250116317967426,0.03239185546047896,0.08602037386614327,0.09905884609375137,0.025841032850894598,0.11965830815484373,0.02779860050213532,0.028331089944638975,0.07409248289749833,0.01712110749576066,0.07054603034811648,0.1520500848211916,0.01536555117994212,0.007039587894336901,-0.008029084327470863,-0.16392442192198367,0.017587931605797545,-0.06636170946602549,-0.08075667844690575,0.024969494476821303,-0.0619971386845019,0.12833559480981488,-0.07123838550867058,0.0441201768347103,0.03638575545257478,-0.052386363152369234,-0.025167648226944405,0.09579922093872911,-0.0652387912803893,0.13104179826893328,0.08077012875229733,-0.07611276970542097,0.1731929855812118
S,-0.11680960638578448,-0.16579094353655982,0.01727610444282233,0.019134431532511122,-0.10684977401686042,-0.14734434300476246,-0.09550578344633662,0.053325782724515464,0.03819674996464295,-0.1274935018701674,0.06677523149267561,0.1298446530420344,0.055521779560292514,0.09598784378620977,0.026007248139952633,0.15045443504886596,-0.011757241647687041,0.08568089191332588,0.02744503606157004,-0.1346142868637946,0.1833427301271032,0.09896314748507982,0.09429003600269971,0.05253263175031611,0.07364473671472672,0.04283753864012743,0.014157237448225382,0.017367395529682198,-0.08911360953837949,0.016236038597280206,0.00471758848780053,-0.1081278339264812,-0.06208001483388381,0.09673745763094092,-0.08295688177406312,-0.13006080619477534,-0.03190201823356695,-0.019729689615237283,0.00502681763423153,-0.06666620875997828,-0.1539311635071514,0.06876438837460455,0.11635384557215202,-0.09922182176653749,0.03863921305850775,0.043525905167326275,0.008124172319832746,-0.07773958386732172,-0.08100987350111309,0.01706263186830763,-0.08650451718748016,-0.05589232088890136,0.017410667708236998,0.07939078774341916,0.025857966270867297,-0.02649697175342529,0.1032769919849407,0.06108110668471106,-0.0041693174501650256,-0.013037166784025967,0.14529779855757777,-0.18148574744172305,0.06245689497296535,0.2043566867769302
Cl,-0.02100170816223556,-0.16649722452134974,0.11323606126201088,0.02244855951710095,-0.00246055074217734,-0.0046197580628558055,-0.10011290760537718,-0.1076691265285394,-0.10006834631289425,-0.0001336183881173024,-0.13467671688357116,-0.13096198314278795,0.0552578260662573,0.08895329919880904,0.13122965497699263,-0.08962297844693384,-0.14712232713153936,0.034744440543314964,0.10526304287625052,0.12327556517200937,0.1920622302021661,0.09594605918417458,-0.0357750546882154,-0.061000756818614464,-0.09838247261414663,0.10128344490713682,-0.03042956161547312,0.08409069804073979,0.007807764983750048,-0.06948803614869196,0.1449661922383009,-0.05428327333024923,0.10714750831514669,0.04105915438200464,-0.06997475571022929,0.004252207886262296,-0.12178891096211629,0.08512622552388353,-0.022393934334576725,0.04090112537046016,-0.15186464761712512,0.018635751149893836,0.15093298814676656,-0.014811007237579762,-0.12101832451915039,0.0455213010867299,-0.18221903588386265,-0.16525584598199602,-0.022613761330743106,-0.10686320958000932,0.04913644248479879,-0.012422983753535845,0.036142329585371294,-0.12555787623471676,-0.09778542300417863,-0.03799730643371437,-0.018957697522707373,-0.0813746241257244,0.07461103681471527,0.08163729297514155,0.10638880145987545,-0.11264273401372953,0.007890592852932638,0.1679748720833322
Ar,0.0,0.0,0.0,0.0,0.0,0.0,0.0,0.0,0.0,0.0,0.0,0.0,0.0,0.0,0.0,0.0,0.0,0.0,0.0,0.0,0.0,0.0,0.0,0.0,0.0,0.0,0.0,0.0,0.0,0.0,0.0,0.0,0.0,0.0,0.0,0.0,0.0,0.0,0.0,0.0,0.0,0.0,0.0,0.0,0.0,0.0,0.0,0.0,0.0,0.0,0.0,0.0,0.0,0.0,0.0,0.0,0.0,0.0,0.0,0.0,0.0,0.0,0.0,0.0
K,0.0722766968139082,0.06628241085935169,0.03180521286233244,0.006318754200089061,-0.08777290922253335,0.013026656974141652,-0.05971808752308116,-0.10017697728779387,0.03937941534110383,-0.0015009253772595168,0.1010177385937202,-0.033220614553389094,0.006152778862937329,0.15050423347494657,0.09641476758580392,0.03225340654125949,-0.01261743636226697,-0.15081431052127997,-0.07045297368762672,0.0016036262374431562,0.19585182505993556,0.04850898915385859,0.07849897273913485,0.020419524019169612,0.050994390197376484,-0.10479016596264634,-0.09403086715869219,0.06961038428362838,-0.08075438152450208,-0.001061671597732075,0.16488279308383072,-0.11690288689849895,-0.1090097467984351,-0.05510809508353234,0.14719701168892388,-0.07828435916569969,0.07472946422886734,-0.0399957366351834,-0.013838514067149588,-0.07040746414323412,0.10477402181752009,-0.029616392683639508,0.047332677883150875,0.011497410775405798,0.01430740240080869,-0.028175421740061775,-0.09956892680692393,0.06799551680392195,-0.05237775038121776,-0.16865262354050878,-0.18911883768512175,-0.06403991949320618,-0.08364290637977922,0.12191982424577896,-0.16830203452076106,0.043686996745264293,0.10767768644367272,0.10145601180258518,-0.033422778955896286,-0.11473282440420225,-0.029116433029661513,-0.023413097391080433,-0.05063439769552361,0.0056007556727384455
Ca,0.04345958995159965,0.11295237012264159,0.023718369035991466,-0.11606659805963782,-0.15771761288043418,-0.11248204250185082,0.04955761950499559,-0.08207992689907215,-0.020654731416397596,0.0017928204863140657,0.10538956003394259,0.0591451338995595,-0.05855168560181668,0.05285694491961968,0.16159296865323133,-0.07451069920240849,0.19133780451762705,-0.02013243388744991,0.06336106896542792,-0.05947333878120644,0.07362675221082772,0.012752081064959939,0.061762630480839166,0.05225300916826266,-0.020172619030978778,-0.08532110362163194,-0.02679210944102214,-0.031291272757534384,0.13166135921414215,-0.028195456677117557,0.05294898226941277,-0.019770167293236367,0.07019208535506981,-0.04752627993029407,0.16975277817068626,0.08647001650405248,0.09314931848907795,-0.09841535321307746,-0.08915840503515012,-0.1714582466300142,0.05728793505425785,-0.012348687139639094,-0.12541390378446277,-0.12861529300551813,0.09730117627496256,0.002195020808519227,-0.011622431941585503,-0.06128911467957477,0.01626666990516003,-0.10728133443290443,0.0052110673623776025,-0.08738299728106255,-0.05093399063698224,0.05886796076324487,0.006737888280422365,0.033861693450018764,0.09729696866787546,-0.05646678281364568,0.05384944635507991,0.06440093631864327,0.01857374524299383,0.0892096527647205,-0.11211371729315776,0.050712099173156534
Sc,0.03913080841852203,-0.03196599947228483,0.12277069186612449,0.10969375543466443,0.20447961750591684,0.007655020904640082,0.07407142177256298,0.04795130137237761,0.08091325800572277,0.13393851590099212,-0.03179139834622426,0.15974156814638887,-0.05858232728786596,-0.0924539840909839,-0.052280581923986054,-0.18244892579184868,-0.015473207560138896,0.10294129384796136,0.0003036732044747935,0.06766451452741017,-0.11432410773673077,0.03601319345215938,-0.09751443883860837,0.0741403487808704,-0.15631524862106894,0.08766497055268885,0.07531777400748522,-0.04632140084846141,-0.12424293117423063,-0.005688677278101976,-0.19659071470506584,0.10706307936208377,-0.038856751042333125,-0.07128350278554958,-0.0399307820530948,-0.030123184731552337,-0.02931112642340404,-0.0499439099344587,-0.013616576237239,0.04598917120434248,0.09070260819368339,-0.16334008154988178,-0.14461169605041038,0.06241174877207466,0.01997424669998421,-0.09340597151772563,-0.06369773654674564,-0.10587492636546732,0.17628822112334128,0.15875403214643452,0.0728494849044526,-0.10673667912732142,0.16207477211725946,-0.004171494043447564,0.18319335657857708,-0.17270742908142767,-0.009614976051553353,0.07848520438917109,-0.10238931797069535,0.08962546099967798,-0.02970924276771603,-0.13832578900211862,0.0787634006950752,-0.23205971792683988
Ti,-0.09803179462835299,-0.01234045483605914,0.14527709086778973,0.13356780516037056,0.10459651015590704,0.013276932777605934,-0.11448047904145922,-0.06456478493410722,0.044047050266832595,0.04883951043047938,0.08429402977589932,0.06853635287155331,-0.1660909299925692,0.07563282340057285,0.1126736164421013,-0.06398921199512037,0.14885643196107168,0.10332148997216209,-0.07114197029286762,0.12174794648529219,-0.14583415977562822,0.03840695189890753,-0.047054076635881036,0.10176017376369992,-0.1699432831716388,0.1236086642942162,-0.030236642832111423,0.02763032608717439,-0.03151788346579159,0.011082403009312536,-0.15938281432477228,0.0686540154127642,0.007959912099472609,0.08329732212255467,-0.22570284383662606,-0.0065782269831565045,-0.028539712091574878,-0.09880992619623502,0.22271738769588165,-0.1647004380011637,0.04131656516782146,0.007084299949158733,-0.010327713328675932,0.14476243965933175,-0.09788640604525214,-0.049392968310867695,0.042347833060750587,-0.043493334513476506,0.04327193169242498,0.038885353991242204,0.15909472229473262,0.04060619982572644,0.043333904600105895,-0.004305782451706112,0.11643534699447895,0.011816295674923982,-0.11607516130793713,-0.01430205916610679,-0.023707949264140275,-0.033830531857804276,-0.21523908783056342,-0.1543841938617166,0.004581413947969352,-0.26913592228962735
V,0.006060016015059126,0.0590137588980878,0.01377209221030839,0.0035677643370933283,0.15851458575913369,0.058356162877870196,0.0036626759473606598,-0.060557029895100124,0.11115333948808706,0.07604349251601528,0.03737859331055569,-0.07070985015901586,-0.03208880068482805,0.08706102162478313,-0.10954077060113815,-0.00675826467283818,0.07489633062389907,0.026455594015193717,-0.16432302188337514,0.019147449324318153,-0.10989837718289525,0.008761613691383131,-0.07465564771462585,-0.038241070014613944,0.017103549601282773,0.08453120939650968,-0.011022668249748326,0.11005752114083421,-0.08787462024652766,-0.14547516492945053,0.019064397356888838,-0.1667808567459423,-0.10935133885300725,0.094893440673079,-0.008523279164541672,-0.1073043354650018,-0.04285464732441546,0.043967321900844576,0.05184034440965629,0.13027800782550375,-0.05707339324428809,-0.0015656860136076837,-0.09618636536955645,0.04129535874257662,0.06993495893701264,-0.123574122517963,0.07762890391073764,0.07124879922394148,0.03618580084274893,0.1416950396029596,0.13861766432682968,-0.12888053429016547,0.060353707755982,0.08198513713131782,-0.045326699846209566,0.060885367690569445,-0.003916569656820511,-0.07523305659740445,0.09458649516744112,-0.082387608673326,-0.09825552517914923,0.11349257814776748,-0.02449186330131663,-0.1189688655142894
Cr,0.08319024069869456,-0.12855598287732928,0.089358930858776,-0.11817168310745528,-0.014539331516120782,0.16780417228249692,-0.0392534721694611,0.12520094037828136,-0.04096292896079984,0.04323867204245529,-0.12478176019110133,-0.09017397718695776,-0.07369497688324045,-0.040579139838780504,-0.02263183085993102,0.012634172143320316,0.015010993124649099,-0.010172621792926256,-0.19996633794140015,-0.04446940058676472,-0.09788291931288487,0.012629281530095075,-0.0208947557240515,-0.01290305851488003,-0.1398877424031509,0.09280021031009784,-0.032892968274253136,-0.030240956613747386,0.018404883252374233,-0.018745558159564215,-0.022619637540748857,-0.09316313913772643,0.012957506696338392,0.017704170776155687,-0.11132042837533626,-0.0740837359385474,-0.21923153639574808,-0.1074832625395886,0.23196896558147712,0.03603896416580024,0.05124651597363733,0.01072053832992319,-0.06617971466416324,0.20968034211258796,-0.11868572412416815,-0.06283050469936982,0.11577573951205801,0.09469802442165495,0.11842569657283294,0.16807188856256094,0.10260383846129452,-0.12363556066824691,0.08330460430238174,0.17748494112141813,0.06948551823523695,-0.05894439206255159,-0.061794852445199104,0.0378480718057385,-0.031577847416833185,0.06412560692829548,-0.07600514608236814,0.026711814607266956,-0.05408368547580447,-0.16351272882182408
Mn,-0.09498842807996691,0.06725128114663056,0.07355886393615303,-0.0782296026187662,-0.04037982366192664,0.1649710628348452,-0.020339976868220307,0.03446059898664782,0.0020461773309949955,-0.0858986090326455,-0.004986496995995291,-0.07610969130702745,-0.13894270707517883,-0.12369762686079062,0.0007447595269077606,-0.01144908709078767,-0.09363589165113066,0.10704244100778018,-0.1378756802171859,-0.04304100331474907,-0.07006051452202162,0.07379242196078935,0.007944850315205918,-0.1647956598599071,-0.19028415083743117,0.19636023239566974,-0.12340046537239695,-0.062986474547452,-0.08917697769910125,-0.05831093458393594,0.08115923475820161,-0.11476992194780485,-0.025655233778024294,-0.07826560300668046,-0.10216554625703941,-0.08391951371134053,-0.234811694550579,-0.07929480939864887,0.1458678346974398,0.09518745907974341,-0.04696311919235097,-0.060027820583142745,-0.07868734407616422,0.1056666194097809,0.07056035998919827,0.017318362090129238,0.10375438621992489,-0.014351810635869716,0.09754683314354429,0.004526208378541185,0.12052174025233826,-0.08836460966785985,0.040222425573925025,-0.04065583128335577,0.08344073743632867,0.015275649843769374,-0.034860956909225485,0.06162096817757671,0.12360286448890191,-0.05451219958011145,-0.11828264166366466,-0.0026034812397715194,0.07024310392642434,-0.1443365228332009
Fe,0.10246979516194486,0.05350590464857192,-0.03911439761686545,-0.09137348439876739,0.13068547701375008,0.018597163758206064,0.10334754300209256,-0.0014597030692224797,-0.08183269330867937,0.1049926451867285,-0.0910152130882464,-0.06834709938464362,-0.08775834271108728,0.01885624054304036,-0.08388380149165238,-0.07369225176344582,-0.10216066185882307,0.12717964805802498,-0.1275333626545247,-0.03218913534147266,-0.10793367087132572,0.01994916705760604,0.07394064981479123,-0.1279440977106912,-0.020613488575106153,0.09209663518084987,-0.14018034778383082,0.08742078318558598,-0.025203066702834884,0.040615433237043475,0.07994110016816261,-0.04159692695399135,-0.1463464315461451,0.06822132507374777,-0.14290611619545424,0.02467615077021443,-0.18100436061699637,-0.10826002036144404,0.15318072669557714,0.00938839883914551,0.06694308980455019,0.09311484802087416,-0.08473079990782696,0.05579841453365537,0.06193382550079826,-0.01781577299407346,0.10210254672559392,-0.029933324814283634,0.051590946221532916,0.04639396378089384,0.07287433014965389,-0.013604921748693447,-0.04165372584960091,0.13388426842359952,0.1568847652037932,-0.05741892395894589,-0.15985407738138244,0.06775735931558541,0.06867376726039731,0.14754953709845736,-0.1602730333630033,-0.0867541530421015,0.14080977396877672,-0.16450607589987043
Co,0.09558294033694736,0.036122301822003995,-0.03188171270318992,-0.1303024427205271,-0.08221641040955636,0.147938486261781,-0.10179011038763952,0.08189986815372308,0.03660367747782402,0.02801306059314937,-0.09584310305750145,-0.05383426866169987,-0.1746135700934304,0.1034781146116299,-0.1442611277077189,-0.20367131964419313,-0.03507520207509107,0.14247842285460058,-0.1354530828763405,-0.0389510332450497,-0.17401259493725774,-0.06126283320272589,0.050494606330858297,-0.08668661612590618,0.005099248395251572,0.07441444807002238,0.02023184150861874,-0.06478309356440859,-0.08000335196506772,0.053617146470103634,0.043474568797541475,-0.11373588161061174,-0.03541658532849565,0.08557048504339014,-0.0678974436693433,0.0816227826225756,-0.08486554804847302,-0.10029193562247116,-0.001349443926701598,-0.05612385363291673,-0.08961876623087695,0.1089779771785774,-0.030896891358384766,0.18294282181156474,0.0021739577604692898,-0.09872451469113172,-0.026396206242658538,0.14803613844923036,0.02038457841066696,0.0627959179298874,0.18105548788021772,-0.07888114007539912,0.14616918311456728,0.093849513820122,-0.024345247096685778,-0.07055988823104209,0.07937260919872348,-0.03459257876725159,-0.09832629334698266,-0.0012105666524692225,-0.02075598873806748,0.029328890468337872,0.13127260053594292,0.0296032019454245
Ni,0.09493739979910422,0.0314665047869507,0.06748837675468139,-0.12756079510541185,0.08999016038548906,0.09326596422113463,-0.04182108208376929,0.06879639126064911,0.10002828195463953,0.11228212398702475,-0.03502305280921196,-0.09794215037318799,-0.1458421758847886,0.018175289909679114,-0.040556985394342486,0.031342725962099104,-0.010389112792601045,0.04128008125490805,0.03256815459882095,-0.022580889659779106,-0.16539505491314152,0.057129753646278404,0.12428287622412522,-0.11296344927995433,-0.029711034957264456,0.05750683038408972,0.0777662038015474,0.08038020568109652,-0.0016305598352257362,-0.09349522547916693,-0.047825823203550465,-0.1566843732305123,-0.1586577561731141,-0.09057571962171403,-0.14438340350496262,0.03250564557006284,-0.030126349985980728,-0.031002471491640125,0.10273520709960668,0.05148977748099577,-0.0033512892472231876,-0.0351784825579134,0.092712325298389,0.15209299315980937,-0.013274134109798427,-0.1271068097843547,0.1581431124059396,0.031083047146666386,-0.11494019112613132,-0.2127076277802424,0.08740548667262568,-0.044491044265981175,0.13459132551664085,-0.016664673747925532,0.06639642848968963,-0.10593605870380765,-0.10313785546378626,0.10192350776645935,-0.10259744027165228,-0.08367033426453348,0.056804271927078515,-0.09302395134221018,-0.19074987867161183,-0.05037676168889416
Cu,0.06760166524325686,0.0030699763492040184,-0.060301847004623474,-0.1303364659124287,-0.04425033703522242,0.027058032290849375,0.08654639482955086,0.08346514300813095,0.08547718826798906,0.023853166548871162,0.06855009903693503,-0.0919052437637876,0.023732599755305884,0.048468317112249436,0.08013200674614217,-0.0360764918161471,-0.05449149658281938,-0.040604104333557295,0.054102246094768096,-0.07939357288256821,-0.08883300157364346,0.09638469236548301,0.10418887142331999,-0.1756317357074939,-0.07265399469616864,0.043698108657268996,0.015517770606695434,0.08050406685891588,-0.11817364232138103,0.084478096859883,-0.027668729131724034,-0.13412785576127495,0.08389693877962122,-0.0978075729767419,0.056256186937846786,0.05044184662163203,-0.1705472051981347,-0.018508088553113977,0.07435330221049767,0.11026385885293988,-0.06254295294284284,-0.0018634649636640845,-0.11940612634378771,0.07622563146941154,-0.04220590995797469,-0.13522755444475162,0.17100526370145663,-0.07838332249447336,-0.11306378735364947,-0.019606888968566005,0.08104171797009133,-0.10738354916041379,-0.08309244926585835,-0.00886422646420554,-0.12378097167490247,0.04181727140240628,-0.0036472308297632295,0.07221175799847122,0.018388960955270022,0.0933057245702153,-0.01571687224012636,0.08464989302395287,-0.018995032153983876,0.09272767707144564
Zn,0.036001567177364434,0.059812740564029084,0.05073460950421645,-0.0011203870119266836,-0.0753181549453816,-0.03542484657984983,-0.062157041380628365,0.057406493715787696,0.01805358511395413,0.06732994172939187,0.10756268194432576,-0.053593067122604116,-0.05703593037455924,-0.0376516445453289,-0.0015704032859037353,0.006834954829246037,-0.01342195737042246,0.1364291445535618,-0.08699047534416679,0.07533902012687728,-0.08742324999777717,-0.14492693421780686,0.02784694341087279,-0.11442225760788721,0.0985730902394336,0.061730406987234664,-0.015107523931687697,0.05422361168939437,0.11053126510286887,0.06546401559762592,0.1287033730553867,-0.14218588778703029,0.10765764535304352,0.2158014775778269,0.08180803865555435,-0.025290248950398265,-0.01988591073365585,0.13924394237167664,0.09001442551192289,0.09994756852453864,0.05178591345775606,-0.05091990026851528,-0.06846901718430827,0.03438711731411091,-0.06586698157056235,0.012028947369152354,0.04835046871284381,-0.03626671747650636,-0.1217557790656676,0.08475516236962047,-0.19556641357054177,-0.008101231164843872,0.05739040759019995,0.1746479601393212,0.04455035720390732,0.10461809839335848,-0.022804141392322445,0.08787999257353209,0.03093603518719139,0.01763087733891238,-0.02498973961479006,0.004183622187433844,-0.056678778746581684,0.06006259670871982
Ga,0.10774434426207731,-0.09475077695808144,0.08561462573554,-0.09359198110961425,0.06761140317247531,-0.050705061006452,0.02332101312078453,-0.06800332924425716,-0.024940541335481414,-0.12979365587556596,0.08691117063017038,-0.048730815645268245,0.056872613843160134,-0.09510326675274969,-0.025666400892344354,-0.011873004192165663,0.06392025548956863,0.12963154544507335,-0.15344002749039892,0.02556925829223956,0.12187340541952162,-0.01755869511314925,0.05341812444225765,-0.06596589567084804,-0.029654184702270752,-0.14425881685322559,-0.13127939622796414,0.04074690930310964,0.06432741958136923,-0.09819447858624365,-0.06990705161772434,0.019963325154033013,-0.09921644154243488,0.05985868864612591,-0.05892488293614166,-0.07237702558793556,0.03200635346027302,0.15399558628796584,0.052925828461393244,0.1300993507959636,-0.025324761446394877,0.05002503508773686,-0.07876018312607809,0.07322619197179,-0.03265607936668361,-0.0932767709358228,-0.07259027208984781,0.0799784981287318,-0.08657682261076134,0.147001915129294,-0.0727989993860708,-0.035170817342444906,0.03200193359153723,-0.09647734850385173,0.06378985508791735,0.07160692722920137,0.08115378827869733,-0.11455827217286875,0.13674638949627074,-0.04592710064355064,0.1347770917727363,-0.05221673096735252,0.09857933007220054,0.014165117897510246
Ge,-0.03484243175928506,-0.09796545039748612,0.018951959152380564,-0.14907088561969287,0.029292382690191014,0.023242423706152503,-0.03500564119467472,0.07494479990604123,-0.03502385210114285,-0.05519651305025169,0.07275070507017098,0.03304561886808917,0.08863066959984886,0.1629904619788163,0.08606437821487953,0.08218229506930978,0.20573824647771063,-0.03583705151929012,0.17552651899724891,0.025190815907300334,0.031156529551631416,-0.11134437937020797,-0.040788233829225994,-0.004961434003540178,0.03776731263310071,-0.045707314016801316,0.005795341157418168,-0.06480765422688611,-0.020366476411075463,0.03644902626045566,0.19811379027783585,-0.12171558630619624,0.03853391981432907,-0.07952910570253319,-0.029039203628543436,-0.04385896725458933,0.028142501876206955,0.14776728308401205,0.06503918985476242,0.11894249886218093,-0.10052734245881034,-0.03027429315055775,0.019007394814339326,0.04590953589402097,0.11778928357694649,0.014542001594609626,0.005267989671391123,0.02720350787586937,-0.04381272266387075,-0.1885686851271656,-0.033969936969274875,0.048528895212764024,0.058241513488697966,-0.042764963969212866,0.0033323043421115335,-0.02664523505144661,-0.14141293230875757,-0.03821601408030645,-0.03060909199956068,0.007290944194601378,-0.003078416890871165,-0.06899238954634983,0.0031687197303006207,-0.02868689749028873
As,0.03158483521162431,-0.08560411642994102,-0.03805881078814804,-0.010610422280237558,-0.016482985032699935,-0.06795840859781543,-0.11161999722657906,0.06241422502633528,0.10184476453484079,0.055871595523163904,0.08511857616588456,0.07272465445819973,0.011594679744668303,0.06784022202676426,-0.06206183693667061,0.06854087264061363,0.1315304867148433,0.06421163829746006,0.021969630111223253,0.0696523841393462,0.15241033853195493,-0.1208949534755146,0.09992172600476067,-0.08190570868845291,0.1359663541340233,-0.13163301496213403,-0.09653393499756928,0.06044804725865712,-0.0825572678692591,-0.07396702203665044,0.12449148917986502,0.024119637750875025,-0.08896984547157964,0.10322401347952802,0.14005813304236697,0.016999135170703925,0.10231557788266712,-0.030139320499018595,0.02966758290640874,0.045110040738248425,-0.07468060869455385,-0.012608018345677919,-0.007767289051447703,0.019253883315583125,0.009894695303864177,0.09712333514075379,-0.10977136932149281,-0.08981023434226827,-0.020247285762309403,-0.15962043325288172,0.015365569464502689,0.022756721581410483,0.07051016961127651,0.00951231927640627,-0.0940909763979801,0.03533595140817775,-0.063668640691871,-0.08560960653525636,0.02523688383815156,-0.10370686461985767,0.11381700808581566,0.03411678566018423,-0.07001573621440312,0.00933148839429588
Se,-0.01654671454308334,0.04183366562540185,0.07102251871700697,0.03265356036995704,-0.052491438646788006,-0.012177510340608783,-0.029115099699546308,-0.06970141663644894,-0.09673892077694402,-0.04788579420684757,-0.07949012297744078,0.10885482585207,0.031633425048541046,0.07121811346381872,0.0273348512994631,0.15260842060185043,0.09976817419696632,-0.05307363424468597,0.08723870680679235,-0.05135535918027397,0.1338270011368188,-0.024389648552594935,0.05561549123857093,-0.08160286185031512,0.0473416473154416,-0.07960800540080451,-0.05908580426546692,-0.037906297747941436,-0.03556124698676707,-0.07210033092694192,0.10152904875975187,-0.08483051209652585,0.04505467449289035,0.10317063709783215,0.11163939697195159,-0.10653228017852436,0.05009576817632821,-0.06319526621697488,0.10037438706889618,0.018682889212161415,-0.08645872028763134,-0.017177198318052752,0.00848759866840792,0.03769726616330229,0.10747203288147042,-0.03909795550046933,0.006280741173419501,-0.18506028772992,-0.034220411500642305,0.025189003250705704,-0.20400993895326217,0.027073759634849384,0.005697809045924034,0.12259367417257323,0.016655728594836577,0.10568208695682825,0.08137567557990534,-0.06940135289272852,0.03863417115902751,-0.04612861770844361,0.18333054022968168,-0.1828711771490736,0.08447032492690316,0.134672005175096
Br,0.01781067318410329,-0.13335244588330067,0.019151211281816096,-0.04969371712351548,-0.0018619699510249196,0.013301049314878471,-0.12619847290972988,-0.09696100024810947,-0.027378688204949254,0.03569155638358375,0.01101463256942097,-0.05965042493602941,-0.025737358982550505,0.003163810870136484,0.021539174434456354,0.03727977045538174,-0.1350489201415725,0.026936067533851346,0.1487572111030589,0.14647842412178017,0.22746220267031653,0.11033960860684135,0.09928813838050277,-0.009640741026628206,0.054233864455430485,0.16395800402470437,0.1232424120456186,0.024606016429421177,-0.052997433241301815,-0.04425989249460486,0.1827611863590508,-0.05709508982803691,0.10363004550137521,-0.04042644347675089,0.013056422995230422,0.13227326720603752,-0.10957891071324502,0.010025888066409696,0.06318936284129076,-0.07584514540509714,-0.1454622526219858,-0.027925289704355528,-0.059238419635375864,-0.009316739607093609,-0.061274335669069285,0.03654953089679789,-0.17711239816536237,-0.04630129791905132,-0.08881026679805269,-0.13155445449999328,-0.11909541791878725,0.013580751976028978,0.009325530540824847,-0.013531697000771677,0.03643670061723773,0.14881306462557828,0.04510453265901281,-0.13487240113354257,0.0729143633023262,-0.09240342509084429,0.1363512092900141,-0.04260997040525768,0.07645949949055582,0.16740664296720392
Kr,-0.04840344771914275,0.0813878913352184,-0.11701098162637437,-0.0280688317904984,0.06270865683267147,-0.0011396128554353668,-0.05681333093620588,-0.13111177378358113,0.05743911232137171,-0.09947175121276165,0.05213377705578044,0.05412187164935213,-0.037465345617276546,0.08679034647302862,0.20093355435886054,0.09355590801546995,0.020160443068481887,0.06756837857644749,0.07470526794124321,0.0573883797867204,0.16777707231245473,-0.14014909463385283,-0.021413216373464574,-0.1410778945781959,-0.031069294343296534,-0.1561791716101045,-0.01598298295179873,-0.03745076712857817,0.08095066118966869,0.03032890610997974,0.10684388632138525,-0.02283816605772776,-0.09531904718287687,-0.0010763669342519029,0.06738177816716065,0.07667101822715569,-0.06338472848721476,0.12665631463898347,0.08103071810081379,0.006908414693514112,-0.11064219294509323,-0.009615110744686508,-0.006698498425078004,-0.05499477295951313,-0.011671186295786059,0.001380848706247759,-0.17798566613726394,-0.16189708183532325,-0.07187176600547451,-0.14292710279240556,-0.15981817751274055,-0.04220145091962991,0.022143935388092454,0.11177137547113218,-0.1160434078011093,0.019851074037507688,0.1534949893435493,0.006897516752743724,-0.010266242970542966,0.014617770548080933,0.07543437612956592,-0.0339860108484431,0.13618832450229457,0.014136068612749794
Rb,0.09511909772519289,0.0657157805877463,-0.1054659441357014,0.13996284101120038,-0.15760832716277326,-0.04396163322852822,0.06362375587237422,0.008296520186343831,0.0348293319486951,0.019133219273268328,0.05684941761103248,0.06543496019918338,0.07501559748386807,0.07617303664362807,0.1755557812817842,-0.016732733503564134,0.026482405941155984,-0.19205237245580778,0.03707792570534104,-0.06763193134513963,0.13492773977623743,-0.05053794142907504,-0.04308211160957662,-0.04292700170147536,0.008801201106058103,-0.09759455736170056,-0.06316783815102164,0.1270627338238252,-0.11595787783959298,0.08872428395030944,0.09285809083020195,-0.08138685028912292,-0.03484134374900911,0.10409564785434292,0.1794430322446923,-0.08127637779337177,0.08355306018215082,-0.011040554038544806,0.025895697980646906,0.0232368076763472,-0.12035804025847215,-0.056681552815405045,-0.022183979461008453,0.06144073466308677,0.015407801803645456,0.11453291819988767,-0.12727423054197562,0.06561486717762263,-0.09472078864642977,-0.055696039532259135,-0.1049699032674145,0.06470756185472351,-0.08313665087927297,0.08687464672829812,-0.11195551691531333,-0.01974886090817942,0.07668867060600588,0.04120454930563927,-0.08833734969158048,-0.11305938920068649,0.015580806069080076,-0.040962956703534316,-0.027304747002302725,0.052062302391212484
Sr,-0.06572862788527864,0.11406441769628292,-0.11556644237895884,0.04691030325387249,-0.03811686629874403,-0.0005631648460984818,0.1568069933733082,-0.013491841697114282,-0.060265328596144564,0.046510359207880644,0.10340065793648164,-0.03521052443199195,0.03259635296936401,0.08538789850975494,0.013540757159453002,0.007810586623191217,0.15215237146741709,-0.1311048194531299,0.013891787871484847,0.08362934388082541,0.14416754734435325,-0.01112494521932924,0.04895674352038378,-0.12312598572400657,-0.0570788499686793,-0.10450009140843496,0.08631888726275627,0.09142541151577144,0.0865954356921745,0.022319888542163005,-0.004953413817372707,0.027917657901124614,-0.020519188597775864,0.0004225032757594259,0.1329608582628596,0.03644607535610702,0.08513393583114943,-0.011580059127559838,0.021825798890131334,-0.1400701554563896,0.0579480249822677,-0.070286399703662,-0.0713701871511704,-0.09761923346910203,0.03676719655219424,0.1479824002044654,-0.060457221538699514,0.06856901971315929,-0.11454195722072044,-0.18767203367036223,-0.06500912529141464,-0.06037206924383517,-0.0249956114808919,0.046821127087796816,-0.024855514348743536,0.018781411346460847,0.10147208785643884,-0.027259238143448376,0.0050538243087710575,0.04011493511160775,-0.0682214387338391,-0.0650682057512977,-0.039128486201493944,0.1369956033061208
Y,0.08341786033198474,-0.056187750208535184,0.10290479190083494,0.06836915467926032,0.18464414848495786,0.15986736754335779,-0.0007191638476530793,0.02170439401056014,0.060452796506071174,0.021911993251425402,-0.12899160315384584,0.17383034060416622,-0.04891938803863286,-0.25484321387647707,0.02947236688700331,-0.0676142791503418,-0.0883354357857533,-0.06826294465295868,-0.1352874491707828,0.1532572783560829,-0.09002541712404816,-0.03783426159828393,0.036569212038533465,0.08522740232788946,-0.07141341403456924,0.020488285577084108,0.04772190521861728,-0.006492182305167145,-0.09932228124769228,-0.05602069809887537,-0.1940482633993419,0.20482571413781897,0.1151331317255594,0.0026841066106586715,-0.14607457613832073,-0.0022505254581958135,-0.08114081616619855,-0.06656500597568814,-0.11977104230652488,-0.01818542714557827,-0.025807466295960795,0.03179596135311822,-0.036896801227528996,-0.05635275736448128,0.044113109695790624,-0.12240329781839948,-0.007100711360675897,-0.04454201597754647,0.19406840979252066,0.020637615873695492,0.06935088157366018,-0.10704856913023846,0.013622916559762515,-0.1265830801304472,0.1360878759353014,-0.0663029025090974,0.0705096388672812,-0.027997933986019193,-0.1663293364735859,0.11014612618659923,-0.14318746939793708,-0.07933235530930767,-0.029676816315280883,-0.12875573495960946
Zr,-0.03289615077968863,0.13321708409835478,-0.05151721363394915,-0.0007177028001527007,0.012653731017245498,0.07070608976925995,0.03952131974072585,0.08471268500087607,0.09656383542895665,0.1126547831876128,0.09622588353838846,0.011928337928104143,-0.00309215885184934,-0.1091430810285504,-0.026948738373113738,-0.04346366167767396,-0.019697993564757585,0.03181331653286433,-0.04718013545337643,-0.03208514189805048,-0.14172766434001507,0.14356448001047195,0.02328531374964061,0.23750132979982885,0.04115606395470342,-0.014063163065522967,-0.035447953129841725,0.056134700411228866,0.026495640326355284,-0.021952047531625288,-0.21505716527179183,0.10916840289886783,-0.014739948141989931,0.04045844339945535,-0.034483479469193196,-0.07367285295043446,-0.09729243231309119,0.026942619204137253,0.047335581458326656,-0.012799096093149729,0.05696568452178777,0.017242035967362228,-0.053303697001713723,0.15593533058252915,-0.015712706388105104,-0.1602652647319605,-0.06071950908769489,-0.062183886088547816,0.07313225380549769,0.06055300142314808,-0.06964509968862306,0.07286805697884133,0.0826575194126687,-0.11810714725202509,-0.0201387380923116,-0.08542500324555442,-0.08379589852462732,-0.12482440481208702,-0.16586088127584525,0.0026088288104842306,-0.13774551418935968,-0.15745769976115398,0.1291150468310606,-0.14547365151647082
Nb,0.009374940990208545,-0.10920528037379636,-0.06761210994218333,0.0991482137664621,0.13670956104661472,0.052360022388666314,0.14995241646108728,0.029588350344246655,0.08625975860634746,-0.026934789435434772,0.06832777399615614,-0.009954635391501739,-0.04909133218978834,0.09092421178728745,-0.13572068587196126,-0.19993095620319945,-0.12263385901635951,-0.031967979744469105,-0.07090305695252597,-0.06705591897211882,-0.03832683681501434,0.08496781391212965,0.022179149617885766,0.15145565431510696,0.050734164727697914,-0.06864824068472121,-0.09184701833313723,0.07248831722790683,-0.012740485235155424,-0.08663272621049785,-0.04408897774110599,0.011101604122126112,0.0012874572973815696,0.024561647640432,-0.07204488977809864,0.04481517273097767,0.0595123633076843,0.07893282268731024,0.07923601748609918,0.04409226367259037,0.04942532534739506,-0.006290683786591551,-0.08066772428874187,0.19930382244935804,0.009816827062437581,-0.030590343281828348,0.16178884291302442,0.15581599336234997,0.04780355540298776,-0.05690731963926765,0.0421107643128325,0.07700643725402888,-0.018615577037626327,0.09676249822570945,-0.16557025243035645,-0.018456783222448092,-0.015674506579916554,-0.0666024059201153,0.08204529509053185,-0.0015427937631659321,-0.10620719252299395,0.0049855689674074615,0.029624934577049313,-0.06042884859018864
Mo,-0.08072105957390388,-0.02938675948305064,0.08132921534070227,0.12160651444430991,0.00617110527622835,0.15151674037441684,-0.06098789576404515,0.007446018822044463,0.12546362971330646,-0.06567285341100099,-0.041779674144851814,0.13102484476148998,0.01315482353335545,0.08145050173697754,-0.12542939941688577,-0.09702694699249945,-0.06281301797234654,0.032749664489268956,-0.11803859484721366,-0.08345256063751967,-0.15001976856242338,0.09514120165869298,-0.0483469747241026,-0.0909136603637088,0.02716662830478953,0.007734444494902375,-0.06828041366552035,-0.05658393947645936,0.1071645252689419,-0.1165535841754704,-0.13227747966189374,-0.05915503413795869,0.04173653287709764,-0.09143365281526619,0.048997785927220344,0.05910153460499081,-0.033620563021768246,-0.08223391742511894,0.04945173275997265,0.1281724215609537,0.09416274656253527,0.1257816988037405,-0.0778931813774932,0.12496156120633567,-0.09242030445306343,-0.02323382257723518,0.064147083038577,0.0021928072170918182,-0.08145217322021624,-0.019330016401341618,-0.01978319285874824,0.06418660111385226,0.010360127295086662,0.07731312960453943,-0.08396713665427573,-0.08467852862119041,-0.10761997308950233,-0.07377159077681389,-0.060583114040762984,0.11731658534021897,-0.11221654268385282,0.05500789801689784,-0.15372465555721493,-0.11156203285281613
Tc,-0.16422662529669713,-0.0630527284867918,-0.07138629898759631,0.08570200409450467,0.12728023762325555,0.09243132576871939,0.0710293661546502,0.03016404075481827,0.08231074767116353,-0.07147295744345025,0.049425592403157304,0.07353639109294227,-0.06953035561478645,0.016565711586990554,0.013863359902717294,-0.08625265232495499,-0.06279489797169166,-0.10732123946007201,-0.13308599111736105,-0.12176524889649977,-0.11275205803937417,0.03204774873544397,0.06504047061847516,-0.07179169251973193,-0.1246538104139315,0.05084349256367059,0.056863487036745805,0.01553180659094673,0.02688129071382027,-0.13343875228404523,-0.02296765847195062,-0.10784359470640789,-0.1287592327156197,0.0475695493297309,-0.0536882712239907,-0.0771583460626736,-0.03699355918648006,-0.05731274714166751,-0.03951316435270046,0.13230158240964693,-0.09194910298328152,0.11507926433815752,0.07526813909283742,0.03572502332479848,-0.01763998950282661,-0.15762705340327238,0.07202662560683355,0.02538869607661896,-0.03233519003049113,-0.05501224592059365,0.04371520789070742,0.03800609304181668,0.08113087406830889,0.061853276232578004,0.11494054829992956,0.08389221551661817,-0.17513527599575862,-0.040687468298158225,-0.037996607513429294,0.10059664932312476,-0.13619842694813655,0.1315435509008445,-0.0008767759366739022,-0.04049712434038495
Ru,-0.0964225992846942,0.050820590710187054,-0.09962123194235163,-0.06925760528984107,0.14523985042472407,0.0681150971061335,-0.08600495026508088,-0.09990983874992276,0.03753173660650575,0.02615755137569268,-0.03238962878620683,-0.06856304106714899,0.08522598287103189,0.06524707729345475,-0.022665349927451155,-0.06681841046584895,-0.11228724716833208,-0.054282812848082326,0.09465595077389938,-0.14332537029403045,-0.017876520042614464,-0.13476792550884664,0.022911505833482747,-0.23767668538186332,0.032990464475634695,0.11855982412429684,0.03409365117848221,0.010159054285920736,0.016009251520202973,6.062177253039718e-05,-0.12853890511980265,-0.007849027009601566,-0.14082950535246594,0.029566413738133127,0.01993075822471867,-0.07748320982270912,0.07005410689276169,0.11583840950035686,0.02926644286222519,-0.03519933270971079,0.024012651490104394,0.13108882308905648,-0.06214979828488361,0.10065277809660526,0.09227329269006515,-0.06051405058120092,0.19598984402097877,-0.04553705593360084,0.015997160094957375,-0.10190186698065289,-0.0870447621098491,0.06623278720609901,-0.07097101063983627,0.04273012476724832,0.10977129737822836,-0.03071645197717337,-0.11458005824833088,-0.027285285102663176,-0.10428537786956098,0.07688002278631241,-0.11565927513194355,0.05496024987489544,-0.12026829160606066,-0.14277982228731725
Rh,-0.09848235751421604,-0.07801647377505469,-0.012512411071330724,0.034775690783166974,-0.1327335588479062,0.04043829092177919,0.05915404114106307,-0.10531102682979476,-0.04716787284889968,-0.04635709067114548,0.15698526641214136,-0.11234768290025529,-0.035420357834129765,0.15956907291469477,-0.052378495870119446,0.0040327653164344305,-0.07820586113043713,0.11978394811804886,0.11739839372105991,-0.05188423176739584,-0.1040573054156004,-0.19553441902465515,0.038952881788473025,-0.14564491270485655,0.04602425691810348,0.07408363820974505,0.08620193853956265,-0.07242935210280642,-0.012356016452832701,0.03131579971790466,0.0357068964895896,0.06356363366222255,-0.08739487104978391,0.038819277371375534,0.11594668836059449,-0.04450879585543612,-0.011871606841427932,-0.06997620804623336,0.008301957869860276,0.07657125286988241,-0.14888973431113492,0.09476743543694305,0.09348649824858118,0.12112683620258222,0.03824462302862226,-0.03112801570785084,0.13308210710873217,-0.0005257301533885781,0.010116912332871188,-0.041251050776711,-0.08575590860013103,-0.06464474367304399,-0.10421421400213463,0.019105186575035002,0.01112489696149848,0.11796359229098363,-0.09032192420908774,-0.08606991455694067,-0.01126175825007889,-0.057530102505806716,-0.12014773976595806,-0.05925306415239516,-0.08585908216951671,-0.07150799244084083
Pd,-0.05044862812341561,-0.030704261367682582,-0.11881887182167754,0.06986311677694383,-0.01182423506700408,0.024235124226154346,0.06274031389470862,0.022874812115830236,0.047627688790603515,-0.0806422841277578,0.1126477807344862,0.02879540583106022,0.10074910902437775,0.11133388283800869,0.022653124801602094,0.07769126555910354,-0.045730692700352564,-0.05277550652014132,0.06636846432559393,0.0621926281974983,-0.004582197301173434,-0.1026301968018221,0.15162818432012137,-0.1291617492066725,-0.001201542977774474,0.07945737544191059,-0.10250557210692236,0.02836793186376548,0.09929396508695369,-0.065719710322383,0.09777051995017318,0.05201324984993334,0.01902686675154769,0.15864599339392713,0.04368116114231466,0.00024609632779817403,0.11177970899745199,0.007212860705030974,-0.014149164420502725,0.05541107207168273,0.03624374115154823,0.07429799111855268,0.024872101241557792,0.059107355873665196,0.06299547131374814,-0.03777888433153526,-0.050600169219721554,0.03268488204184345,-0.13582096400863314,0.04893711333861306,-0.020001317382861393,0.06254892308709897,0.148603119616337,0.13326511648065828,-0.14288214686721634,0.08109350625803903,-0.07562978400197051,-0.017578252329574523,-0.0396250410431517,0.0156379668103515,-0.035334509996996076,0.040574303548108474,-0.1402290161054555,0.023169287603959584
Ag,-0.053167034873541234,0.040398179978034764,-0.03834506645486436,-0.08440748040888078,-0.04543496536615293,-0.000848539645434286,0.020856427565849427,0.03515448701729337,0.10947867513560211,0.08156983053934944,0.1369244601566271,0.07435515610819543,0.08412076545322027,0.08239704108871738,-0.025655569907487807,-0.004735071156787038,0.04181101107719078,-0.08870122852775948,0.09300742073694061,0.03696073921969957,-0.0002422568081393295,-0.08370836661324618,0.11167204849072883,-0.21791736154657296,-0.03875718824683714,0.1074102935821148,0.020864120552823603,-0.0057415883973312,0.10153011917198913,-0.048449719223461696,0.03688703808439613,-0.002864628830205936,-0.08808400875619228,-0.06063570837586878,0.07902666460388875,-0.06391587230253194,-0.05351978040280904,0.04872314623047798,-0.07085743140728501,0.1318347935925833,-0.08120237529790122,0.045604256169745595,-0.0011051749908336478,0.07031592072669461,0.0314883496566078,-0.01539679291858363,0.16260970316676968,-0.1107984062303557,-0.047735195523723996,-0.016490297867978166,-0.01345205309538668,0.08540487503051246,-0.0979255203034934,0.011291497998777269,-0.11054333947210866,0.13165782537370527,0.003601597814346516,-0.03493250582494394,-0.07024704330954189,-0.04909080233386079,-0.11837711359635128,0.018719209367147622,-0.05610301017071069,0.11358083270418212
Cd,0.09125940868034689,-0.0353395668009261,-0.12210901512433292,0.0978394477088496,-0.12653526705710186,0.08570632386790908,-0.06668721142620558,0.08156712829886317,-0.014827479413148718,-0.0977353045573784,0.13172807983219764,0.023143693643552118,-0.015146504087699568,-0.05431262571843331,0.0646704966086058,0.060826903151512686,0.06992091550622703,0.08803627716054899,-0.07566377652429986,0.12283535582378967,0.027252115880668403,-0.07021141542056009,0.020460784719104938,-0.08344196137177402,0.12547030903897888,0.09765896083306475,0.05689974503606164,0.04192874505303264,0.08163661569265324,0.08913080439005994,-0.011623318013641795,-0.069226961806415,0.004100651809993308,0.19690764303290034,-0.061680107076470085,-0.07553036300444482,-0.06854910912412286,0.017842332019277863,-0.032752641062688596,0.09517415697984205,0.13830835490947876,0.045966893614786154,-0.10520457883262237,0.08666963276721501,0.026699173392478626,-0.11703286295908558,0.023675951926279727,0.0440337499571945,0.022115282793605095,0.04719522614553698,-0.16087393720392384,0.0950596427587568,-0.005026569859626279,0.14771294728254067,-0.01059045950398169,-0.0069864581193804795,-0.10859544561557109,-0.06763896192855805,-0.027174670548521993,-0.06761547875290627,-0.020171210335358902,0.049385534375154215,-0.03712152684226619,0.09776408026144424
In,-0.00945951060994918,0.06961671050943152,0.07488640070757699,0.1033595303237283,0.05937882508951441,-0.12567089935168596,0.07936314715904177,0.10655086882309728,-0.07632079678563235,-0.15725927537095552,-0.005439637245687849,0.014631758054599752,-0.012870092813080032,-0.159379794936181,0.01163539270820806,-0.08588766940023507,0.0310536115920123,0.08525551648965461,0.08307240060099366,-0.07569606077073228,0.1424542576720526,0.03985931642432329,0.04224995655068829,-0.0006392976339977771,0.0023548755303497144,-0.13490414994102576,0.06856808757179535,0.0871920808608316,-0.018833486407757633,0.09214780668795229,0.09318416993700972,0.17754276122336735,-0.08841183639653905,0.07023709471122881,0.04768907961558201,0.05459390729203831,-0.08156415457439035,0.08924736760990584,-0.05535647233706061,0.1465140535461094,0.05905850895949022,-0.10750219562242685,-0.12756235688127204,0.016306384627223114,0.026643065607370703,0.001436575305923262,0.011608123616983098,0.08882858739171595,-0.07106826321834622,0.06823462007938251,0.040898830395104314,0.1265241734773991,0.004253154457280446,-0.09648111831959126,-0.041458812227025355,0.15814455585660586,0.04461868055006154,-0.08990450138590254,-0.09056859812614249,-0.049797479401391447,0.07281251710887146,-0.000729498723015357,0.042562100269766215,-0.03998411180666572
Sn,0.025943980628554984,0.06062756287855056,-0.049562596784147116,-0.030775177506114425,-0.07240732306027854,0.08171842881372487,-0.017120825641118696,-0.03872191305825328,-0.02143229444986491,0.06355057047760232,0.11980479395245541,0.021049953846476902,0.037999873574767896,0.011628369860063449,-0.08550369707201484,-0.039026234837445876,0.06661544887345978,-0.05190336466632989,0.1433997836694835,-0.15370066159842077,0.14399932301688337,0.011708110371021535,-0.05199920952677465,-0.05875464385905529,-0.014619945974284123,-0.11150260916707694,0.007613448904663358,-0.007336528678440396,-0.11343179808296086,-0.021740589415024686,0.16764463458964146,-0.011828500365713658,0.018429769712357574,-0.07055853593690702,-0.07020796118975685,-0.014519775002191987,-0.04372252265311214,0.14643230335715834,-0.038466055958428384,0.0637905171212099,-0.020486401381342712,-0.09206768606038905,0.0988265495301959,0.06345526252440246,0.08474023493338634,0.05378657175191929,-0.0454909691198268,-0.06027923923413918,-0.09324842129490632,-0.12677767541709833,-0.1005014084631201,0.14921250926632237,-0.008347332211911893,-0.08878766776015061,-0.08662198134759537,-0.03689198181446152,-0.15280655925345044,-0.06557401679173147,-0.12942282471088715,-0.06366899890249292,0.02514197230058516,0.029828603759798105,-0.03570450208979913,0.10873760837311437
Sb,-0.007619165947260618,-0.03238808899915313,-0.14798356960326264,0.024240734651580286,-0.07268215535944252,-0.05313701726253833,0.028924735435901745,-0.013799312476725447,-0.006096732461738981,-0.01952685232699583,0.08045477848539143,-0.04443880787533891,-0.00046803244939714326,0.10241698902766418,0.05623921737034339,0.049516915327623014,-0.05490267824020709,-0.038614280745729326,0.08125669863861515,0.0381427658117951,0.1611763939261166,0.04110634731075773,-0.03665284056133519,-0.014605865436149536,0.15883919837069832,-0.1451164045314223,0.03842368653023459,-0.012317388471903525,-0.08668539273505192,-0.04376178968059724,0.15173343452830923,0.09299281828502443,0.0346463274673098,0.016677187070923694,0.06730954864134182,0.05594283992105002,0.06838602849809887,-0.02688736207137199,0.046522068680469215,0.059636868145035694,-0.13483728717612364,-0.09312222753070931,0.0942137612752384,-0.06538822827068182,0.0012059383033436646,0.11205654601927836,-0.01586472684342659,-0.12027050049473546,-0.0429600315824119,-0.1699319396484581,-0.13337008240267373,0.17719731290002783,-0.0019198088369802714,0.04603229208926414,-0.09114734514343667,0.009144072977856075,0.028739520841397134,-0.10159656005657208,-0.06941438177759167,-0.0014154376118872846,-0.006711253937675417,0.09431610143473035,-0.1332292103595773,0.051485121053492906
Te,-0.012255957675573444,-0.028851663107683893,-0.018593521048953687,-0.02565941752726086,0.009013641475204122,0.008737934517580075,0.04198373392802356,-0.01855046954875834,-0.09939011760706527,-0.0015933179099293197,0.004413349681235967,0.08999580667782116,0.09871441547566821,-0.0018749250008156144,0.0879402209279087,0.11522668312940454,0.026943181832616982,-0.024882224373998958,0.007928016661527528,-0.09091385376204612,0.17813101737742223,-0.14199098794172638,0.12325232458596952,-0.09183863156993913,0.16589991401608234,0.08323332653532849,0.034846645785419884,0.03924715223929141,-0.010898743475732161,-0.05064057933102171,0.022430632528902348,-0.020850892296456265,0.022223584519101773,-0.007475880539766522,0.0537675771337944,-0.013526850771226308,0.09970490780788616,-0.04338157313410821,-0.0011247269567189683,0.1153753189382664,-0.16589888968455827,0.0574053578728101,0.041851095084632806,-0.02176636435168235,0.016067661371030967,0.10672227344677196,-0.11089597861488888,-0.10799913226940029,-0.07588013599327001,-0.08406039653713028,-0.1270158740599333,0.1442309253589343,0.10571789724650535,0.04961756563121267,-0.10717182521067233,0.03303136693563963,0.114286957181281,-0.061593119402872216,-0.008326895175144984,0.05394398115963127,0.044251656855926615,-0.09706817312021336,-0.04555261531911765,0.13281069232424064
I,0.04587552216360739,0.008316952427205539,0.07976791147987083,0.04788323279409246,-0.07618907640162426,0.02860109114351,0.033348394692520954,-0.12133658581338716,-0.014565329034634008,-0.07108114726633653,-0.04849267776746783,-0.03467026415645516,0.13497736733132484,0.06504482107203806,0.01759424574760951,0.037053033278738094,-0.08768419454467723,0.05150364114165306,0.15617726793561232,0.021367657013200928,0.1885914400584783,0.0009575930958610296,0.06294918609843453,-0.0158171980973329,0.08476029278508479,0.0840082359654327,0.09066982487962928,0.07286225534777846,0.010664487289703086,0.05406112754846518,0.07128359451489048,-0.07320529288169807,0.03550582674927291,0.01302326112243708,0.0842479905254804,-0.10196879405856057,-0.11999647857208944,0.1351678691509324,-0.06546867183992472,-0.0748767892565863,-0.14542832718770538,0.07048583076127342,0.05516549952058757,0.0986496829154021,-0.0876116022507613,0.09350760987156206,-0.1386138764094343,-0.1498387260883673,-0.06209366992721451,-0.18488345149245458,-0.06292391736187938,0.04217001394929424,-0.038308758739032535,0.10679476503015274,-0.04139175919025229,0.15272735199540466,0.07310466259161448,-0.1445139522484344,0.029195947746015062,0.005575917030436104,0.14362698628881512,0.043550473696998326,-0.00411050404658218,-0.0028130931070963904
Xe,0.0,0.0,0.0,0.0,0.0,0.0,0.0,0.0,0.0,0.0,0.0,0.0,0.0,0.0,0.0,0.0,0.0,0.0,0.0,0.0,0.0,0.0,0.0,0.0,0.0,0.0,0.0,0.0,0.0,0.0,0.0,0.0,0.0,0.0,0.0,0.0,0.0,0.0,0.0,0.0,0.0,0.0,0.0,0.0,0.0,0.0,0.0,0.0,0.0,0.0,0.0,0.0,0.0,0.0,0.0,0.0,0.0,0.0,0.0,0.0,0.0,0.0,0.0,0.0
Cs,0.0,0.0,0.0,0.0,0.0,0.0,0.0,0.0,0.0,0.0,0.0,0.0,0.0,0.0,0.0,0.0,0.0,0.0,0.0,0.0,0.0,0.0,0.0,0.0,0.0,0.0,0.0,0.0,0.0,0.0,0.0,0.0,0.0,0.0,0.0,0.0,0.0,0.0,0.0,0.0,0.0,0.0,0.0,0.0,0.0,0.0,0.0,0.0,0.0,0.0,0.0,0.0,0.0,0.0,0.0,0.0,0.0,0.0,0.0,0.0,0.0,0.0,0.0,0.0
Ba,0.05503770877744221,0.05611496207389901,0.02404107410563159,-0.054993747037044814,-0.10954420686564181,-0.09214479867537236,0.11898442943047553,-0.038139596958999676,-0.06623214453000786,0.11540362619014902,0.1338190447788022,0.019069058716459395,0.10325941510447204,0.1268556729544555,0.11251964489323422,-0.03388538860155082,0.1599819964681983,-0.06696871823645476,-0.036904787112683586,-0.012600041050364183,0.05151113135042008,0.07619594226255735,0.057142098888380906,-0.02594517508833152,0.08269351218645836,-0.09979839953918597,0.026273514562533812,-0.05305000040776648,0.033618867760339045,0.10147847350636777,0.07885976987632913,0.04362614478360168,-0.09253528401135926,0.07341559918832685,0.041496402861129926,0.04561995376757439,0.057209568503848895,0.02846898240378107,-0.08812278910281285,-0.06883090978095,0.08640909779841521,-0.04169139302220025,-0.021847555493922838,-0.06801321722923373,0.1325492351420745,0.1322413077187253,-0.08200585206626453,-0.031676439110054196,-0.06452010207266759,-0.17032313777985014,-0.09325398062126124,-0.09552265570665622,-0.08772774114588265,0.07104029609324174,-0.10348108724847038,-0.0020739495230006127,0.13999915197640692,0.07012673957263722,0.05660553649845633,-0.02792473470968318,-0.1070605142770628,-0.02584116837832599,-0.09610458357838714,0.05303650410261324
La,0.0,0.0,0.0,0.0,0.0,0.0,0.0,0.0,0.0,0.0,0.0,0.0,0.0,0.0,0.0,0.0,0.0,0.0,0.0,0.0,0.0,0.0,0.0,0.0,0.0,0.0,0.0,0.0,0.0,0.0,0.0,0.0,0.0,0.0,0.0,0.0,0.0,0.0,0.0,0.0,0.0,0.0,0.0,0.0,0.0,0.0,0.0,0.0,0.0,0.0,0.0,0.0,0.0,0.0,0.0,0.0,0.0,0.0,0.0,0.0,0.0,0.0,0.0,0.0
Ce,0.073625337234245,0.07910513879334188,-0.04884425955674919,0.005028879814070889,-0.12976881135088644,-0.10812211312054212,0.10459269287038513,-0.0621210304108507,-0.00026713040403631956,0.03075539285687034,-0.16596312573690727,0.05571119303256807,-0.06964081739053761,-0.14989103658612443,-0.05171302922058798,0.10094369397202754,0.007467770877056537,0.03365646922824332,-0.008120879770245917,0.08816915469959002,-0.0399384656656313,-0.002845425799370566,0.0008235150783956289,0.12186254842285281,-0.0647615717563483,-0.06651726911014103,0.10834778132542479,0.009944318151929508,0.12989174635307862,0.0283656809846495,-0.06043711082194372,-0.046906031408165204,0.001151205744978897,-0.09892163956764177,-0.06823059986319568,0.04272174138392361,0.11200983082113607,-0.08734212779121268,-0.15273955506132608,-0.028880840384031065,0.04544206895020872,-0.023413495919393817,0.006729071040075317,-0.09693753868462711,-0.03709774283992962,0.007361888668748981,-0.07188010968886727,0.1596920400153274,0.05422513776975802,0.08043687475069135,0.07055489040769004,-0.09667495888339121,-0.09772201708488469,-0.1726424238312836,-0.09119348794794692,-0.022389706227498182,0.04698656705086717,0.026833260360737948,0.0076609983676032,-0.0017496092926240921,0.13294377947469616,0.12055211386139231,0.0013453447664494914,-0.0648542524535898
Pr,-0.013126040244857787,-0.03267277003769567,0.04956550560372782,-0.03566094711374973,-0.13613548027394737,-0.09790446658118582,0.12179952398890025,0.04359425850897217,0.06304537212807176,0.06633427450156734,-0.056132207903178244,-0.02351760265756277,-0.029517204624425107,-0.023151241478682867,0.020529434923262074,0.012650965941283681,-0.01202504128953737,-0.07268429295666418,-0.035315856412836674,0.1217135547700025,-0.0792993976775366,0.03030820673908231,-0.13153106524131725,0.057023100926117565,-0.045698560957348436,-0.1344820738450351,-0.04297847105503601,-0.055750307178407746,0.04382607034735521,0.10663753981286431,-0.07570216829930604,-0.07641931813917444,0.014885062277074698,-0.009149392356507184,-0.004723243990912861,0.060380463049293155,0.15877690704622438,-0.056446786100103015,-0.08201394679300233,-0.12461694720873022,-0.055727148149924875,0.072622450090269,-0.02151698510707327,-0.13990922998598232,0.12332228327718806,0.11402716429156,-0.04597510516718402,0.12144531623831506,0.07716662913937915,0.054786985395928856,-0.11203062584829115,-0.05326491065059229,-0.08575412796705428,-0.15023451593193554,-0.09054448572543741,0.0568553463844429,-0.023245666452389593,0.022949696003629904,0.021059630825307096,0.03568569249432236,0.16373960322196132,0.16788508230539237,0.11704535593169528,0.05105722815197642
Nd,0.08069245129593965,-0.023997708085938745,-0.05414000349749907,-0.06792377880677461,-0.1461474355337571,-0.13012528508515644,0.15589066250089528,-0.13979543056172794,-0.09493610248200787,-0.020818368710941667,-0.033395844724834,0.022191501325098176,0.06531524931117155,-0.161283632176798,0.04574876530007384,0.060241986000325334,0.058386124079232465,0.04178672954604924,0.06710214813130617,0.030790888574639075,-0.05172164121085822,-0.037423454062646924,-0.025112545882120325,-0.03362388062357723,-0.003624421960855207,0.034258075627234284,0.08364865064895075,0.021359148513944794,0.12861078542259968,0.036205403517477405,-0.03300879087165213,0.026604215763438997,0.054423186998517274,-0.10947747135891181,0.03266476244021632,-0.01371217082613456,0.12219314323588723,-0.07450821746486679,-0.1390163175671086,-0.10380307769632029,0.07457056047511657,-0.010445042537905978,0.005735870514064746,-0.11266578159076791,0.03834629071593897,0.09106590605596533,-0.10034240924372792,0.11162303704300368,0.06036924875244466,0.08876597641507646,-0.007208371496517923,0.07831931155197272,-0.05840550858022957,-0.12766681714971517,-0.08335420776958577,-0.07717257589423296,0.09244062098243215,0.02808136863010142,-0.026407494780371788,0.08418975484118178,0.12966560539109462,0.11514106129866755,0.033550419295793076,0.04241424826753263
Pm,0.0,0.0,0.0,0.0,0.0,0.0,0.0,0.0,0.0,0.0,0.0,0.0,0.0,0.0,0.0,0.0,0.0,0.0,0.0,0.0,0.0,0.0,0.0,0.0,0.0,0.0,0.0,0.0,0.0,0.0,0.0,0.0,0.0,0.0,0.0,0.0,0.0,0.0,0.0,0.0,0.0,0.0,0.0,0.0,0.0,0.0,0.0,0.0,0.0,0.0,0.0,0.0,0.0,0.0,0.0,0.0,0.0,0.0,0.0,0.0,0.0,0.0,0.0,0.0
Sm,-0.024521527084849053,0.06504591162324504,-0.07533359389755177,-0.031037262455443106,-0.08329554029896527,-0.033690343863043155,0.12666120830874955,-0.14206558821689955,-0.10427404681920077,0.07353948151042823,-0.12853896096352865,-0.013722957810885382,0.04953782923186861,-0.1107258376550451,0.016314624469990286,0.010275305283074788,0.09609082174817203,0.09564441062113237,-0.041971190004100864,0.11046439822811518,-0.0927615814105226,0.030809543674751357,-0.05769845174351802,0.07132339514561237,-0.023586898463161653,-0.013254279454596103,0.11358383839122352,-0.003823987176397966,0.14026061731949596,-0.015718333659952947,-0.05611467735270667,0.02066505214952636,0.02194733382604285,-0.11115452420890243,0.04925645815941374,0.047962159288026884,0.10658487275448099,-0.023158195360791625,-0.15920243808586634,-0.12409256867557512,0.05398245209161947,-0.04267122424968551,-0.0767923015717207,-0.167387036688449,-0.00797708174286841,0.030322846996694245,-0.0890933057628179,0.09967800168670168,0.012889055561686907,0.06917946913364777,0.02979908638855458,0.027614660390862137,-0.05979376701702439,-0.17698221387684185,-0.00839433667451405,-0.04275981423438072,0.03011856121653198,0.13031541625665083,0.08531749220068034,0.08389357084549648,0.15168588461476434,0.14531230585674154,0.021194685512493594,-0.018691856858231787
Eu,0.0,0.0,0.0,0.0,0.0,0.0,0.0,0.0,0.0,0.0,0.0,0.0,0.0,0.0,0.0,0.0,0.0,0.0,0.0,0.0,0.0,0.0,0.0,0.0,0.0,0.0,0.0,0.0,0.0,0.0,0.0,0.0,0.0,0.0,0.0,0.0,0.0,0.0,0.0,0.0,0.0,0.0,0.0,0.0,0.0,0.0,0.0,0.0,0.0,0.0,0.0,0.0,0.0,0.0,0.0,0.0,0.0,0.0,0.0,0.0,0.0,0.0,0.0,0.0
Gd,0.0,0.0,0.0,0.0,0.0,0.0,0.0,0.0,0.0,0.0,0.0,0.0,0.0,0.0,0.0,0.0,0.0,0.0,0.0,0.0,0.0,0.0,0.0,0.0,0.0,0.0,0.0,0.0,0.0,0.0,0.0,0.0,0.0,0.0,0.0,0.0,0.0,0.0,0.0,0.0,0.0,0.0,0.0,0.0,0.0,0.0,0.0,0.0,0.0,0.0,0.0,0.0,0.0,0.0,0.0,0.0,0.0,0.0,0.0,0.0,0.0,0.0,0.0,0.0
Tb,0.03334211618820892,-0.0051773343498180534,-0.0008639017841902526,-0.04447204832965645,-0.1499936677461362,-0.12390125545992206,0.07021418383742808,0.0004918978035866429,-0.13645162882331405,0.05955753409799558,-0.1128058967494137,0.04306587422184489,-0.037565170847913505,-0.17646637582499436,0.04195411651925975,0.015004850378681118,-0.04558830074062419,0.043137738727737435,0.0666772101532186,0.08521721395671655,-0.017688772080831257,-0.03132324898614166,-0.138081518149192,0.035134056539888166,-0.09124784445316668,-0.06913157962227316,0.1112012480475052,-0.07042506271532765,0.07906187273000907,-0.07403364325322215,-0.07037647042429289,0.10780180757139221,0.052951215792942985,-0.19190923682714725,0.06572283368544811,0.08533001088381695,0.047255140660895645,0.0019192344607664527,-0.1241108463533281,-0.15208441387503235,-0.07821209827065224,0.046628868325332896,-0.02457954236740205,-0.2060657207167677,-0.059466501929961946,-0.01119396456582794,0.10727763518500201,0.06254511615645929,0.0021399504429061847,0.07259636271362582,-0.004262458496683244,0.02235786628909834,-0.03006877695908258,-0.11933947865744084,0.04800870186127196,-0.13223897368420232,0.015458699288144837,0.14760818706913606,0.003317159195585836,-0.0007307981929889698,0.042636135712887775,0.005658479033764912,-0.052730252940664094,-0.09840670872333698
Dy,0.02864236328126972,-0.014054775731165618,0.05192456174027865,-0.03516686592122004,0.03928700690291049,-0.014171319918431673,0.033057890138251646,-0.026614935227680582,-0.05332270866715599,0.004572083937746325,-0.030753723266479443,0.038214247049249674,0.023446532032517117,-0.2125954514869951,-0.07247945420820437,0.014900934506087144,0.012956712842883071,0.00019304702427937537,-0.11281453421543683,0.05364984651705281,-0.18826583458715238,-0.045462615275551725,-0.1702169936464654,0.20689236796907157,-0.11841135263347094,-0.04267940925801169,0.1267875510904928,-0.0008204402550300781,0.13280244804918315,-0.04895879436617649,-0.11871919161162604,0.0764021848951626,0.08230407627596378,-0.17226724409080427,-0.053162155115750995,0.08220870005194436,0.010128055918779107,-0.09319120315033785,-0.12786744305610212,-0.08361970350999959,-0.018175843043165555,-0.02742053346206358,0.021439051484823005,-0.047623720407931794,-0.08362338744933051,0.1035213958940427,0.0010125494323319384,0.14688445246358323,0.14341507471143336,0.14820998428357912,0.04404071071734052,-0.11364366729962933,-0.057982746628243785,-0.15295797478534554,-0.019229718358963997,-0.09754098542448747,0.07208078204376855,0.06353349953006505,0.03338620458120969,0.022785127782729668,0.06970990726913685,0.0047168991308855,-0.04515562925093995,-0.03330705793235806
Ho,0.04092128829751044,-0.016363727808175917,-0.0071885272815099405,0.032515806505916484,0.009220019101028851,-0.03424137234129651,0.04950631598268677,-0.07259214815759948,-0.08465360341079665,0.013779700670026908,-0.045844916108885296,0.013035918078901858,-0.07451706834392997,-0.1131465090993324,-0.04508935050703832,0.1030138746620657,0.007231414044399968,0.03744310460524063,-0.0848800051327158,0.13002598521750244,-0.12502647320082894,0.02297749487321848,-0.14820482605903457,0.20544076580266035,-0.11129537478287109,-0.01915794928481822,0.13504046711788276,0.019162670752654216,0.06549006331842976,0.03699675513259222,-0.11444134150529992,0.05965109755330774,0.1192746912451787,-0.2415215956380711,0.046061959775584145,0.06350751696568185,-0.03655367545492798,0.017789515550061207,-0.18905770831551122,-0.1340665033136319,0.06675054773842254,0.07994539250659784,-0.03607783559191893,-0.15237654196285813,-0.060868295906412156,0.06645200110587544,0.048677529819706244,0.01211896087175153,0.1274146312647611,0.13543250270602714,0.02218331822691321,-0.06388760902438824,0.03378414809143664,-0.20705983472411835,0.07754785575854527,-0.1417479790942276,0.026173925265733197,0.10365226364954569,0.040179144595507824,0.04767530244248574,0.02978283846282094,0.0225694960034473,-0.017659214571886274,-0.0947472871106948
Er,0.07696438916561699,0.03507972620282608,0.038972268860062276,0.007713635104810593,0.054010772400673646,-0.03971349270625923,-0.03976244532507805,-0.05912111407528681,-0.10339315397751966,0.013174061710986801,-0.10638765154575676,0.03402813836986151,-0.06213402000637931,-0.13302081512232972,-0.05049435557941088,0.09326344812001626,-0.04633288393201723,0.04807032665806235,-0.06334519000678207,0.15392065071015032,-0.2031848020881582,0.0021857921388748233,-0.16020263050174668,0.17596382243156877,-0.10029243230856222,0.03948822625883703,0.07335590146476918,-0.023437102829217533,0.05013017031377214,-0.03610221162320789,-0.08046092768183855,0.12278873972503698,0.06626039540730415,-0.23403298539899853,0.028287902619507865,-0.0032698078014246753,-0.005850826171685865,0.0016933679783313808,-0.14475466477023388,-0.17711646899070807,0.012349305265748917,0.0723563641343156,-0.0813764596004302,-0.11554560839133855,-0.03416027283149624,0.08150707433803611,0.034809788393604414,0.04730621785682769,0.13643117037915503,0.10792541995122212,0.010783841344873507,-0.017139362995028135,-0.025268569572059744,-0.2330565888853869,0.035692335711128134,-0.12134899240182155,0.04649787333829505,0.13195210692609563,0.04920150067941635,0.05561347121876879,0.06755234979247236,0.02275268574237255,-0.024815171278303745,-0.07275332494214935
Tm,-0.03491962774805028,0.04442304359057029,-0.046125700568476306,0.028225837722416477,0.045903570557577385,-0.06353027514474138,-0.09453140315483682,-0.0874099917716502,-0.07709029389017111,0.024271409332348896,-0.09694692935022227,0.05937951484689848,-0.0331584298169975,-0.07135743586074957,-0.012936868110867944,-0.06789194150352665,-0.037691974227005876,-0.06680977742488245,0.04972380912880579,0.11586155004239392,-0.2415462086740096,0.036948604286224235,0.0004766561477509813,0.16881197362283373,-0.10165296018320977,-0.028632601694979117,0.007019360835891241,0.011448706605963373,0.08857051260544736,-0.007822372700903194,-0.20732295950403834,0.17900283531448705,0.1186641959815795,-0.22620851747462722,-0.14557834237644945,0.0030978566224889956,-0.10688497924691782,-0.08709857041986736,-0.1436192804732378,-0.012190375766274446,0.07237513334296303,-0.0701998591009014,0.05690604453050276,-0.05279858125577355,-0.030123840709737625,0.059612600591684016,0.07033448886074006,0.09164074335493168,0.11832622418919869,0.12953433672651582,0.013532655891912139,-0.05704371680708205,0.030283257651723086,-0.03778860307359548,0.14968958249813258,-0.17079564779187673,-0.09897792319924126,0.15335706600386684,-0.011566383688741827,-0.01818953544192541,0.11654783452438293,0.037291911084350406,0.05333200337512475,-0.15435641615432324
Yb,0.038620815870318764,-0.037680733467425974,0.0004461012056801256,0.09832835258097002,-0.027968467926766015,-0.12681991635129178,0.05855943329148504,-0.021647606426256454,-0.1394254392441164,0.06622716519228596,-0.027666627722908066,0.07418033473111763,-0.03402688593771157,-0.1269813280919064,0.003831690764652454,-0.016141063924925737,0.026270259887499744,0.04121760424467337,0.014662958053848237,0.07425797634399592,-0.12812017267592077,0.04256160360039178,-0.04446786677248114,0.012052355947688083,-0.09473863746405443,-0.14561740117419722,0.019324255856042562,-0.0392913181403538,0.15004748376886268,0.12546558583711906,0.021937983473046867,0.06129635926929906,0.11787658102195686,-0.14487548489078958,0.018006796681118764,0.0010722178454008974,-0.039834567248414,-0.1488293352660791,-0.09741533092551305,-0.17431269111610262,0.09418967870249705,0.10162019060688865,-0.08660699416303583,-0.12926671698602155,0.07182210203882974,-0.022537907685708222,0.079390167346739,0.11944145219414504,-0.03400888836440873,-0.08277618674877778,0.12742965021785713,0.12038166831864149,-0.00627349771197131,-0.17548643021799257,0.05796377423630504,-0.06974145839859502,0.16189054778958098,0.1076785586993577,0.07305893792155509,-0.03921523221960371,0.07600751821596714,0.011107729875337483,-0.11824648943697388,-0.013891458723525322
Lu,-0.12346502966843305,0.03967501324642952,0.1167040877482839,0.10722974142417573,-0.05376487960940616,0.0014206861451575756,0.10421604098427249,-0.025661280624811433,0.046869006509277736,-0.023876148282880656,-0.11318797645918519,0.14094925334878078,0.08230594920207371,-0.09020008792345156,-0.09366181911154126,-0.07099490947182029,-0.05045097323247059,-0.09577609726060586,-0.0896208988958567,0.03464242883923835,-0.1637663907038327,0.02168375436488523,-0.14324112258623534,0.11824167938182789,0.13770304989363866,0.039573824603996985,-0.048457067143708815,-0.05583916567969308,0.05577134941243453,0.14189052043940156,-0.18340557294588394,0.00842171597128764,-0.09239065242178063,-0.023236973867279163,-0.08223897187554849,0.1378977932744724,-0.08417449647526565,-0.024244511765317462,0.11957219294671463,-0.004188260039835412,0.1714913966833658,-0.13986542977363037,0.06490676372134593,-0.09823054466415689,0.16141007671010416,-0.1411204108074308,-0.05510906636258574,-0.0487289133793351,0.03326992457811173,0.00030507217163770625,0.1557211220122475,-0.1454464746006075,0.05339005725485111,-0.10702123337217957,0.14595964888700727,0.008251980613774678,0.10493339124341143,0.024256823739672036,-0.09805192744963023,0.015149572845442008,0.03767684100355297,0.041542875661665604,0.0732693516643234,-0.12792021406187074
Hf,0.03359067329896061,0.1430257721816494,-0.1085027777310378,0.1374647147285385,0.06606994896106454,0.11766631804719052,-0.018484336227710927,-0.007512820638903264,-0.07969239536370552,-0.04597077907560384,0.15038168281248115,0.12545709798740926,-0.04807817823789701,-0.008730047364271647,0.04580333472400758,-0.11618963897694097,0.07428658126499635,0.00261769285403906,0.021022882632995853,0.15545070043478973,-0.146581784313509,0.07834049842798792,0.055822217122813406,0.1438853865748564,0.09979363395981823,0.07006157607757543,-0.060439350511623295,-0.06718757831404472,-0.12802167037106932,0.06853972157753173,-0.10689995145492326,0.05526118123559809,0.08255931068441871,0.0899194139542167,-0.17023830654748917,-0.024929044285419866,0.04962753425154843,-0.01990042370121237,0.12601508696715308,0.0052242131305185605,0.04691912749284447,-0.028750623066690725,-0.0003687667434852346,0.12622006561885202,-0.04039049840034778,0.014600254393818497,0.17785227582547022,-0.06280364614907344,0.09815069722650452,0.023068496441319166,0.15867921078526606,-0.0965329584011167,-0.019630208849587823,-0.09389240895228962,-0.024635334572359384,-0.1440013673551943,-0.021063150703241718,-0.008199822747042083,0.03179755568009319,0.04778634454641835,-0.2186179336338409,-0.006339812889050325,0.06800565492303669,-0.09126065196076287
Ta,-0.08724205863370284,0.08835267290725989,-0.013887861765578534,0.05082563588363996,0.17168649359429708,0.046848888785565417,0.14163156979958116,0.018784928989446538,-0.05864826292473709,0.05129119167900823,0.1805685241597779,0.11982433434297084,-0.09460554150472143,0.014836439721147576,-0.025797287558357945,-0.038210061065626744,-0.029895622438266854,-0.08904585053130748,0.06181051158870363,0.08102548028956227,0.020148825008260023,0.13826518848454408,-0.05802853660320977,0.13868802916063114,0.08810430696114681,0.13877843791390151,-0.08440052440045383,-0.058425710726090874,0.02346482284070289,0.08743963151502905,0.10252517777463763,0.05702619935054279,-0.05955907527301371,0.05951704152524342,0.04163664535773334,0.10461403694769214,0.0848474973035177,-0.08133262184275009,0.05851064413594723,0.01780859925641331,0.14409871940859514,0.06188843115312364,0.014764869567774085,0.17405851732011926,-0.09214858028008363,-0.04255919368626933,0.125596527789049,-0.0235162146637806,-0.02674112088394597,0.03624767198751546,0.05616353181470098,-0.08034937981584994,-0.033934581229288295,-0.11219137908883145,-0.033750187097419664,-0.13822097672466985,0.049679775598739574,0.031784901783179935,-0.09103929717253198,-0.04148158506262168,-0.057666824402981424,0.053341848464223,-0.05219088567280711,0.062131518226818394
W,-0.015484549531516612,0.03933364415766702,0.05786426658546863,-0.08236781363890434,0.022861915289881643,0.1635473259821859,0.09332300657131747,0.07217400594354034,0.1291419919155065,-0.1101475625616917,-0.030834851131272684,-0.04608108976802243,-0.11614310724406066,-0.07895202343038289,0.0162554567532196,-0.1204559180840722,-0.04260017947026761,-0.0557388522352951,-0.17857972775888808,-0.04033917309068313,-0.07452077331816911,-0.12964610882074612,-0.09619323690760431,-0.0017047423235494882,0.021213968389581124,0.10960354685891799,-0.09625255778797726,0.05580489724405189,0.026682668762375798,-0.009740637616087944,-0.11164963638791546,-0.11187474201626375,0.019627376719842507,-0.03919472968340481,-0.1189927043891914,0.012382375459471351,-0.10179937291190898,0.00858734906595463,0.09804279988030382,0.07280373465788545,0.021221256556561707,0.16176123398987485,-0.021639301936003174,0.09628569073298585,-0.07633283460241402,0.004756134434710539,-0.02124269636885552,0.08531466704579461,-0.025578985732042793,0.14499432488415498,0.035138928394015445,-0.0037628706749434373,-0.05775715818514976,0.056910274742849216,0.1131021573536407,-0.04495189194897447,-0.1579418482153803,0.009342199927947806,0.12705601972700664,-0.07476578283656966,-0.20478651006684398,0.06387807876667964,-0.0856913556928172,-0.05077344455064308
Re,-0.12639917503221607,-0.02799344046251335,0.08505669280242367,-0.04365824969610089,0.060099024819100025,0.019449952654832972,0.2042977406676113,-0.10591916007861914,0.09347578251572082,-0.06770734677186313,-0.06537782834846352,-0.08255687823400455,-0.07622163398865615,-0.07219918547182677,-0.0340453603585323,0.05474469252667278,-0.014386420340255179,-0.01417155814470019,-0.002610701778857162,0.05762051255412599,-0.18257806852740827,0.0319545389334157,0.017083988921475265,-0.14843212680326892,-0.04548382303689187,0.02083322095756549,-0.11684106371168974,-0.0655312586373065,-0.056307124358515065,0.010550545879449294,0.09553861035029634,-0.04928230708774816,0.014373712989255922,0.14332597445241313,0.01882632775748903,0.05291508429964766,-0.17325248999741802,-0.03281071942651989,0.04075432940277809,0.0006781436315850049,-0.03863731964054897,-0.008372212898697303,0.07372750506582681,0.018766688392110722,-0.013478012915687074,-0.12862871770676576,0.13923487897320827,0.02813387059203796,-0.07807603293267228,0.1495219367590068,0.1080136231285544,0.048578626821381775,0.08209862087078393,0.03606962231775187,0.09140547096995326,-0.0703716333636561,-0.03747001284433491,-0.10091825857110101,-0.010800547689143025,-0.015330884389809629,-0.2769635016411084,0.06365636307367062,-0.018082031719033016,0.016451193320324128
Os,0.044220362516306455,0.07553361145381544,-0.03860312337665635,0.07680165173960185,0.009843790344440665,0.037882707035561194,0.06198757742982497,0.0832940786602031,-0.07719612763778717,-0.00844993223857017,0.050057352947301306,0.0056442581528351,0.021013434878786957,0.1772772012322399,-0.007541360226588592,0.027967078979152377,-0.0785007117264203,-0.07018540114247551,0.11093461053445132,-0.10691060182162006,-0.09178373637180919,-0.11673565708752384,-0.031746845307848104,-0.24621973702778394,0.16224732758244775,0.1474051408403179,-0.04262453817844107,-0.023808742771884134,0.12379599615580428,-0.12030445685129325,0.0096573574768817,0.011936655213473039,-0.036696560195662635,0.16679890466443623,-0.00958696192659772,0.006961476292108941,0.06382265675532893,0.15911634987467407,0.0957971490365516,0.037122195883359986,0.05231307714113779,-0.003424559308274921,-0.004359396002481994,-0.1365395684197266,-0.05270899611846392,0.00896492500804253,0.13509558759437001,-0.06975119843494988,-0.002080470705667181,-0.13963628322408386,-0.06912115908392677,-0.0008771491568340348,0.023005823221170073,0.028488221508162846,0.01990014179842976,0.01028815280647425,-0.048107804703346885,-0.07209162976141568,-0.034732826397311456,-0.06526181960715996,0.005381469095541948,0.07026776280087463,-0.004742823904975913,0.058005347745863446
Ir,-0.021578269708431075,0.06533586312983587,-0.08559373678353026,0.06116190040227872,-0.10559710318221305,-0.11409672207363211,0.027338610389391834,0.07762038782175647,-0.07073191646828655,0.017385342862678257,0.055977021833593356,-0.10240098359331026,-0.06982947903669594,0.14341359793960673,-0.05517689834200708,0.06755460238201626,0.10996796648491146,-0.08582842685405805,0.08165512309757762,-0.07763001838876826,-0.08433424421659888,-0.17642885379153916,0.06051247509506239,-0.10031332271676517,0.08188979449677762,0.14729294406127766,-0.06505941315129413,-0.0785895226054063,-0.007731373227581769,-0.05680868100953577,-0.003127688111946632,0.0061411769336616,0.0025123363437637805,0.11194450833126156,-0.022458812701125687,0.09767041422021845,0.03549098978678088,0.031145582783212687,-0.0662991071700433,0.15326546508113692,-0.0041754928023270375,0.1279142126264462,0.008858521926748358,-0.03992146118063576,-0.02186420517785109,0.058074222396405806,-0.010558193696072955,-0.13176206033420196,-0.06221277786616165,-0.09971168011841786,-0.11853853789499749,0.022054282932914362,-0.016582845051747036,0.01692608029970659,-0.09250628213776178,0.08085170169726337,-0.06385005602244118,-0.04577982565189013,0.001229750938511912,-0.06896926883311788,-0.08114484171156047,0.03909732525896982,-0.13566804479567562,0.01412091611820592
Pt,0.03310982811866026,0.08569176975833546,0.012736162326259794,0.0640852737687991,-0.035638701200643684,-0.062298020100802876,0.12112719525818566,0.0538774994887092,0.04782337542766252,-0.07789791333589265,0.013518545566894602,0.006668401856054814,0.058676361600515675,0.12384765538568873,-0.010219459776897978,0.10029609383641906,-0.03687216248234277,-0.045780569763583,0.031085921836323825,0.04021227496698139,0.05457116755979768,-0.1424292594312602,0.05171915459518084,-0.04997976331570131,0.03836174989831065,0.17269709492127447,0.01937759911156422,-0.048558882293281466,0.05443395380122589,-0.09343000023333442,0.04265542237761685,0.008513498997463129,-0.12270847931913918,0.12174616745625262,0.042348768259109416,0.1074717293130638,-0.03606318026966327,0.11170818135487948,0.09630870517166305,-0.025375570804008405,-0.012529776511957092,0.09257818136552547,0.007053541624998742,-0.0680067665122618,0.10789222778994938,-0.059470563702354796,0.007663270035855187,-0.01857342937689216,-0.04169049697658611,-0.08741500169555486,-0.061516082798331026,0.07891465444701412,0.06010372128427584,0.12100398608158915,-0.11444756819880388,0.12016410028314267,-0.039475682678900996,0.0943442879128779,-0.10643949056651449,-0.0484618034097767,-0.05385332498946529,0.05216131761423731,-0.16196682002734816,0.1420174558883913
Au,-0.04255287544585343,-0.05232530142478543,-0.07668139171910068,-0.02422280852466498,-0.10633409512607028,0.03323940683649003,0.14171131365377151,-0.0657579791121231,-0.06047858618672312,0.0083323575786597,0.11133411219781732,0.0834519548700197,-0.07597803081267711,0.037194194913053674,0.101720493661431,0.11823253774394127,-0.07037381137849025,0.04499564665556115,0.01057262804314299,-0.0549783066631814,0.017980681961663626,-0.19020704304509345,0.1257315568441209,-0.06586098901313328,0.12336382257470617,0.02878882937307319,-0.10569217977247211,-0.04140441362115409,0.02005727901995515,0.03365986390440967,0.030711233098473737,-0.026771379205646217,-0.0423662040767169,0.024152847059436832,0.12581008316279652,0.011380234277318792,0.03468966407200528,0.13383262701300902,-0.06937204666034309,0.03045655569860135,0.014354327527769611,-0.06295047271058045,0.032420814454204985,-0.06984129204955465,0.008016241860366773,0.08120100440427915,0.044267902777723585,-0.08477202910824536,-0.15799667682112034,-0.1023232293091807,-0.07143095408775421,0.004467866136903154,-0.049599581438923936,0.1695988082397088,-0.11693622736746924,0.1134597322132732,0.025141539484626323,0.043286155221586575,0.010485654381964502,-0.059013789811084044,0.060915624591324526,0.00026194393302017094,-0.054301323410518305,0.13822595956460934
Hg,-0.11272136142895464,0.09599921936519819,-0.04256489723025241,0.05262766085752754,-0.05949203467478223,-0.06123425660345239,-0.004193805729250156,0.11610086857794975,0.10572797612682963,-0.06762249685865733,-0.03665177794198068,-0.06983004970507911,-0.05334648452503402,-0.061060428728922755,-0.03801111298589152,-0.08297760642549883,0.042963896148218404,0.10267736953934695,0.12382900640165947,0.03309415819466399,0.04202233549742839,-0.08931994442614083,0.035171785697593154,-0.006350130501198477,0.13521465702570276,0.0032489528643623398,0.0039655690713495855,0.09349035769841534,0.07472346161207576,0.038677151818336176,0.12546544613799993,-0.12127387451530429,0.009103242443737522,0.16056364577988652,-0.022111425829887343,-0.06589057512911319,-0.03800507549027034,0.03504051117565576,0.039190370001420054,-0.013604069920270816,0.06370352481457629,0.009217392692425526,-0.05011513755578028,-0.038345921301268696,-0.02034297645476069,-0.09197336676171576,-0.01384464025472124,-0.021749685261402533,0.056071690504404734,0.09555654236940977,-0.12022588320785625,-0.09098439315057535,-0.10080851532845944,0.06398189721124682,-0.08678990130029478,-0.05075755472264603,-0.03500716293469683,0.13618941165925405,0.09069437918547332,0.06507706280410806,-0.05830147873362872,-0.07100171450929642,-0.12271478932810875,0.19186074122964888
Tl,0.061176895753543986,-0.02808843469881446,-0.0328939573271327,-0.03257363146183115,-0.05284529759044888,-0.013883809434940992,0.04958620705028218,0.05646093196934747,0.03701765445296354,-0.1306112664239351,-0.08828974484117948,-0.0914168422302919,-0.028959182702658848,-0.11625613050048914,2.1331915911398875e-05,-0.08680322712586794,0.14175778341411888,0.09573587210200354,0.14192126846120035,-0.10429639869311592,0.17043932600326292,0.041105905645715875,0.06292273136761833,0.08555924393186103,0.10377115297647269,-0.19265125438563568,-0.07863730715487567,-0.07453115974236313,0.05871436741219234,-0.04989300593343944,-0.0056843235708225436,0.14583352401797894,-0.09806631198514111,0.07032367194108015,0.11815260489058116,-0.05393242213737023,-0.038016744431585175,0.10387699548791912,0.022289859664565672,0.10543734117514723,0.0061117721950497625,-0.07851606208513874,-0.04209189277820111,-0.029523397376260994,-0.01809710738454642,0.0019624866839189274,-0.06393100356416534,0.05303490469432033,-0.11187832821565945,0.10449548104409982,-0.029852977496411276,0.03267903023164898,0.04793333552793712,-0.08321321167179276,-0.03931561686996234,0.13091588082191036,0.0904505027028084,0.035928619881406484,0.035208722360289615,-0.012897113937778672,0.03286231441716801,0.03768007372569893,0.0493855699756577,0.06319370816006548
Pb,-0.010884476095217348,0.03298508745905801,-0.03385918088443963,-0.060883109529761094,-0.1208657364201206,-0.02101845353679974,0.03950883664080661,0.06845858995623431,0.03285627132743066,-0.039767599082246544,0.021676375761410988,0.0687433413250335,0.00814685120954984,-0.04787197741084426,0.026346803154155166,0.0009480081025524732,-0.025440651162581523,-0.0022701428503522593,0.12779604151842233,-0.006302282255198635,0.061397278864709325,0.11108947385931536,-0.07580162374531765,0.01914137279479289,0.05536369172120782,-0.12775658631146788,-0.05901997544637601,-0.022722163874191615,-0.16402330616993832,-0.040496164741422404,0.24936796390265556,0.046066246031092724,-0.05006244126915308,-0.06974494652770664,0.017041903329293326,-0.018347184267483108,0.09329738929832905,0.2104848296151142,0.018512887454060396,0.005449696490993449,0.03225610678186814,0.034944956536829545,0.02299072532028501,-0.004954486870632828,-0.029717596061863853,0.10582147146828577,-0.10823799722297542,0.0653572740316696,-0.16539173569836055,0.05519772094020337,-0.01571637538513041,-0.0218957137183882,-0.08937800035020016,0.06536602757582616,-0.10921781504427791,0.06694213057870918,-0.03409724570097818,-0.09368220508101008,0.01611076731737118,0.03207069418671147,-0.01701769302411629,0.008850096267920748,0.036130686685228244,0.09721911703962721
Bi,0.08813456473544595,0.12517427821171423,0.02452094874214428,0.0032043183920164925,-0.03782248054684682,0.03306732817882431,0.12504837058996665,0.07043374847838595,-0.003553747985429251,-0.06191894260702699,0.08231061610823182,-0.06660262046605461,0.07125893312505516,0.04728658335485914,0.027493647671802804,-0.13161577948172296,-0.014383125463709399,0.026040872236583964,0.08834322111484623,-0.0011600901737378795,0.1420338380718272,0.08778656323229818,0.03257278913279404,0.08132655804095637,0.17463783134696587,-0.15986207679507553,0.035080257238993294,-0.06983229805285117,-0.07706874093831892,-0.08850676944774871,0.19432840720186415,-0.01974889673599709,0.014190746945125158,0.04373491830656682,0.08436373361313883,-0.007474301775451409,0.10667050275080826,0.05879842371651895,0.024573087824648385,0.13490150580973656,-0.0652659231683423,0.0291445752600022,0.06268719274877749,-0.08141161339943147,-0.03516350269426954,0.11976903475431643,-0.09462208051768291,0.03112720087074595,-0.05173390933544421,0.020289539092377032,0.022875271608487784,0.10050441342752314,-0.03636280628925789,0.05465437874512911,-0.04845986763248092,-0.005450490386396874,0.07916264277581367,0.06181705671843694,-0.029305775150199078,0.01330938233847712,0.05051855392342918,0.07482361207961806,0.03336077851651057,0.09742179748999591
Po,0.0,0.0,0.0,0.0,0.0,0.0,0.0,0.0,0.0,0.0,0.0,0.0,0.0,0.0,0.0,0.0,0.0,0.0,0.0,0.0,0.0,0.0,0.0,0.0,0.0,0.0,0.0,0.0,0.0,0.0,0.0,0.0,0.0,0.0,0.0,0.0,0.0,0.0,0.0,0.0,0.0,0.0,0.0,0.0,0.0,0.0,0.0,0.0,0.0,0.0,0.0,0.0,0.0,0.0,0.0,0.0,0.0,0.0,0.0,0.0,0.0,0.0,0.0,0.0
At,0.0,0.0,0.0,0.0,0.0,0.0,0.0,0.0,0.0,0.0,0.0,0.0,0.0,0.0,0.0,0.0,0.0,0.0,0.0,0.0,0.0,0.0,0.0,0.0,0.0,0.0,0.0,0.0,0.0,0.0,0.0,0.0,0.0,0.0,0.0,0.0,0.0,0.0,0.0,0.0,0.0,0.0,0.0,0.0,0.0,0.0,0.0,0.0,0.0,0.0,0.0,0.0,0.0,0.0,0.0,0.0,0.0,0.0,0.0,0.0,0.0,0.0,0.0,0.0
Rn,0.0,0.0,0.0,0.0,0.0,0.0,0.0,0.0,0.0,0.0,0.0,0.0,0.0,0.0,0.0,0.0,0.0,0.0,0.0,0.0,0.0,0.0,0.0,0.0,0.0,0.0,0.0,0.0,0.0,0.0,0.0,0.0,0.0,0.0,0.0,0.0,0.0,0.0,0.0,0.0,0.0,0.0,0.0,0.0,0.0,0.0,0.0,0.0,0.0,0.0,0.0,0.0,0.0,0.0,0.0,0.0,0.0,0.0,0.0,0.0,0.0,0.0,0.0,0.0
Fr,0.0,0.0,0.0,0.0,0.0,0.0,0.0,0.0,0.0,0.0,0.0,0.0,0.0,0.0,0.0,0.0,0.0,0.0,0.0,0.0,0.0,0.0,0.0,0.0,0.0,0.0,0.0,0.0,0.0,0.0,0.0,0.0,0.0,0.0,0.0,0.0,0.0,0.0,0.0,0.0,0.0,0.0,0.0,0.0,0.0,0.0,0.0,0.0,0.0,0.0,0.0,0.0,0.0,0.0,0.0,0.0,0.0,0.0,0.0,0.0,0.0,0.0,0.0,0.0
Ra,0.0,0.0,0.0,0.0,0.0,0.0,0.0,0.0,0.0,0.0,0.0,0.0,0.0,0.0,0.0,0.0,0.0,0.0,0.0,0.0,0.0,0.0,0.0,0.0,0.0,0.0,0.0,0.0,0.0,0.0,0.0,0.0,0.0,0.0,0.0,0.0,0.0,0.0,0.0,0.0,0.0,0.0,0.0,0.0,0.0,0.0,0.0,0.0,0.0,0.0,0.0,0.0,0.0,0.0,0.0,0.0,0.0,0.0,0.0,0.0,0.0,0.0,0.0,0.0
Ac,0.0,0.0,0.0,0.0,0.0,0.0,0.0,0.0,0.0,0.0,0.0,0.0,0.0,0.0,0.0,0.0,0.0,0.0,0.0,0.0,0.0,0.0,0.0,0.0,0.0,0.0,0.0,0.0,0.0,0.0,0.0,0.0,0.0,0.0,0.0,0.0,0.0,0.0,0.0,0.0,0.0,0.0,0.0,0.0,0.0,0.0,0.0,0.0,0.0,0.0,0.0,0.0,0.0,0.0,0.0,0.0,0.0,0.0,0.0,0.0,0.0,0.0,0.0,0.0
Th,0.11910402386407411,0.004324780363865889,-0.04456664212267727,-0.03420518523022249,0.008510297528849787,-9.13941000902345e-05,-0.09698204901649851,-0.10692282036966157,0.016737668172856015,0.08386587700089511,-0.1175332607476275,0.05833021213213215,0.12105092660249259,-0.10431229938063107,-0.037863549700042874,0.14428461156407396,-0.008644405886512685,0.030689979510188176,0.017670718424967095,0.029984606548590295,-0.006412138322117328,-0.019383423714475545,-0.11457536464309187,0.19583673805924767,-0.14366161265136906,0.014679449353916725,0.06632784997302825,0.13831413560370626,0.11244147802491425,0.0009368180328659187,-0.0031366084062738804,0.168033662721918,0.16155894807137264,-0.16106078865473783,0.05542596660921002,0.08337109716213316,0.0452530841950838,-0.024328841533333236,-0.1422258279082164,-0.09358531672654288,0.015998048600807998,-0.023801934333240217,-0.0310539620272706,-0.16000080609673376,0.048424750784390624,0.0689671855045801,0.05287666602792226,0.13444202415549855,0.14332689396917675,0.07284620949271449,-0.11412566595499637,0.02452596847279066,0.034530761472129454,-0.16392663868070997,0.0018630816773724153,-0.0590270914543792,0.10947361036518796,0.09682652028704854,0.08183613231470242,0.03345803332067721,-0.03920250919123939,0.08891627338949397,0.0010597977138163649,-0.04506990419073837
Pa,0.0,0.0,0.0,0.0,0.0,0.0,0.0,0.0,0.0,0.0,0.0,0.0,0.0,0.0,0.0,0.0,0.0,0.0,0.0,0.0,0.0,0.0,0.0,0.0,0.0,0.0,0.0,0.0,0.0,0.0,0.0,0.0,0.0,0.0,0.0,0.0,0.0,0.0,0.0,0.0,0.0,0.0,0.0,0.0,0.0,0.0,0.0,0.0,0.0,0.0,0.0,0.0,0.0,0.0,0.0,0.0,0.0,0.0,0.0,0.0,0.0,0.0,0.0,0.0
U,0.04626552216338785,0.04556781514153257,0.07498887768838629,0.13507731471795184,0.0021768047397901554,0.03314036825570309,-0.09649518646598541,-0.08874238395541562,-0.04386529038590216,0.1121912765029457,-0.1586990220232532,-0.032619611730448514,0.11529826887254448,-0.19497963392433212,-0.09420658688516813,0.058279747138204434,0.10979801280703656,0.04497807118599383,0.04168602287240878,-0.04359943936358514,-0.012919515801105307,0.016667428958389106,-0.08003837947396714,0.14131524491609265,-0.17460001742166822,-0.08845336630555262,0.08003518034179104,-0.05111758491242927,-0.014882809836559704,0.009377849930356955,-0.1385201352077271,0.12082056708457932,0.12597984743332108,-0.08765116094099701,-0.04032212737468354,0.0057255206067296305,-0.07294326835720567,-0.07252268297137252,-0.15708603349026234,-0.07967525549002778,0.08317127357671586,0.12115308546779012,0.01174191334432657,-0.04205529002934605,-0.023212008504760313,0.0815194083984263,0.1628571102109998,0.22497076500561944,-0.01521643093139234,0.10932793334782298,0.03341339765619422,-0.025527056558475092,0.1144717250361285,-0.11788055121041832,-0.04080982848374127,-0.016134608161656246,-0.020935695441984738,0.1507755491862587,0.0657052624515883,-0.004721828926290151,0.02702996769201502,-0.026572491453396314,0.13135017969614377,-0.01371055635692285
Np,0.12277078957973366,0.02132602016503256,0.02674884209875823,-0.00846369281405899,-0.02838057040817438,-0.04869976569853357,-0.02575085928854176,-0.0458009580138234,0.03937041582581191,0.11973407711883276,-0.10525767744529643,0.05296375778846976,0.10132104952246633,-0.16294681682646778,-0.07535546053656798,0.16033120667551612,0.02860292779723903,0.037043103845309316,0.04103740204947915,0.05453574782844359,-0.05523968333305032,0.012772870556713986,-0.07687232310574602,0.1874060069968549,-0.10546457567935216,0.03674750883447112,0.046679748171543196,0.12532188149388496,0.13086672190739923,0.004701474065898348,-0.0011742641872620435,0.1229164245193441,0.152979847157959,-0.1261247746681794,0.03632959895158657,0.057980300253589113,0.07105002493135383,-0.05550948599418246,-0.19521578158247485,-0.13579686671863325,-0.04007947396241133,0.007056704118651723,0.023104644370154536,-0.13982104724209438,-0.049387256977681274,0.06111804712163925,0.08918637727222728,0.10705069728466032,0.16002756957873934,-0.017509620760896166,-0.1081409481435352,0.0510988079662852,0.014104279778057411,-0.1098162761103836,0.04270744247789055,-0.0713416248405503,0.10839987531230409,0.0967188150264591,0.13221524989090166,0.03258003153803743,-0.017590222032135523,0.06878438876758008,0.08337839712243451,-0.08073269979067875
Pu,0.12830166004474106,-0.05123258546436165,-0.03773803682275544,0.09723767704765945,0.00817098915271215,-0.06796315141086078,-0.13900076255241817,-0.051795332456784825,-0.061693027952428564,0.10650432121740946,-0.08672074379277583,0.08076012091878228,0.019293985706694498,-0.12579944519739922,-0.09347730066338665,0.1505483465018406,0.037611897774717525,-0.027008091721965638,-0.02407992270595357,-0.0628697465954794,-0.1255042561149384,0.012080746565038693,-0.05812082960567383,0.21189467077240662,-0.1915255745577194,0.04689787508818749,0.052407843423448945,0.006379507012792652,0.1338995929843977,0.06829056361272529,-0.03590347984610028,0.16111897847832465,0.1952275247946708,-0.09727581455827619,-0.06209884019388994,-0.04786917530476259,0.004414652268857228,-0.006495694095421759,-0.07732609659735262,-0.1580056460791415,0.06794206574987414,0.02369990683421733,0.04553889024515301,-0.191343494026836,0.08288618523493838,0.029255229065941562,0.05670546196126598,0.14058989829409166,0.15948891955152206,0.0026673438753476333,0.04761371730339713,0.04939756117682992,-0.044372413854354496,-0.16202804896395698,0.0421393951913871,-0.043592386369912,0.08079939037894167,0.05025730769070687,0.11589037898649403,0.09431460823430032,0.03300323770479125,0.08823500454715115,0.058556296882363634,-0.11034289702719367
Am,0.0,0.0,0.0,0.0,0.0,0.0,0.0,0.0,0.0,0.0,0.0,0.0,0.0,0.0,0.0,0.0,0.0,0.0,0.0,0.0,0.0,0.0,0.0,0.0,0.0,0.0,0.0,0.0,0.0,0.0,0.0,0.0,0.0,0.0,0.0,0.0,0.0,0.0,0.0,0.0,0.0,0.0,0.0,0.0,0.0,0.0,0.0,0.0,0.0,0.0,0.0,0.0,0.0,0.0,0.0,0.0,0.0,0.0,0.0,0.0,0.0,0.0,0.0,0.0
Cm,0.0,0.0,0.0,0.0,0.0,0.0,0.0,0.0,0.0,0.0,0.0,0.0,0.0,0.0,0.0,0.0,0.0,0.0,0.0,0.0,0.0,0.0,0.0,0.0,0.0,0.0,0.0,0.0,0.0,0.0,0.0,0.0,0.0,0.0,0.0,0.0,0.0,0.0,0.0,0.0,0.0,0.0,0.0,0.0,0.0,0.0,0.0,0.0,0.0,0.0,0.0,0.0,0.0,0.0,0.0,0.0,0.0,0.0,0.0,0.0,0.0,0.0,0.0,0.0
Bk,0.0,0.0,0.0,0.0,0.0,0.0,0.0,0.0,0.0,0.0,0.0,0.0,0.0,0.0,0.0,0.0,0.0,0.0,0.0,0.0,0.0,0.0,0.0,0.0,0.0,0.0,0.0,0.0,0.0,0.0,0.0,0.0,0.0,0.0,0.0,0.0,0.0,0.0,0.0,0.0,0.0,0.0,0.0,0.0,0.0,0.0,0.0,0.0,0.0,0.0,0.0,0.0,0.0,0.0,0.0,0.0,0.0,0.0,0.0,0.0,0.0,0.0,0.0,0.0
Cf,0.0,0.0,0.0,0.0,0.0,0.0,0.0,0.0,0.0,0.0,0.0,0.0,0.0,0.0,0.0,0.0,0.0,0.0,0.0,0.0,0.0,0.0,0.0,0.0,0.0,0.0,0.0,0.0,0.0,0.0,0.0,0.0,0.0,0.0,0.0,0.0,0.0,0.0,0.0,0.0,0.0,0.0,0.0,0.0,0.0,0.0,0.0,0.0,0.0,0.0,0.0,0.0,0.0,0.0,0.0,0.0,0.0,0.0,0.0,0.0,0.0,0.0,0.0,0.0
Es,0.0,0.0,0.0,0.0,0.0,0.0,0.0,0.0,0.0,0.0,0.0,0.0,0.0,0.0,0.0,0.0,0.0,0.0,0.0,0.0,0.0,0.0,0.0,0.0,0.0,0.0,0.0,0.0,0.0,0.0,0.0,0.0,0.0,0.0,0.0,0.0,0.0,0.0,0.0,0.0,0.0,0.0,0.0,0.0,0.0,0.0,0.0,0.0,0.0,0.0,0.0,0.0,0.0,0.0,0.0,0.0,0.0,0.0,0.0,0.0,0.0,0.0,0.0,0.0
Fm,0.0,0.0,0.0,0.0,0.0,0.0,0.0,0.0,0.0,0.0,0.0,0.0,0.0,0.0,0.0,0.0,0.0,0.0,0.0,0.0,0.0,0.0,0.0,0.0,0.0,0.0,0.0,0.0,0.0,0.0,0.0,0.0,0.0,0.0,0.0,0.0,0.0,0.0,0.0,0.0,0.0,0.0,0.0,0.0,0.0,0.0,0.0,0.0,0.0,0.0,0.0,0.0,0.0,0.0,0.0,0.0,0.0,0.0,0.0,0.0,0.0,0.0,0.0,0.0
Md,0.0,0.0,0.0,0.0,0.0,0.0,0.0,0.0,0.0,0.0,0.0,0.0,0.0,0.0,0.0,0.0,0.0,0.0,0.0,0.0,0.0,0.0,0.0,0.0,0.0,0.0,0.0,0.0,0.0,0.0,0.0,0.0,0.0,0.0,0.0,0.0,0.0,0.0,0.0,0.0,0.0,0.0,0.0,0.0,0.0,0.0,0.0,0.0,0.0,0.0,0.0,0.0,0.0,0.0,0.0,0.0,0.0,0.0,0.0,0.0,0.0,0.0,0.0,0.0
No,0.0,0.0,0.0,0.0,0.0,0.0,0.0,0.0,0.0,0.0,0.0,0.0,0.0,0.0,0.0,0.0,0.0,0.0,0.0,0.0,0.0,0.0,0.0,0.0,0.0,0.0,0.0,0.0,0.0,0.0,0.0,0.0,0.0,0.0,0.0,0.0,0.0,0.0,0.0,0.0,0.0,0.0,0.0,0.0,0.0,0.0,0.0,0.0,0.0,0.0,0.0,0.0,0.0,0.0,0.0,0.0,0.0,0.0,0.0,0.0,0.0,0.0,0.0,0.0
Lr,0.0,0.0,0.0,0.0,0.0,0.0,0.0,0.0,0.0,0.0,0.0,0.0,0.0,0.0,0.0,0.0,0.0,0.0,0.0,0.0,0.0,0.0,0.0,0.0,0.0,0.0,0.0,0.0,0.0,0.0,0.0,0.0,0.0,0.0,0.0,0.0,0.0,0.0,0.0,0.0,0.0,0.0,0.0,0.0,0.0,0.0,0.0,0.0,0.0,0.0,0.0,0.0,0.0,0.0,0.0,0.0,0.0,0.0,0.0,0.0,0.0,0.0,0.0,0.0
