epoch,train loss,val loss,swa
0.0,0.4677013916576781,0.4677013916576781,n
3.0,0.4029589013718977,0.40295889955468295,n
7.0,0.39511105309172373,0.3951110567261533,n
