epoch,train loss,val loss,swa
0.0,0.4713551145864696,0.4713551164036844,n
3.0,0.3991508280358663,0.39915082676381597,n
7.0,0.3933016805023682,0.39330167923031784,n
