epoch,train loss,val loss,swa
0.0,0.4674032561299277,0.46740325685681366,n
3.0,0.4024316659424363,0.4024316690317014,n
7.0,0.3944542942250647,0.39445429313473584,n
