epoch,train loss,val loss,swa
0.0,0.4523808728994393,0.45238086999189564,n
3.0,0.3918482848420376,0.3918482844785946,n
7.0,0.391358799323803,0.3913587989603601,n
