split,MAE,MSE,RMSE,R2
train,0.16363268639102127,0.17165315894903413,0.41431046203183686,0.6917381227251953
val,0.41061879446109134,0.518084385077385,0.7197807896001288,-0.17193950325889373
test,0.4640248654824164,0.6516181272436339,0.807228670974733,-0.14753327957726015
train,0.16363268639102127,0.17165315894903413,0.41431046203183686,0.6917381227251953
val,0.41061879446109134,0.518084385077385,0.7197807896001288,-0.17193950325889373
test,0.4640248654824164,0.6516181272436339,0.807228670974733,-0.14753327957726015
train,0.16363268639102127,0.17165315894903413,0.41431046203183686,0.6917381227251953
val,0.41061879446109134,0.518084385077385,0.7197807896001288,-0.17193950325889373
test,0.4640248654824164,0.6516181272436339,0.807228670974733,-0.14753327957726015
