split,MAE,MSE,RMSE,R2
train,0.3910318004362511,0.6340657003599567,0.7962824249975361,-0.13868153843039965
test,0.47138180594063467,0.7297181310770792,0.8542354072953656,-0.28507143234949117
