split,MAE,MSE,RMSE,R2
train,0.39288787336060493,0.6415303431661321,0.800955893396217,-0.152086854235282
test,0.4761020024824474,0.7363766090533181,0.8581238891053659,-0.2967973570124336
